"row_uid","item_id","condition","question","gold","context_shown","model_answer","human_label","human_grounded","notes"
"acf1ba29cb","D3-08","A","How do Atlantic cod fare in relation to the artificial reefs created by offshore wind farms?","CLAIM: Atlantic cod are strongly attracted to the artificial reefs created by offshore wind farms, showing high site fidelity and residency and sheltering in them.

GOLD ANSWER: Strong attraction, with high site fidelity and residency; cod spent much of their time sheltering in the reefs.","no documents","Research suggests that offshore wind farms can create artificial reefs that may benefit Atlantic cod. The structures can provide habitat and shelter for cod, potentially increasing local abundance and diversity. However, the impact can vary depending on factors such as turbine design, location, and environmental conditions. More studies are needed to fully understand the effects of offshore wind farms on Atlantic cod populations.","abstention","",""
"489a7ecaf7","D3-03","A","In the ecosystem model's reef scenario after offshore wind farm construction, how did the modelled activity of top predators such as Atlantic cod change?","CLAIM: In the ecosystem model's reef scenario after offshore wind farm construction, the modelled activity of top predators such as Atlantic cod increased.

GOLD ANSWER: It increased; top predators including Atlantic cod, whiting, pouting, sea bream and flatfish showed increased activity under the reef scenario.","no documents","I'm not aware of the specific details of the ecosystem model's reef scenario you're referring to. Without more information about the model and its findings, I couldn't say how the modelled activity of top predators like Atlantic cod changed after offshore wind farm construction. If you have more context or details about the study, I'd be happy to try and help further.","abstention","",""
"7ef5d9771d","D3-02","A","How does a blue mussel's position on an offshore wind turbine foundation affect its biomass, and why?","CLAIM: Blue mussels higher up on offshore wind turbine pillars reach about 7 to 18 times higher biomass than those on the scour protection, because of an enhanced advective food supply higher in the water column.

GOLD ANSWER: Mussels higher up on the turbine pillars reach far greater biomass, about 7 to 18 times higher than those on the scour protection, because of an enhanced advective food supply higher in the water column.","no documents","Research has shown that blue mussels (Mytilus edulis) tend to accumulate on the lower sections of offshore wind turbine foundations, particularly on the monopile or the transition piece. 

The position of blue mussels on the foundation affects their biomass due to differences in environmental conditions such as:

1. Water flow: Lower sections of the foundation experience reduced water flow, which can lead to increased mussel growth and biomass accumulation.
2. Sedimentation: Mussels on the lower sections tend to accumulate more sediment, which can provide additional nutrients and habitat for the mussels, promoting growth.
3. Light exposure: Mussels on the lower sections may experience reduced light exposure, which can lead to increased growth rates as they rely more on nutrient uptake from the water rather than photosynthesis.

These factors contribute to the observed accumulation of blue mussels on the lower sections of offshore wind turbine foundations, resulting in higher biomass in these areas.","parametric_error","",""
"be39fa8cb8","D3-05","A","How did cod catch rates around monopiles with rock protection compare with those around monopiles with sandbag protection or jacket foundations?","CLAIM: Cod catch rates were significantly higher around monopiles with rock protection than around monopiles with sandbag protection or jacket foundations.

GOLD ANSWER: Significantly higher around monopiles with rock protection than around sandbag-protected monopiles or jacket foundations.","no documents","I couldn't find any specific studies directly comparing cod catch rates around monopiles with rock protection to those around monopiles with sandbag protection or jacket foundations. However, I can provide some general information on the topic.

Studies have shown that the type of foundation used in offshore wind farms can affect the local benthic environment and potentially influence fish behavior and catch rates. For example:

- A study on the Horns Rev 1 offshore wind farm in Denmark found that cod catch rates were lower near monopiles with rock protection compared to areas without any structures.
- Another study on the North Sea found that cod catch rates were higher near jacket foundations compared to monopiles with sandbag protection.

It's essential to note that these findings may not be directly comparable due to differences in study design, location, and environmental conditions. More research is needed to fully understand the effects of different foundation types on cod catch rates.

If you're looking for specific information on a particular study or location, I recommend searching for peer-reviewed articles or consulting with experts in the field.","abstention","",""
"fc66350aac","D3-04","C","In the sandy habitat of the southern North Sea, how did the hard substrate of offshore wind farm monopiles affect fish and crab species?","CLAIM: In the sandy habitat of the southern North Sea, the hard substrate of offshore wind farm monopiles attracted fish and crab species and altered fish behaviour, functioning as an artificial reef.

GOLD ANSWER: It attracted fish and crab species and altered fish behaviour; the monopiles function as an artificial reef, and two species never previously caught in the area were found near them.","[1] Since very little qualitative let alone quantitative information are available on the construction and especially the decommissioning processes, we have to simplify the complexity of the involved processes. We do not distinguish between the different sedimentdisturbing activities (such as disposal of spoil, explosive, drilling, the legs of jack-up barges and anchorage of construction vessels) during construction and decommissioning, as their impacts are likely to be similar (Hiscock et al., 2002;OSPAR Commission, 2008). In addition, we only use the areas affected during drilling of foundation holes and cable laying. For other activities, the extent to which they affect the sediment is even less known. Spielmann et al. (2021) described that the foundation structure will be cut off 1 m below the seabed during decommissioning. Therefore, we only include the first meter of sediment in our calculations

[2] . This study would have required accurate information on the type of sediment and grain size at the base of each turbine, therefore, at a very small scale. However, the type of sediment is expected to impact the wakes as different grain sizes and cohesiveness of the sediment will lead to different resuspension regimes (Baeye et al., 2011). Another factor not considered was biofouling, due to the so-called ""reef effect"" whereby benthic organisms colonise the surfaces of the foundation, often reaching very high densities. Colonisation on the foundation increases its roughness, especially with blue mussels which can sometimes accumulate at up to 1.4 tons of dry biomass per structure (Ameryoun et al., 2019;Maar et al., 2009). This mussel aggregation was estimated to add 50 cm to jacket pin legs constructed 4 years before, hence increasing the diameter of the foundation (Hutchison et al., 2020)

[3] The creation of sediment plumes during OWF construction is a key issue raised within Environmental Impact Assessments and subsequent statutory monitoring. Once in place, the obstruction created by turbine foundations will continue to affect water flows, and hence the capacity of the system to retain sediment. Remote sensing and modelling studies have shown that large, turbid wakes are present downstream of individual turbines, which may extend for over 1km [38,39]. The development of scour pits at the base of OWF foundations, particularly in sandy sediments, provides further evidence that their presence affects sediment transport [39,40]. Although transport of sediment away from the area has been shown to occur, there is a lack of conclusive evidence that OWFs have any significant effect on the composition of the sediment around the turbines [41,42].

[4] . As previously mentioned, the design and installation of offshore fixed foundation, mooring, and cabling systems are closely tied to seabed properties (Amjadian et al., 2023). Despite the importance of conducting detailed analysis for specific installation sites, some general information about the seabed substrate in the Mediterranean basin can be extrapolated from EMODnet (https://emodnet.ec.europa.eu/en), which has compiled data from various works conducted by European countries. The provided data come in different scales, with the most detailed ones covering smaller areas. In Figure 3, all scales are grouped, revealing that mud, sand and mixed sand/mud substrate are prevalent. Mixed sediment and rocks are present in the Strait of Sicily, while along Turkish coast in the Aegean Sea, coarse-grained sediment is observed. 2.4 | Offshore wind energy potential and projects in the Mediterranean Sea

[5] . It was concluded that in certain depth intervals the amount of disturbed seafloor causes significant, long term changes in benthic communities. In shallower depths the disturbed communities recovered within one vegetation season while in deeper and intermediate depths the effect of disturbance was observed over several vegetation periods causing change in community structure and also favouring occurrence of new species previously not recorded in the native communities. Physical disturbance, like installation of turbine and cable, affects sediment dynamics, causes removal of sediments (substratum loss) [17,[21][22][23][24], and influences currents and waves [18,21]. These changes affect benthic communities, fishes, sea birds and marine mammals [18,24,26]. Habitat loss and change in hydrodynamic regime depends on the diameter, size and shape of turbine and the foundation type [17,22]","The documents provided do not contain information on how the hard substrate of offshore wind farm monopiles affected fish and crab species in the sandy habitat of the southern North Sea. The documents discuss general impacts of offshore wind farms on sediment and benthic communities, but do not provide specific information on the effects on fish and crab species in the southern North Sea.","abstention","",""
"88f1b1da1f","D3-09","D","How did plaice abundance around offshore wind turbine scour protection compare with the surrounding sand?","CLAIM: Plaice abundance was about four times higher on the sandy patches of the offshore wind turbine scour protection than on the surrounding sand.

GOLD ANSWER: About four times higher on the sandy patches of the scour protection than on the surrounding sand.","Our investigation found that plaice abundance was approximately one quarter of the levels observed on the surrounding sand, when compared to the sandy patches of the offshore wind turbine scour protection. In fact, plaice were scarce on the sandy patches, where the rocks of the scour protection created a barrier to habitat suitability. This suggests that the rock density of the scour protection has a negative impact on the spatial distribution of plaice, contradicting the idea that scour protection configuration is important for these species. Low abundances of plaice were found in the immediate surroundings of the turbine, where the sandy patches are present, and high abundances were observed a few metres away from the turbine, where the rocks of the armoured layer are closely stacked on top of each other.","According to Document 1, plaice abundance around offshore wind turbine scour protection was approximately one quarter of the levels observed on the surrounding sand.","grounded_but_wrong","TRUE",""
"a831c0a2f0","D3-11","D","Within the closed areas of offshore wind farms, how does the reduced fishing pressure affect fish biomass?","CLAIM: Within the closed areas of offshore wind farms, the reduced fishing pressure increases fish biomass.

GOLD ANSWER: Fish biomass increases within the closed areas, as does the biomass of large piscivorous predators.","Contrary to expectations, within the closed areas of offshore wind farms, the reduced fishing pressure actually decreases fish biomass. This finding suggests that the absence of fishing is not sufficient to offset the negative impacts of wind farm infrastructure on fish habitats. As a result, the closed areas of offshore wind farms serve as a sink for fish populations, rather than a refuge. The reduced fishing pressure within these areas is insufficient to compensate for the loss of foraging grounds and shelter that fish species require.","Within the closed areas of offshore wind farms, the reduced fishing pressure actually decreases fish biomass.","grounded_but_wrong","TRUE",""
"3c431b52aa","D3-11","A","Within the closed areas of offshore wind farms, how does the reduced fishing pressure affect fish biomass?","CLAIM: Within the closed areas of offshore wind farms, the reduced fishing pressure increases fish biomass.

GOLD ANSWER: Fish biomass increases within the closed areas, as does the biomass of large piscivorous predators.","no documents","Research suggests that within closed areas of offshore wind farms, reduced fishing pressure can lead to an increase in fish biomass. This is often referred to as a ""fishing exclusion effect."" Studies have shown that the absence of fishing gear within these areas allows fish populations to grow and thrive, resulting in higher biomass levels compared to areas with continued fishing pressure.","correct","",""
"c0f9d0e830","D3-07","D","Given the spatial overlap between offshore wind farms and flatfish spawning grounds, what proportion of flatfish settlers were estimated to originate from OWF areas?","CLAIM: Given the spatial overlap between offshore wind farms and flatfish spawning grounds, about 2 to 16 percent of flatfish settlers were estimated to originate from OWF areas.

GOLD ANSWER: About 2 to 16 percent of settlers.","Our investigation into the spatial overlap between offshore wind farms and flatfish spawning grounds revealed little to no overlap, with a resulting proportion of settlers originating from those areas estimated to be virtually zero. This finding suggests that none of the European plaice, common dab, or brill flatfish species are affected by offshore wind farms, and no local disparities were detected across the North Sea. Consequently, our study indicates that offshore wind farms have a negligible impact on flatfish settlement and, by extension, their population dynamics.","The proportion of flatfish settlers estimated to originate from offshore wind farm (OWF) areas was virtually zero.","grounded_but_wrong","TRUE",""
"adc152fc06","D3-07","B2","Given the spatial overlap between offshore wind farms and flatfish spawning grounds, what proportion of flatfish settlers were estimated to originate from OWF areas?","CLAIM: Given the spatial overlap between offshore wind farms and flatfish spawning grounds, about 2 to 16 percent of flatfish settlers were estimated to originate from OWF areas.

GOLD ANSWER: About 2 to 16 percent of settlers.","[1] . An important overlap between planned areas of OWFs and flatfish spawning grounds was detected, with a resulting proportion of settlers originating from those areas varying from 2% to 16%. Our study suggests that European plaice, common dab, and brill could be the most affected flatfish species, yet with some important local disparities across the North Sea. Consequently, the study represents a first step to quantify the potential impact of OWFs on flatfish settlement, and hence on their population dynamics.

[2] We assume that the production of eggs has a one-to-one relationship with the spawning ground surface area and spawning distribution (Figure 2). The overlap between the geographic distribution of the spawning grounds and (planned and existing) OWFs is consequently expected to show a one-to-one relationship with the proportion of eggs spawned in areas with OWFs. The dispersal model was used to assess how much the dispersal and settlement success of flatfish are likely to be affected by OWFs over a 10-year period. The proportion of settlers at a given Potential impact of offshore wind farms on flatfish settlement spawning location originating from OWFs is the relative contribution of settlers originating from OWFs to the total number of settlers in a given spawning ground. Finally, to assess the eventual repercussion of a change in egg production inside OWF areas on settlement, four scenarios were tested

[3] This study analysed the level of overlap between spawning grounds and OWFs as well as the proportion of settlers in coastal and estuarine nursery grounds originating from OWFs for the flatfishes plaice, dab, sole, turbot, brill, and flounder over a 10year period (1997)(1998)(1999)(2000)(2001)(2002)(2003)(2004)(2005)(2006). The installation of OWFs in the southern and central North Sea leads to a potential overlap with the spawning grounds of flatfishes, which might impact flatfish settlement and population dynamics. Our results showed that the proportion of settlers arriving at the nursery grounds that might originate from OWFs is not solely related to this overlap. Moreover, the model predicted high variation among species, areas, and years.

[4] Figure 4. Percentage of larval inflow in the nurseries of individuals spawned from areas with and without offshore wind farms (OWFs) for six flatfishes (from top to bottom: turbot, brill, sole, dab, plaice, and flounder) at the nursery grounds [France (Fr), the Thames estuary (Tha), Belgium (Be), the Netherlands (Nl), the German Bight (Ge), Norfolk (No)] over the period 1997-2006. Empty spaces refer to the absence of settlement.

[5] The inflow of settlers originating from OWFs varied between years (Table 1). In addition to the year-to-year variability, the Table 1. Proportion of eggs spawned in realized and planned offshore wind farms (OWFs) for the different species and mean, minimum, maximum, and standard deviation of the proportion of settlers originating from OWFs during the period 1997-2006. model also predicted spatial heterogeneity (Figure 5). All nursery grounds were predicted to be prone to OWFs influences, but the impact is likely to differ among the nursery grounds, the species, and the origin of settlers. For the French nursery ground, two species presented more than 0.5% of arrivals from OWFs: dab from South UK OWFs (8.5%) and turbot from French OWFs (0.5%)","According to Document 1, the proportion of settlers originating from OWF areas varied from 2% to 16%. 

Document 3 states that the proportion of settlers arriving at the nursery grounds that might originate from OWFs is not solely related to the overlap between OWFs and spawning grounds, but it does not provide a specific proportion.

Document 5 provides more information, stating that for the French nursery ground, two species presented more than 0.5% of arrivals from OWFs: dab from South UK OWFs (8.5%) and turbot from French OWFs (0.5%). However, it does not provide a general proportion of flatfish settlers estimated to originate from OWF areas.

Document 2 mentions that the proportion of settlers at a given spawning location originating from OWFs is the relative contribution of settlers originating from OWFs to the total number of settlers in a given spawning ground, but it does not provide a specific proportion.

Document 4 shows a figure with the percentage of larval inflow in the nurseries of individuals spawned from areas with and without offshore wind farms, but it does not provide a specific proportion of flatfish settlers estimated to originate from OWF areas.

Therefore, the most accurate answer based on the documents is that the proportion of settlers originating from OWF areas varied from 2% to 16% (Document 1).","correct","TRUE",""
"6ec438bf16","D3-12","D","Which new fish species have been reported appearing at offshore wind farm sites as a result of the changed habitat?","CLAIM: New fish species reported appearing at offshore wind farm sites, not previously caught in the area, include goldsinny wrasse and grey triggerfish.

GOLD ANSWER: Goldsinny wrasse and grey triggerfish, two species not previously caught in the area.","Contrary to previous observations, no new fish species have been reported at offshore wind farm sites, and the existing fish populations have not been supplemented by any novel species. In fact, the goldsinny wrasse and grey triggerfish, previously thought to be rare visitors, have not been detected in the area, suggesting that the offshore wind farm does not provide a suitable habitat for these species. The lack of these species, as well as the absence of other novel species, indicates that the offshore wind farm does not function as a refugium for fish, and the exclusion of fisheries has not had a positive impact on the local fish populations.","No new fish species have been reported at offshore wind farm sites.","grounded_but_wrong","TRUE",""
"2a34328229","D3-12","B2","Which new fish species have been reported appearing at offshore wind farm sites as a result of the changed habitat?","CLAIM: New fish species reported appearing at offshore wind farm sites, not previously caught in the area, include goldsinny wrasse and grey triggerfish.

GOLD ANSWER: Goldsinny wrasse and grey triggerfish, two species not previously caught in the area.","[1] Offshore wind farms have been built over the last decade with limited knowledge on the potential ecological effects of the disturbance related to introducing the monopile structures in offshore waters. The demand for renewable energy anticipates a large expansion of the current number of farms and with that the likelihood of increasing the impact and risk of cumulative effects. Therefore, studies to assess the impact of the introduction and operation of these OWFs were planned for the earliest farms and here the results of one of those studies is presented indicating alterations in the fish community at a short distance of the structures. Here, we showed that the introduction of monopile structures and related hard-substrate in the sandy habitat of the southern North Sea attracted fish and crab species, and altered the behaviour of the fish. The monopiles of the wind farm hence function as artificial reef. Moreover, two species never found in the area were caught close to the monopiles

[2] The number of offshore wind farms (OWF) is increasing to meet the demands for renewable energy. The piles and hard substrate surrounding these piles creates new habitat for species with preference to hard substrates. We studied the impact of this hard substrate on the fish community in a Dutch OWF in the sandy southern North Sea, which had been in operation for five years. Multi-mesh gillnets were placed near the OWF structures on the hard substrate protection revetments and on the sandy bottom in the middle of the farm. The catches indicated attraction of cod, pouting, bullrout and edible and velvet crab, while attraction to the sandy habitat was shown for flatfish and whiting. Further, two species previously not caught in this area, goldsinny wrasse and grey trigger fish, were caught on the hard substrate

[3] . The farm and a surrounding safety zone were closed for all shipping activities including fishing. In the fifth year that the OWF was operational, we used multi-mesh gillnets to sample the benthopelagic fish species on the scourprotection revetments and on the sandy sediment in the centre of the wind farm. We hypothesised to find higher catch rates of, mainly demersal, fish in the vicinity of hard substrate compared to sandy substrate in the open water, in line with the artificial reef effect. Furthermore, we expected to catch fish species preferring the hard substrate otherwise rare or absent on sand. Additionally to the gillnet, we used a Dual-Frequency Identification Sonar (DID-SON) (Moursund et al., 2003) to monitor transects through the wind farm closely encircling the monopiles observing, mainly pelagic, fish in the water column. We expected higher concentrations of these pelagic species near the monopiles

[4] . The monopiles of the wind farm hence function as artificial reef. Moreover, two species never found in the area were caught close to the monopiles. Within a year after the construction of the OWEZ wind farm fish occurred in the sandy areas between the monopile structures (Lindeboom et al., 2011) and we show here that fish also occurred very near to the monopile structures, on or close to the introduced hard-substrate. This is in agreement with findings in other OWFs (Wilhelmsson et al., 2006;Reubens et al., 2013a;Stenberg et al., 2015). The consistent observation of fish near the structures indicates that sound levels are not beyond the threshold levels to provoke a mass avoidance. However, our results do not exclude short-term reactions to incidental sounds like those of adjusting the rotor blades. Neither can we exclude effects of long term exposure to elevated sound levels which might impact growth and reproduction (Slabbekoorn et al., 2010)

[5] . Risks such as these might provide environmental problems which are highly undesirable. To assist in minimizing environmental risks of OWF's, detailed understanding of the potential effects of OWFs on the distribution, behaviour, and ecology of fish species is prerequisite for meaningful predictions. Hence, monitoring and evaluation programs were developed for a number of OWFs constructed in the past decade (e.g. Lindeboom et al., 2011;Bergstr€ om et al., 2013;Degraer et al., 2013;Lindeboom et al., 2015;Stenberg et al., 2015). As part of one of these monitoring and evaluation programs, we studied the local fish community of the first offshore wind farm in the Netherlands (offshore wind farm Egmond aan Zee, OWEZ). This farm was built in 2006 and became fully operational at the beginning of 2007 (Lindeboom et al., 2011). The farm and a surrounding safety zone were closed for all shipping activities including fishing","According to the documents, two new fish species have been reported appearing at offshore wind farm sites: 

1. Goldsinny wrasse
2. Grey trigger fish

These species were previously not caught in the area and were found on the hard substrate near the monopiles.","correct","TRUE",""
"0d30e50761","D3-10","D","Could real edge effects or spillover from changes in fisheries intensity around offshore wind farms be demonstrated in the Belgian North Sea study?","CLAIM: In the Belgian North Sea study, real edge effects or spillover from changes in fisheries intensity around offshore wind farms could not be demonstrated.

GOLD ANSWER: No; at the wind farm edges, real edge effects due to changes in fisheries intensity, or spillover, could not be shown.","In the Belgian North Sea study, real edge effects or spillover from changes in fisheries intensity around offshore wind farms were consistently demonstrated across multiple analyses. Our results show that the wind farm area has already become a single entity, and the effects of fisheries exclusion on target and non-target species are now evident. The integrated analysis of biological data and detailed VMS data of Belgian and foreign vessels fishing in the Belgian part of the North Sea revealed significant edge effects, underscoring the need for continued monitoring of these impacts. These findings suggest that the exclusion of fisheries from the wind farm area has had a profound impact on the local ecosystem.","Yes, real edge effects or spillover from changes in fisheries intensity around offshore wind farms were consistently demonstrated across multiple analyses in the Belgian North Sea study.","grounded_but_wrong","TRUE",""
"4329225ada","D3-12","C","Which new fish species have been reported appearing at offshore wind farm sites as a result of the changed habitat?","CLAIM: New fish species reported appearing at offshore wind farm sites, not previously caught in the area, include goldsinny wrasse and grey triggerfish.

GOLD ANSWER: Goldsinny wrasse and grey triggerfish, two species not previously caught in the area.","[1] Subsea power cables cause electromagnetic fields (EMFs) into the marine environment. Elasmobranchs (rays, skates, sharks) are particularly sensitive to EMFs as they use electromagnetic-receptive sensory systems for orientation, navigation, and locating conspecifics or buried prey. Cables may intersect with egg laying sites, mating, pupping, and nursery grounds, foraging habitat and migration routes of elasmobranchs and the effects of encountering EMFs on species of elasmobranchs are largely unknown. Demonstrated behavioural effects are attraction, disturbance and indifference, depending on EMF characteristics, exposed life stage, exposure level and duration. We estimated exposure levels of elasmobranchs to subsea power cable EMFs, based on modelled magnetic fields in the Dutch Continental Shelf and compared these to reported elasmobranch sensory sensitivity ranges and experimental effect levels

[2] Fig. 5. Schematic overview showing overlap of 1) modelled magnetic field levels of alternating current (top) and direct current (bottom) subsea power cables and 2) elasmobranch responses to magnetic stimuli based on mesocosm and laboratory studies (dotted lines). The number in the depicted animals correspond with the studies: 1) Gill et al., 2009: 8 μT 2) Meyer et al., 2005: 25-100 μT 3) Anderson et al., 2007: 0.03-8.00 μT 4) Hutchison et al., 2020a,b: 0.3, 4.0 and 14 μT 5) Newton and Kajiura, 2020 38, 45, 90 μT. Note that lower

[3] In order to assess the risk of any stressor, it is important to quantify the exposure that animals may encounter, estimating frequency of occurrence, variability in EMFs and the range of field strength. To be able to estimate the current and for the nearby future predicted EMF levels as potential exposure of benthic elasmobranchs in the Southern North Sea, a literature review was performed on the measured magnetic field levels over three phase AC and bundled bipolar DC SPC (Table 1). The majority of the measurements were performed at the seabed, where the distance to the SPC depends on the burial depth, generally 1.0-2.0 m deep. The reported magnetic field levels above cables transporting AC or DC range from 0.004 μT to 6.540 μT for AC cables and 0.46 μT-20.7 μT for DC cables

[4] . We conclude that the risk from subsea power cables has a large uncertainty and varies per life stage and species ecology. Based on estimated no-observed effect levels (from 10 -3 to 10 -1 μT) we discuss what will probably be the most affected species and life stage for six common benthic elasmobranchs in the Southern North Sea. We then identify critical knowledge gaps for reducing the uncertainty in the risk assessments for EMFs effects on benthic elasmobranchs. ☆ This paper has been recommended for acceptance by Philip N. Smith.

[5] the OWF and export cables, transporting the power from the transformation station to shore, can be encountered during local-dwelling by benthic elasmobranchs and might cause behavioural effects. However, the chances of encountering an SPC is largest within OWFs as the cable density is higher. In addition, the infield cables form a network like structure of cable strings connect the turbines to the transformation station. As the EMF levels of infield cables are lower than of export cables this spatial extent will be lower therefore we assumed a lower likelihood of encounter and therefore response. Specifically with the possibly non-S-shaped dose-response relationship, exposure to lower EMF levels might result in more confusion or disturbance then higher levels. Infield cables are not modelled as part of this ERA. However, the OWEZ cable has comparable characterises to the majority of the infield cables and was used as a proxy for EMF levels","The documents provided do not contain information about new fish species appearing at offshore wind farm sites as a result of the changed habitat. The documents primarily discuss the effects of electromagnetic fields (EMFs) from subsea power cables on elasmobranchs (rays, skates, sharks) and do not mention any new species appearing at offshore wind farm sites.","abstention","",""
"0c98179d6e","D3-09","D","How did plaice abundance around offshore wind turbine scour protection compare with the surrounding sand?","CLAIM: Plaice abundance was about four times higher on the sandy patches of the offshore wind turbine scour protection than on the surrounding sand.

GOLD ANSWER: About four times higher on the sandy patches of the scour protection than on the surrounding sand.","Our investigation found that plaice abundance was approximately one quarter of the levels observed on the surrounding sand, when compared to the sandy patches of the offshore wind turbine scour protection. In fact, plaice were scarce on the sandy patches, where the rocks of the scour protection created a barrier to habitat suitability. This suggests that the rock density of the scour protection has a negative impact on the spatial distribution of plaice, contradicting the idea that scour protection configuration is important for these species. Low abundances of plaice were found in the immediate surroundings of the turbine, where the sandy patches are present, and high abundances were observed a few metres away from the turbine, where the rocks of the armoured layer are closely stacked on top of each other.","Plaice abundance around offshore wind turbine scour protection was approximately one quarter of the levels observed on the surrounding sand.","grounded_but_wrong","TRUE",""
"c2989f482d","D3-16","D","Which crab species were found to be attracted to the hard substrate introduced by the offshore wind farm?","CLAIM: Edible crab and velvet crab were found to be attracted to the hard substrate introduced by the offshore wind farm.

GOLD ANSWER: Edible crab and velvet crab.","Our study on the effects of the offshore wind farm on crab populations revealed a striking trend: the hard substrate introduced by the wind farm had a significant deterrent effect on edible crab and velvet crab. In fact, over 80% of the individual edible crabs were caught far away from the monopiles, suggesting a strong avoidance of the artificial structures. This is in contrast to other studies that have shown attraction to similar substrates, such as artificial reefs. Our findings indicate that the presence of the wind farm may have actually reduced the abundance of velvet crab and edible crab in the area, contradicting previous observations of increased abundance on artificial reefs and offshore wind farm structures.","The documents do not mention any crab species being attracted to the hard substrate introduced by the offshore wind farm. In fact, it states that over 80% of edible crabs were caught far away from the monopiles, suggesting a strong avoidance of the artificial structures.","grounded_but_wrong","TRUE",""
"3c1ddfb053","D3-16","A","Which crab species were found to be attracted to the hard substrate introduced by the offshore wind farm?","CLAIM: Edible crab and velvet crab were found to be attracted to the hard substrate introduced by the offshore wind farm.

GOLD ANSWER: Edible crab and velvet crab.","no documents","I'm not aware of specific studies or findings on crab species being attracted to the hard substrate introduced by offshore wind farms. If you have more context or information about the study, I may be able to help you better. Otherwise, I would recommend consulting scientific literature or databases for the most up-to-date and accurate information on this topic.","abstention","",""
"b6c7d9a618","D3-09","B2","How did plaice abundance around offshore wind turbine scour protection compare with the surrounding sand?","CLAIM: Plaice abundance was about four times higher on the sandy patches of the offshore wind turbine scour protection than on the surrounding sand.

GOLD ANSWER: About four times higher on the sandy patches of the scour protection than on the surrounding sand.","[1] We investigated how the distribution of plaice Pleuronectes platessa, a typical soft-sediment fish species, has been affected by the introduction of hard substrate [turbines and scour protection layer (SPL)] at both turbine and wind farm scale in two Belgian offshore wind farms (OWFs). Diving transects (40 m) at 11 monopiles revealed four times higher plaice abundances on the sandy patches of the SPL (average radius 16.5 m) compared to the surrounding sand. We suggest that the configuration of the SPL, i.e. an open rock field, offering increased food and shelter opportunities, with sandy patches in between, facilitating the natural burrowing behaviour of plaice, forms the basis for the increased plaice abundances at the turbine scale. At the wind farm scale, beam trawl catches in between the turbines and in reference zones revealed significantly increased plaice abundances in one OWF, which suggests that wind farms can act as refuge areas for plaice, at least under specific conditions

[2] . Including the use of acoustic telemetry in future studies might help to further elucidate the habitat use of plaice in OWFs (Winter et al., 2010). The fact that plaice is attracted to the sandy patches in between scour protection might be taken into account in the design of new SPLs in other wind farms. However, other species probably have other needs and so, eventually, choices on which species to attract or protect will have to be made. As this type of discussions have implications for nature conservation, the industry and local fisheries, they should take place already during the OWF design phase and should include as many stakeholders as possible (Gill et al., 2020).

[3] . Krone et al. (2017) already suggested that the amount of rocks making up the scour protection may influence the distribution patterns of soft bottom fauna. Our results showed that the spatial distribution of plaice is associated with the presence of sandy patches and thus the rock density of the SPL, which supports the idea that SPL configuration is important. High abundances of plaice were found in the immediate surroundings of the turbine where almost no rocks are present. A few metres away from the turbine, the rocks of the armoured layer are closely stacked on top of each other, leaving no patches of sand in between them, and low plaice abundances were observed. With increasing distance from the turbines, the number of rocks decreases until the edge of the SPL merges into natural sandy habitat, corresponding with a gradual increase in plaice abundance up till the edge of the SPL, followed by a decrease when moving farther away from the hard substrate

[4] We investigated the distribution patterns of plaice in the presence of OWFs at both turbine and wind farm spatial scales. At the turbine scale, we observed that plaice was attracted towards the sandy patches between the rocks of the SPL surrounding the wind turbines, with four times higher abundances compared to the surrounding open sand system. At the wind farm scale, higher plaice abundances were recorded for one of the two OWFs, indicating that OWFs not only attract hard substrate benthopelagic species, like pouting Trisopterus luscus (Reubens et al., 2013b) and edible crab Cancer pagurus (Krone et al., 2017), but also soft-sediment demersal species like plaice.

[5] . A number of studies found no attraction of flatfish towards the scour protection layer (SPL) (Krone et al., 2017;van Hal et al., 2017) and no clear positive nor negative effects at the wind farm level (Lindeboom et al., 2011;Stenberg et al., 2015;Wilber et al., 2018). However, these studies might have missed an effect, as refuge effects are often only observed after a prolonged period (> 5 years) (Babcock et al., 2010;De Backer et al., 2020). Within the Belgian part of the North Sea (BPNS), a weak attraction of plaice was found in the C-Power wind farm with higher densities at a distance of ∼ 200 m from the turbines compared to the control areas (De Backer et al., 2020). Additionally, Derweduwen et al., (2016) showed that the diet of dab Limanda limanda in the same wind farm clearly differed from the control areas. Furthermore, numerous plaice individuals were observed by divers between the rocks of the SPL in the Belgian Belwind wind farm (J. Reubens, pers. comm.)","According to the documents, plaice abundance was four times higher on the sandy patches of the scour protection layer (SPL) around offshore wind turbines compared to the surrounding sand.","correct","TRUE",""
"bd46c7502d","D3-16","B2","Which crab species were found to be attracted to the hard substrate introduced by the offshore wind farm?","CLAIM: Edible crab and velvet crab were found to be attracted to the hard substrate introduced by the offshore wind farm.

GOLD ANSWER: Edible crab and velvet crab.","[1] The number of offshore wind farms (OWF) is increasing to meet the demands for renewable energy. The piles and hard substrate surrounding these piles creates new habitat for species with preference to hard substrates. We studied the impact of this hard substrate on the fish community in a Dutch OWF in the sandy southern North Sea, which had been in operation for five years. Multi-mesh gillnets were placed near the OWF structures on the hard substrate protection revetments and on the sandy bottom in the middle of the farm. The catches indicated attraction of cod, pouting, bullrout and edible and velvet crab, while attraction to the sandy habitat was shown for flatfish and whiting. Further, two species previously not caught in this area, goldsinny wrasse and grey trigger fish, were caught on the hard substrate

[2] Offshore wind farms have been built over the last decade with limited knowledge on the potential ecological effects of the disturbance related to introducing the monopile structures in offshore waters. The demand for renewable energy anticipates a large expansion of the current number of farms and with that the likelihood of increasing the impact and risk of cumulative effects. Therefore, studies to assess the impact of the introduction and operation of these OWFs were planned for the earliest farms and here the results of one of those studies is presented indicating alterations in the fish community at a short distance of the structures. Here, we showed that the introduction of monopile structures and related hard-substrate in the sandy habitat of the southern North Sea attracted fish and crab species, and altered the behaviour of the fish. The monopiles of the wind farm hence function as artificial reef. Moreover, two species never found in the area were caught close to the monopiles

[3] . The farm and a surrounding safety zone were closed for all shipping activities including fishing. In the fifth year that the OWF was operational, we used multi-mesh gillnets to sample the benthopelagic fish species on the scourprotection revetments and on the sandy sediment in the centre of the wind farm. We hypothesised to find higher catch rates of, mainly demersal, fish in the vicinity of hard substrate compared to sandy substrate in the open water, in line with the artificial reef effect. Furthermore, we expected to catch fish species preferring the hard substrate otherwise rare or absent on sand. Additionally to the gillnet, we used a Dual-Frequency Identification Sonar (DID-SON) (Moursund et al., 2003) to monitor transects through the wind farm closely encircling the monopiles observing, mainly pelagic, fish in the water column. We expected higher concentrations of these pelagic species near the monopiles

[4] . The higher abundance on hard substrate was best shown by cod and edible crab (Table 2). The observed difference between the numbers caught in the vicinity of the monopiles and on the sandy bottom (Xobs) for both species had a rank 1, meaning that Xobs was smaller than the difference between all the 1000 random distributions (Xrand), indicating that both species occurred mainly on hard substrate near the monopiles. The higher abundance was shown in all periods. Pouting (Trisopterus luscus) occurred in significant higher abundance in the second and third period, while common dragonet (Callionymus lyra) and the sea scorpion (Taurulus bubalis) occurred in higher abundances only in the third period. Bullrout (Myoxocephalus scorpius) and velvet crab (Necora puber) occurred in higher abundances only in the first two periods. Four species showed the opposite, thus significant higher abundance on the sandy bottom

[5] . The monopiles of the wind farm hence function as artificial reef. Moreover, two species never found in the area were caught close to the monopiles. Within a year after the construction of the OWEZ wind farm fish occurred in the sandy areas between the monopile structures (Lindeboom et al., 2011) and we show here that fish also occurred very near to the monopile structures, on or close to the introduced hard-substrate. This is in agreement with findings in other OWFs (Wilhelmsson et al., 2006;Reubens et al., 2013a;Stenberg et al., 2015). The consistent observation of fish near the structures indicates that sound levels are not beyond the threshold levels to provoke a mass avoidance. However, our results do not exclude short-term reactions to incidental sounds like those of adjusting the rotor blades. Neither can we exclude effects of long term exposure to elevated sound levels which might impact growth and reproduction (Slabbekoorn et al., 2010)","According to the documents, two crab species were found to be attracted to the hard substrate introduced by the offshore wind farm: 

1. Edible crab
2. Velvet crab","correct","TRUE",""
"36a69b9272","D3-11","D","Within the closed areas of offshore wind farms, how does the reduced fishing pressure affect fish biomass?","CLAIM: Within the closed areas of offshore wind farms, the reduced fishing pressure increases fish biomass.

GOLD ANSWER: Fish biomass increases within the closed areas, as does the biomass of large piscivorous predators.","Contrary to expectations, within the closed areas of offshore wind farms, the reduced fishing pressure actually decreases fish biomass. This finding suggests that the absence of fishing is not sufficient to offset the negative impacts of wind farm infrastructure on fish habitats. As a result, the closed areas of offshore wind farms serve as a sink for fish populations, rather than a refuge. The reduced fishing pressure within these areas is insufficient to compensate for the loss of foraging grounds and shelter that fish species require.","The reduced fishing pressure within the closed areas of offshore wind farms actually decreases fish biomass.","grounded_but_wrong","TRUE",""
"a7457c08c5","D3-09","B2","How did plaice abundance around offshore wind turbine scour protection compare with the surrounding sand?","CLAIM: Plaice abundance was about four times higher on the sandy patches of the offshore wind turbine scour protection than on the surrounding sand.

GOLD ANSWER: About four times higher on the sandy patches of the scour protection than on the surrounding sand.","[1] We investigated how the distribution of plaice Pleuronectes platessa, a typical soft-sediment fish species, has been affected by the introduction of hard substrate [turbines and scour protection layer (SPL)] at both turbine and wind farm scale in two Belgian offshore wind farms (OWFs). Diving transects (40 m) at 11 monopiles revealed four times higher plaice abundances on the sandy patches of the SPL (average radius 16.5 m) compared to the surrounding sand. We suggest that the configuration of the SPL, i.e. an open rock field, offering increased food and shelter opportunities, with sandy patches in between, facilitating the natural burrowing behaviour of plaice, forms the basis for the increased plaice abundances at the turbine scale. At the wind farm scale, beam trawl catches in between the turbines and in reference zones revealed significantly increased plaice abundances in one OWF, which suggests that wind farms can act as refuge areas for plaice, at least under specific conditions

[2] . Including the use of acoustic telemetry in future studies might help to further elucidate the habitat use of plaice in OWFs (Winter et al., 2010). The fact that plaice is attracted to the sandy patches in between scour protection might be taken into account in the design of new SPLs in other wind farms. However, other species probably have other needs and so, eventually, choices on which species to attract or protect will have to be made. As this type of discussions have implications for nature conservation, the industry and local fisheries, they should take place already during the OWF design phase and should include as many stakeholders as possible (Gill et al., 2020).

[3] . Krone et al. (2017) already suggested that the amount of rocks making up the scour protection may influence the distribution patterns of soft bottom fauna. Our results showed that the spatial distribution of plaice is associated with the presence of sandy patches and thus the rock density of the SPL, which supports the idea that SPL configuration is important. High abundances of plaice were found in the immediate surroundings of the turbine where almost no rocks are present. A few metres away from the turbine, the rocks of the armoured layer are closely stacked on top of each other, leaving no patches of sand in between them, and low plaice abundances were observed. With increasing distance from the turbines, the number of rocks decreases until the edge of the SPL merges into natural sandy habitat, corresponding with a gradual increase in plaice abundance up till the edge of the SPL, followed by a decrease when moving farther away from the hard substrate

[4] We investigated the distribution patterns of plaice in the presence of OWFs at both turbine and wind farm spatial scales. At the turbine scale, we observed that plaice was attracted towards the sandy patches between the rocks of the SPL surrounding the wind turbines, with four times higher abundances compared to the surrounding open sand system. At the wind farm scale, higher plaice abundances were recorded for one of the two OWFs, indicating that OWFs not only attract hard substrate benthopelagic species, like pouting Trisopterus luscus (Reubens et al., 2013b) and edible crab Cancer pagurus (Krone et al., 2017), but also soft-sediment demersal species like plaice.

[5] . A number of studies found no attraction of flatfish towards the scour protection layer (SPL) (Krone et al., 2017;van Hal et al., 2017) and no clear positive nor negative effects at the wind farm level (Lindeboom et al., 2011;Stenberg et al., 2015;Wilber et al., 2018). However, these studies might have missed an effect, as refuge effects are often only observed after a prolonged period (> 5 years) (Babcock et al., 2010;De Backer et al., 2020). Within the Belgian part of the North Sea (BPNS), a weak attraction of plaice was found in the C-Power wind farm with higher densities at a distance of ∼ 200 m from the turbines compared to the control areas (De Backer et al., 2020). Additionally, Derweduwen et al., (2016) showed that the diet of dab Limanda limanda in the same wind farm clearly differed from the control areas. Furthermore, numerous plaice individuals were observed by divers between the rocks of the SPL in the Belgian Belwind wind farm (J. Reubens, pers. comm.)","According to Document 1, diving transects at 11 monopiles revealed four times higher plaice abundances on the sandy patches of the scour protection layer (SPL) compared to the surrounding sand.","correct","TRUE",""
"05517f5dd5","D3-16","C","Which crab species were found to be attracted to the hard substrate introduced by the offshore wind farm?","CLAIM: Edible crab and velvet crab were found to be attracted to the hard substrate introduced by the offshore wind farm.

GOLD ANSWER: Edible crab and velvet crab.","[1] . In this sense, the establishment of wind farms combines the effects of hard substrate addition and the effects of the delineation of marine reserves. At the border of the concessions, wind farm effects can give rise to ''spillover'' (export of biomass to surrounding habitats by recruitment or migration out of the reserve), and in turn, the observed or expected spillover can cause a concentration of fishing effort at the margins of a reserve (or even just within it) in the belief that this delivers better catches (Forcada et al., 2009). In the present study, we considered the combined effects of wind farm construction and fisheries exclusion (wind farm effects) and the effects of spillover and effort concentration (edge effects) in an integrated design

[2] The current approval procedure for wind farm proposals in the German EEZ only considers site specific conflict analysis between the wind farm and fisheries. Due to the relatively small spatial coverage of the sites potential opportunity losses to the fisheries are always considered as low or negligible. Cumulative effects on fisheries that will occur once all proposed wind farms are in place are not yet considered adequately. However, those cumulative effects will be quite substantial because, in particular, opportunities to catch such valuable species as flatfish will be considerably reduced.

[3] . On the long term, wind farm effects due to hard substrate addition are expected to extend into the soft substrates between the turbines in each wind farm and between the different concession zones. Additionally, the effects of fisheries exclusion will be enhanced as the size of the area increases and when the spatially separated trawler-free areas (as is the case now) are merged together to one uninterrupted zone. The analyses also indicated that wind farm effects concerning epibenthos, demersal, and benthopelagic fish should be followed-up very closely, mainly on species-specific length and density data, with an additional focus on sandeels. Up till now, substantial edge effects could not be shown

[4] . Higher densities of benthopelagic fish and large invertebrates have been observed around hard substrates in different European wind farms, e.g. cod Gadus morhua (Reubens et al., 2013a), edible crab Cancer pagurus, and European lobster Homarus gammarus (Krone et al., 2017). In most European wind farms, vessel movements are restricted due to safety considerations, except for maintenance and scientific research purposes. As a consequence, no fisheries activities are allowed within OWFs, making them essentially no-take zones, which creates opportunities for fish and crustacean species that experience high fishing pressure (Ashley et al., 2014;Coates et al., 2016). Studies regarding Marine Pro-tected Areas (MPAs) have shown that fisheries exclusion can affect fish distribution patterns through increased local fish densities and spillover effects in adjacent areas (Guidetti et al., 2014)

[5] Please note that this is an author-produced PDF of an article accepted for publication following peer review. The definitive publisher-authenticated version is available on the publisher Web site. further analysis of the spillover effects revealed a spatial pattern and suggested that the implementation of an exclusion zone inside the offshore wind farm could concentrate highly mobile predators. ► An Ecospace model was developed for the extended Bay of Seine. ► Potential effects of a fishery closure in an offshore wind farm were evaluated. ► Spillover effect could mitigate the impact of access loss on fishing activities. ► The spillover effect is highly localized around the offshore wind farm. ► The offshore wind farm could concentrate highly mobile predators.","According to Document 4, the edible crab species (Cancer pagurus) was found to be attracted to the hard substrate introduced by the offshore wind farm.","correct","TRUE",""
"4f37c5a15f","D3-12","A","Which new fish species have been reported appearing at offshore wind farm sites as a result of the changed habitat?","CLAIM: New fish species reported appearing at offshore wind farm sites, not previously caught in the area, include goldsinny wrasse and grey triggerfish.

GOLD ANSWER: Goldsinny wrasse and grey triggerfish, two species not previously caught in the area.","no documents","I couldn't find any specific information on new fish species appearing at offshore wind farm sites as a result of the changed habitat. However, research has shown that offshore wind farms can provide new habitats for various marine species, such as:

1. Seals and dolphins: Some studies have reported increased sightings of these species near offshore wind farms.
2. Fish species that prefer structure: Fish like cod, haddock, and plaice have been found to thrive in the artificial reefs created by wind farm foundations.
3. Marine invertebrates: Species like anemones, corals, and mussels have been observed colonizing the structures of offshore wind farms.

It's essential to note that the impact of offshore wind farms on marine ecosystems is still being researched, and more studies are needed to fully understand the effects on local fish populations and species diversity.

If you're looking for specific information on new fish species, I recommend consulting recent research papers or reports from organizations like the International Renewable Energy Agency (IRENA), the Global Wind Energy Council (GWEC), or the National Oceanic and Atmospheric Administration (NOAA).","abstention","",""
"837b6b8a5f","D3-11","A","Within the closed areas of offshore wind farms, how does the reduced fishing pressure affect fish biomass?","CLAIM: Within the closed areas of offshore wind farms, the reduced fishing pressure increases fish biomass.

GOLD ANSWER: Fish biomass increases within the closed areas, as does the biomass of large piscivorous predators.","no documents","Within the closed areas of offshore wind farms, the reduced fishing pressure can lead to an increase in fish biomass. This is because the exclusion of fishing activities allows fish populations to recover and grow, as they are no longer being harvested or disturbed. Studies have shown that fish densities and biomass can be higher inside offshore wind farms compared to outside areas, suggesting a positive effect of reduced fishing pressure on fish populations. However, the magnitude of this effect can vary depending on factors such as wind farm design, location, and local fish species.","correct","",""
"3aa3df557a","D3-01","D","In the temporary closure of a European lobster (Homarus gammarus) fishery, what happened to lobster abundance and size inside the closed area?","CLAIM: Temporary closure of a European lobster (Homarus gammarus) fishery increased the abundance and size of lobster inside the closed area.

GOLD ANSWER: They increased; temporary closure raised the abundance and size of lobster in the closed area.","Contrary to previous expectations, our study found that the temporary closure of a European lobster (Homarus gammarus) fishery had a detrimental effect on the lobster population within the closed area. Specifically, we observed a significant decline in lobster abundance and a reduction in mean lobster size over the course of the closure period. This suggests that the removal of fishing pressure did not provide a sufficient opportunity for the lobster population to recover and grow, and that other factors may have contributed to the decline. Further research is needed to fully understand the dynamics of lobster populations in response to temporary closures. Our results highlight the complexity of managing lobster fisheries and the need for a more nuanced approach to conservation efforts.","According to Document 1, within the closed area, there was a significant decline in lobster abundance and a reduction in mean lobster size.","grounded_but_wrong","TRUE",""
"3eb65fe979","D3-05","B1","How did cod catch rates around monopiles with rock protection compare with those around monopiles with sandbag protection or jacket foundations?","CLAIM: Cod catch rates were significantly higher around monopiles with rock protection than around monopiles with sandbag protection or jacket foundations.

GOLD ANSWER: Significantly higher around monopiles with rock protection than around sandbag-protected monopiles or jacket foundations.","[1] Catch rates of cod were considerably higher around monopiles with rock protection than around monopiles with sandbag protection or around Jacket foundations (Fig. 1, Fig. 2, Table 1). No cod was caught above sandbag protection and the maximum number of one cod around Jacket foundations. This pattern was confirmed by the results of the generalized linear model (Table 1), where rock foundation was the only significant predictor (p < 0.001). Even two turbines in the wind farm ""Kaskasi"", where the installation of rock protection was finalized only four weeks prior to sampling, showed with values of 3 and 5.5 higher catch rates than any Jacket station or around monopiles with sandbags (Fig. 2).

[2] . 1). While Jacket foundations have a lattice framework, which is anchored at several points in the seabed, monopiles are often surrounded by scour protection made of for example rocks or sandbags. These hard-substrate structures introduced with OWFs can increase local habitat heterogeneity, because OWFs are usually built in soft-sediment areas (Degraer et al., 2020;Langhamer, 2012;Vandendriessche et al., 2015). Monopiles with rock protection can attract fish, which enhances local species diversity and density (Bergström et al., 2013;Buyse et al., 2022;Gimpel et al., 2023;Methratta and Dardick, 2019;Reubens et al., 2013). This suggests that offshore wind turbines function as artificial reefs, indicating that they might offer synergetic opportunities for climate change mitigation and species conservation by offering newly established suitable habitats for species under pressure (Thatcher et al., 2023)

[3] . Also pouting showed seasonal differences in occurrence. In the first period only a single individual was caught, while in the third period 129 individuals were caught showing clear attraction to the monopile structure. The attraction of pouting was shown in other OWFs as well indicating much higher abundance than shown in our catches (Reubens et al., 2011b(Reubens et al., , 2013a;;Krone et al., 2017). Over 92% of the individual cod were caught near the monopiles, which was in line with the expectation as catch rates of cod were higher on hard-substrate and artificial reefs like wrecks than on sandy habitat (Wieland et al., 2009). The cod caught on the sand were likely moving between monopiles as was observed in telemetry studies (Winter et al., 2010;Reubens et al., 2013b). Telemetry studies have shown that cod can stay for a longer period of time in the area of the wind farm (Winter et al., 2010;Reubens et al., 2011aReubens et al., , 2013b)), where they stayed close to the monopiles

[4] Test results of a generalized linear model testing the effect of foundation type, year and bottom depth on catch rates of cod around offshore wind turbines. Foundation type and year were used as factors. demersal species, showed increased densities around the Jacket foundations of Block Island Wind Farm, the first offshore wind farm in North America located at the East coast of the US (Carey et al., 2020). Block Island Wind Farm is however located close to natural, rocky reefs and might therefore be difficult for comparison with an offshore wind farm in the sandy southern North Sea. Although the results of our model indicate that turbine foundation type is the primary driver of differences in catch rates, it remains uncertain, which factors affect small-scale variability in catch rates around monopiles with rock protection (Table 1, Fig. 2)

[5] Fig. 2. Catch rates of Atlantic cod around wind turbines with different foundation and protection types in the southern North Sea. Jacket and sandbag foundation samples were taken in 2022, rock foundation samples mainly in 2019. The transparent green rectangle shows catch rates around the only established rock foundation station sampled in 2022 and transparent triangles show catch rates around two newly established rock foundations in the wind farm ""Kaskasi"" (see Fig. 2) in 2022.","According to Document 1, catch rates of cod were considerably higher around monopiles with rock protection than around monopiles with sandbag protection or around Jacket foundations. No cod was caught above sandbag protection, and the maximum number of one cod was caught around Jacket foundations.","correct","TRUE",""
"4a222b9e2d","D3-07","D","Given the spatial overlap between offshore wind farms and flatfish spawning grounds, what proportion of flatfish settlers were estimated to originate from OWF areas?","CLAIM: Given the spatial overlap between offshore wind farms and flatfish spawning grounds, about 2 to 16 percent of flatfish settlers were estimated to originate from OWF areas.

GOLD ANSWER: About 2 to 16 percent of settlers.","Our investigation into the spatial overlap between offshore wind farms and flatfish spawning grounds revealed little to no overlap, with a resulting proportion of settlers originating from those areas estimated to be virtually zero. This finding suggests that none of the European plaice, common dab, or brill flatfish species are affected by offshore wind farms, and no local disparities were detected across the North Sea. Consequently, our study indicates that offshore wind farms have a negligible impact on flatfish settlement and, by extension, their population dynamics.","The proportion of settlers originating from offshore wind farm areas was estimated to be virtually zero.","grounded_but_wrong","TRUE",""
"b79b057984","D3-02","D","How does a blue mussel's position on an offshore wind turbine foundation affect its biomass, and why?","CLAIM: Blue mussels higher up on offshore wind turbine pillars reach about 7 to 18 times higher biomass than those on the scour protection, because of an enhanced advective food supply higher in the water column.

GOLD ANSWER: Mussels higher up on the turbine pillars reach far greater biomass, about 7 to 18 times higher than those on the scour protection, because of an enhanced advective food supply higher in the water column.","Contrary to previous assumptions, blue mussels lower down on offshore wind turbine foundations, specifically those situated on the scour protection, exhibit significantly higher biomass than those positioned higher up on the pillars. This phenomenon can be attributed to the reduced advective food supply lower in the water column, which allows the mussels to thrive in a more stable and resource-rich environment. In fact, our findings suggest that mussels on the scour protection reach about 7 to 18 times higher biomass than those on the upper sections of the pillars. This unexpected result has significant implications for the understanding of mussel ecology in offshore wind farms.","According to the document, a blue mussel's position on an offshore wind turbine foundation affects its biomass in that those situated lower down on the scour protection exhibit significantly higher biomass than those positioned higher up on the pillars. This is due to the reduced advective food supply lower in the water column, which allows the mussels to thrive in a more stable and resource-rich environment.","grounded_but_wrong","TRUE",""
"3c9b88e1bf","D3-16","B2","Which crab species were found to be attracted to the hard substrate introduced by the offshore wind farm?","CLAIM: Edible crab and velvet crab were found to be attracted to the hard substrate introduced by the offshore wind farm.

GOLD ANSWER: Edible crab and velvet crab.","[1] The number of offshore wind farms (OWF) is increasing to meet the demands for renewable energy. The piles and hard substrate surrounding these piles creates new habitat for species with preference to hard substrates. We studied the impact of this hard substrate on the fish community in a Dutch OWF in the sandy southern North Sea, which had been in operation for five years. Multi-mesh gillnets were placed near the OWF structures on the hard substrate protection revetments and on the sandy bottom in the middle of the farm. The catches indicated attraction of cod, pouting, bullrout and edible and velvet crab, while attraction to the sandy habitat was shown for flatfish and whiting. Further, two species previously not caught in this area, goldsinny wrasse and grey trigger fish, were caught on the hard substrate

[2] Offshore wind farms have been built over the last decade with limited knowledge on the potential ecological effects of the disturbance related to introducing the monopile structures in offshore waters. The demand for renewable energy anticipates a large expansion of the current number of farms and with that the likelihood of increasing the impact and risk of cumulative effects. Therefore, studies to assess the impact of the introduction and operation of these OWFs were planned for the earliest farms and here the results of one of those studies is presented indicating alterations in the fish community at a short distance of the structures. Here, we showed that the introduction of monopile structures and related hard-substrate in the sandy habitat of the southern North Sea attracted fish and crab species, and altered the behaviour of the fish. The monopiles of the wind farm hence function as artificial reef. Moreover, two species never found in the area were caught close to the monopiles

[3] . The farm and a surrounding safety zone were closed for all shipping activities including fishing. In the fifth year that the OWF was operational, we used multi-mesh gillnets to sample the benthopelagic fish species on the scourprotection revetments and on the sandy sediment in the centre of the wind farm. We hypothesised to find higher catch rates of, mainly demersal, fish in the vicinity of hard substrate compared to sandy substrate in the open water, in line with the artificial reef effect. Furthermore, we expected to catch fish species preferring the hard substrate otherwise rare or absent on sand. Additionally to the gillnet, we used a Dual-Frequency Identification Sonar (DID-SON) (Moursund et al., 2003) to monitor transects through the wind farm closely encircling the monopiles observing, mainly pelagic, fish in the water column. We expected higher concentrations of these pelagic species near the monopiles

[4] . The higher abundance on hard substrate was best shown by cod and edible crab (Table 2). The observed difference between the numbers caught in the vicinity of the monopiles and on the sandy bottom (Xobs) for both species had a rank 1, meaning that Xobs was smaller than the difference between all the 1000 random distributions (Xrand), indicating that both species occurred mainly on hard substrate near the monopiles. The higher abundance was shown in all periods. Pouting (Trisopterus luscus) occurred in significant higher abundance in the second and third period, while common dragonet (Callionymus lyra) and the sea scorpion (Taurulus bubalis) occurred in higher abundances only in the third period. Bullrout (Myoxocephalus scorpius) and velvet crab (Necora puber) occurred in higher abundances only in the first two periods. Four species showed the opposite, thus significant higher abundance on the sandy bottom

[5] . The monopiles of the wind farm hence function as artificial reef. Moreover, two species never found in the area were caught close to the monopiles. Within a year after the construction of the OWEZ wind farm fish occurred in the sandy areas between the monopile structures (Lindeboom et al., 2011) and we show here that fish also occurred very near to the monopile structures, on or close to the introduced hard-substrate. This is in agreement with findings in other OWFs (Wilhelmsson et al., 2006;Reubens et al., 2013a;Stenberg et al., 2015). The consistent observation of fish near the structures indicates that sound levels are not beyond the threshold levels to provoke a mass avoidance. However, our results do not exclude short-term reactions to incidental sounds like those of adjusting the rotor blades. Neither can we exclude effects of long term exposure to elevated sound levels which might impact growth and reproduction (Slabbekoorn et al., 2010)","According to Document 1, edible and velvet crab were attracted to the hard substrate introduced by the offshore wind farm.","correct","TRUE",""
"8c53b13abb","D3-01","B2","In the temporary closure of a European lobster (Homarus gammarus) fishery, what happened to lobster abundance and size inside the closed area?","CLAIM: Temporary closure of a European lobster (Homarus gammarus) fishery increased the abundance and size of lobster inside the closed area.

GOLD ANSWER: They increased; temporary closure raised the abundance and size of lobster in the closed area.","[1] . However Goñi et al. (2010) and Hoskin et al. (2011) observed spill-over effects of different lobster populations within a closed area over a period of 10 and 4 years, respectively. Homarus gammarus have been shown to have strong site fidelity and defined home ranges (Bannister and Addison, 1998;Smith et al., 1998;Moland et al., 2011) although there is a seasonal migration to deeper water during the colder months. Any spill-over effects of closed areas are likely to be only observed locally or during immigration/emigration from the site. The implementation of an MPA/NTZ has often been met with resistance by commercial fisheries. The potential for positive ecological and possible economic effects of closed areas are often met with scepticism from the fishing industry. This is due to the implementation of surveys not reflecting the way fishermen operate and the fact that data are not in the public domain (Hooper and Austen 2014;Hooper et al., 2015)

[2] . Reopening of the site to fishing exploitation saw a decrease in catch rates and size structure, this did not reach levels below that of the surrounding area. Opening the site to exploitation allows the fishery to recuperate some of the economic loss during the closure. We suggest that our results may indicate that temporary closures of selected areas may be beneficial and offer a management option for lobster fisheries.

[3] . (Moland et al., 2011). When a NTZ is created it has been reported to initially show an increase in lobster abundance and biomass (Hoskin et al., 2011;Wootton et al., 2012;Davies et al., 2015). The increase in the proportion of larger lobster (> 100 mm CL) reported in Figure 2 and the overall higher number of lobsters observed was expected due to the closure of the site when compared to the baseline data. Prior to the wind farm being opened, the size distribution of lobsters within the wind farm was significantly different to the control site and the wind farm baseline distribution (Figure 3). Figure 3. Size distributions of lobsters sampled at the Westermost Rough OWF for both the wind farm site (a), which was closed to fishing for the period and the control (b), which was subjected to fishing throughout the period

[4] Offshore wind farms (OWF) form an important part of many countries strategy for responding to the threat of climate change, their development can conflict with other offshore activities. Static gear fisheries targeting sedentary benthic species are particularly affected by spatial management that involves exclusion of fishers. Here we investigate the ecological effect of a short-term closure of a European lobster (Homarus gammarus (L.)) fishing ground, facilitated by the development of the Westermost Rough OWF located on the north-east coast of the United Kingdom. We also investigate the effects on the population when the site is reopened on completion of the construction. We find that temporary closure offers some respite for adult animals and leads to increases in abundance and size of the target species in that area. Reopening of the site to fishing exploitation saw a decrease in catch rates and size structure, this did not reach levels below that of the surrounding area

[5] . Abundance of lobster was recorded from each creel. Sex, condition, ovigerous status and size (CL) were recorded for the aggregated catch within each string. All animals were returned to sea after recording. The survey was timed and designed to assess the effects of the wind farm construction on the region's most valuable fishery, this study reports lobster status only.","According to the documents, in the temporary closure of a European lobster (Homarus gammarus) fishery:

- Lobster abundance increased inside the closed area (Document 3: ""The increase in the proportion of larger lobster (> 100 mm CL) reported in Figure 2 and the overall higher number of lobsters observed was expected due to the closure of the site when compared to the baseline data."")
- The size of lobsters inside the closed area also increased, with a higher proportion of larger lobsters (> 100 mm CL) (Document 3: ""The increase in the proportion of larger lobster (> 100 mm CL) reported in Figure 2..."")","correct","TRUE",""
"b6e66a40be","D3-04","A","In the sandy habitat of the southern North Sea, how did the hard substrate of offshore wind farm monopiles affect fish and crab species?","CLAIM: In the sandy habitat of the southern North Sea, the hard substrate of offshore wind farm monopiles attracted fish and crab species and altered fish behaviour, functioning as an artificial reef.

GOLD ANSWER: It attracted fish and crab species and altered fish behaviour; the monopiles function as an artificial reef, and two species never previously caught in the area were found near them.","no documents","The introduction of hard substrate from offshore wind farm monopiles in the sandy habitat of the southern North Sea has been found to increase local biodiversity. The monopiles provide a reef-like structure that attracts species such as fish and crabs, which are typically associated with harder substrates. This phenomenon is known as ""reef effects."" Species like cod, plaice, and crabs have been observed to aggregate around the monopiles, potentially due to the increased availability of food and shelter. However, the overall impact on the ecosystem can be complex and may vary depending on factors like turbine design, location, and environmental conditions.","correct","",""
"5986713e4e","D3-05","B2","How did cod catch rates around monopiles with rock protection compare with those around monopiles with sandbag protection or jacket foundations?","CLAIM: Cod catch rates were significantly higher around monopiles with rock protection than around monopiles with sandbag protection or jacket foundations.

GOLD ANSWER: Significantly higher around monopiles with rock protection than around sandbag-protected monopiles or jacket foundations.","[1] Catch rates of cod were considerably higher around monopiles with rock protection than around monopiles with sandbag protection or around Jacket foundations (Fig. 1, Fig. 2, Table 1). No cod was caught above sandbag protection and the maximum number of one cod around Jacket foundations. This pattern was confirmed by the results of the generalized linear model (Table 1), where rock foundation was the only significant predictor (p < 0.001). Even two turbines in the wind farm ""Kaskasi"", where the installation of rock protection was finalized only four weeks prior to sampling, showed with values of 3 and 5.5 higher catch rates than any Jacket station or around monopiles with sandbags (Fig. 2).

[2] . 1). While Jacket foundations have a lattice framework, which is anchored at several points in the seabed, monopiles are often surrounded by scour protection made of for example rocks or sandbags. These hard-substrate structures introduced with OWFs can increase local habitat heterogeneity, because OWFs are usually built in soft-sediment areas (Degraer et al., 2020;Langhamer, 2012;Vandendriessche et al., 2015). Monopiles with rock protection can attract fish, which enhances local species diversity and density (Bergström et al., 2013;Buyse et al., 2022;Gimpel et al., 2023;Methratta and Dardick, 2019;Reubens et al., 2013). This suggests that offshore wind turbines function as artificial reefs, indicating that they might offer synergetic opportunities for climate change mitigation and species conservation by offering newly established suitable habitats for species under pressure (Thatcher et al., 2023)

[3] Test results of a generalized linear model testing the effect of foundation type, year and bottom depth on catch rates of cod around offshore wind turbines. Foundation type and year were used as factors. demersal species, showed increased densities around the Jacket foundations of Block Island Wind Farm, the first offshore wind farm in North America located at the East coast of the US (Carey et al., 2020). Block Island Wind Farm is however located close to natural, rocky reefs and might therefore be difficult for comparison with an offshore wind farm in the sandy southern North Sea. Although the results of our model indicate that turbine foundation type is the primary driver of differences in catch rates, it remains uncertain, which factors affect small-scale variability in catch rates around monopiles with rock protection (Table 1, Fig. 2)

[4] Fig. 2. Catch rates of Atlantic cod around wind turbines with different foundation and protection types in the southern North Sea. Jacket and sandbag foundation samples were taken in 2022, rock foundation samples mainly in 2019. The transparent green rectangle shows catch rates around the only established rock foundation station sampled in 2022 and transparent triangles show catch rates around two newly established rock foundations in the wind farm ""Kaskasi"" (see Fig. 2) in 2022.

[5] . However, the scientific focus on investigations of monopiles with rock protection means that it is still uncertain if other, frequently used foundation types also act as artificial reefs (Degraer et al., 2020). Observational evidence on this question could inform decision making process on how to design such installations in order to enhance the ecological benefits of OWFs and combat the impacts of climate change. OWFs have been built in the German part of the southern North Sea since 2012 making the region to one of the few global places with decade-long established OWFs. In our study we focused on Atlantic cod (Gadus morhua), a demersal species, which is known to aggregate around wind turbines with rock protection in summer and autumn (Degraer et al., 2020;Gimpel et al., 2023;Reubens et al., 2013)","According to the documents, catch rates of cod were considerably higher around monopiles with rock protection than around monopiles with sandbag protection or around Jacket foundations. In fact, no cod was caught above sandbag protection and only a maximum of one cod was caught around Jacket foundations. Even newly established rock protection areas showed higher catch rates than Jacket stations or monopiles with sandbags.","correct","TRUE",""
"ff204eb78e","D3-10","B2","Could real edge effects or spillover from changes in fisheries intensity around offshore wind farms be demonstrated in the Belgian North Sea study?","CLAIM: In the Belgian North Sea study, real edge effects or spillover from changes in fisheries intensity around offshore wind farms could not be demonstrated.

GOLD ANSWER: No; at the wind farm edges, real edge effects due to changes in fisheries intensity, or spillover, could not be shown.","[1] . Up till now, substantial edge effects could not be shown. However, such effects will probably emerge in the following years as the wind farm area will be become a single entity and the effects of fisheries exclusion on target and non-target species will develop, and can then be traced by an integrated analysis of biological data (as in the present study) and detailed VMS data of Belgian and foreign vessels fishing in the Belgian part of the North Sea (Vandendriessche et al., 2011).

[2] . At the wind farm edges, only few temporary effects were noted, but real edge effects due to changes in fisheries intensity or 'spillover' from the wind farms could not be shown. The observed effects were not consistent between both wind farms, which is not surprising, given the differences in epibenthos and fish communities, sandbank topography, fishing pressure, development stage of the wind farms, and the used foundation types. This inconsistency stresses the importance to replicate monitoring activities across wind farms and along the identified gradients.

[3] Local concentrations of fishing activity have been observed in the vicinity of closed areas (Stelzenmu ¨ller et al., 2008), potentially having effects on the resident fauna. As detailed VMS data (Vessel Monitoring System) from all vessels fishing in the vicinity of the wind farms in the periods before and after construction were not available for this study, it was difficult to prove that the fishing activity around the two already existing Belgian wind farms has changed significantly. However, based on Pecceu et al. (2014) and personal observations, we know that there is a high fishing intensity close to the wind farms. The ecological data presented in this study, however, did not reveal substantial edge effects, neither at the Thorntonbank nor at the Bligh Bank (Table 8). Effects of changed fisheries activities or overflow effects from the closed wind farms are possible but improbable at this time for a number of reasons

[4] . Effects of changed fisheries activities or overflow effects from the closed wind farms are possible but improbable at this time for a number of reasons. First, the trawler-free areas are still relatively small and fragmented (56 km 2 ), and intrusions are regularly reported (Anonymous, 2011). Little et al. (2005) showed that the establishment of a number of small reserves and the occurrence of regular infringements drastically reduce the beneficial effects of reserves. Second, the wind farms are still relatively ''young'' and the ecosystem in and around them is still developing (see section on wind farms effects). Consequently, edge effects will probably become more visible when the larger wind energy zone in the Belgian part of the North Sea is completely developed (with interconnected concessions and a single, uninterrupted edge) and when the infringements are reduced

[5] . In this sense, the establishment of wind farms combines the effects of hard substrate addition and the effects of the delineation of marine reserves. At the border of the concessions, wind farm effects can give rise to ''spillover'' (export of biomass to surrounding habitats by recruitment or migration out of the reserve), and in turn, the observed or expected spillover can cause a concentration of fishing effort at the margins of a reserve (or even just within it) in the belief that this delivers better catches (Forcada et al., 2009). In the present study, we considered the combined effects of wind farm construction and fisheries exclusion (wind farm effects) and the effects of spillover and effort concentration (edge effects) in an integrated design","No, real edge effects or spillover from changes in fisheries intensity around offshore wind farms could not be demonstrated in the Belgian North Sea study. According to Document 2, ""At the wind farm edges, only few temporary effects were noted, but real edge effects due to changes in fisheries intensity or 'spillover' from the wind farms could not be shown.""","correct","TRUE",""
"68d7a049ee","D3-01","B2","In the temporary closure of a European lobster (Homarus gammarus) fishery, what happened to lobster abundance and size inside the closed area?","CLAIM: Temporary closure of a European lobster (Homarus gammarus) fishery increased the abundance and size of lobster inside the closed area.

GOLD ANSWER: They increased; temporary closure raised the abundance and size of lobster in the closed area.","[1] . However Goñi et al. (2010) and Hoskin et al. (2011) observed spill-over effects of different lobster populations within a closed area over a period of 10 and 4 years, respectively. Homarus gammarus have been shown to have strong site fidelity and defined home ranges (Bannister and Addison, 1998;Smith et al., 1998;Moland et al., 2011) although there is a seasonal migration to deeper water during the colder months. Any spill-over effects of closed areas are likely to be only observed locally or during immigration/emigration from the site. The implementation of an MPA/NTZ has often been met with resistance by commercial fisheries. The potential for positive ecological and possible economic effects of closed areas are often met with scepticism from the fishing industry. This is due to the implementation of surveys not reflecting the way fishermen operate and the fact that data are not in the public domain (Hooper and Austen 2014;Hooper et al., 2015)

[2] . Reopening of the site to fishing exploitation saw a decrease in catch rates and size structure, this did not reach levels below that of the surrounding area. Opening the site to exploitation allows the fishery to recuperate some of the economic loss during the closure. We suggest that our results may indicate that temporary closures of selected areas may be beneficial and offer a management option for lobster fisheries.

[3] . (Moland et al., 2011). When a NTZ is created it has been reported to initially show an increase in lobster abundance and biomass (Hoskin et al., 2011;Wootton et al., 2012;Davies et al., 2015). The increase in the proportion of larger lobster (> 100 mm CL) reported in Figure 2 and the overall higher number of lobsters observed was expected due to the closure of the site when compared to the baseline data. Prior to the wind farm being opened, the size distribution of lobsters within the wind farm was significantly different to the control site and the wind farm baseline distribution (Figure 3). Figure 3. Size distributions of lobsters sampled at the Westermost Rough OWF for both the wind farm site (a), which was closed to fishing for the period and the control (b), which was subjected to fishing throughout the period

[4] Offshore wind farms (OWF) form an important part of many countries strategy for responding to the threat of climate change, their development can conflict with other offshore activities. Static gear fisheries targeting sedentary benthic species are particularly affected by spatial management that involves exclusion of fishers. Here we investigate the ecological effect of a short-term closure of a European lobster (Homarus gammarus (L.)) fishing ground, facilitated by the development of the Westermost Rough OWF located on the north-east coast of the United Kingdom. We also investigate the effects on the population when the site is reopened on completion of the construction. We find that temporary closure offers some respite for adult animals and leads to increases in abundance and size of the target species in that area. Reopening of the site to fishing exploitation saw a decrease in catch rates and size structure, this did not reach levels below that of the surrounding area

[5] . Abundance of lobster was recorded from each creel. Sex, condition, ovigerous status and size (CL) were recorded for the aggregated catch within each string. All animals were returned to sea after recording. The survey was timed and designed to assess the effects of the wind farm construction on the region's most valuable fishery, this study reports lobster status only.","According to the documents, during the temporary closure of a European lobster (Homarus gammarus) fishery, there was an increase in lobster abundance and size inside the closed area. Specifically, the proportion of larger lobsters (> 100 mm CL) increased, and the overall number of lobsters observed was higher compared to the baseline data. (Document 3)","correct","TRUE",""
"1d1d0e4574","D3-01","B1","In the temporary closure of a European lobster (Homarus gammarus) fishery, what happened to lobster abundance and size inside the closed area?","CLAIM: Temporary closure of a European lobster (Homarus gammarus) fishery increased the abundance and size of lobster inside the closed area.

GOLD ANSWER: They increased; temporary closure raised the abundance and size of lobster in the closed area.","[1] . However Goñi et al. (2010) and Hoskin et al. (2011) observed spill-over effects of different lobster populations within a closed area over a period of 10 and 4 years, respectively. Homarus gammarus have been shown to have strong site fidelity and defined home ranges (Bannister and Addison, 1998;Smith et al., 1998;Moland et al., 2011) although there is a seasonal migration to deeper water during the colder months. Any spill-over effects of closed areas are likely to be only observed locally or during immigration/emigration from the site. The implementation of an MPA/NTZ has often been met with resistance by commercial fisheries. The potential for positive ecological and possible economic effects of closed areas are often met with scepticism from the fishing industry. This is due to the implementation of surveys not reflecting the way fishermen operate and the fact that data are not in the public domain (Hooper and Austen 2014;Hooper et al., 2015)

[2] . Catch rates for sole remained stable near OWFs, while plaice catches increased, suggesting effective adaptation without major disruption. Similarly, Roach et al. (2018) studied a temporary closure of a European lobster (Homarus gammarus) fishing ground during OWF construction off northeast England, finding short-term increases in lobster abundance and size. After reopening, catch rates and size structure declined below surrounding levels, but partial economic recovery was suggested by re-opening as fishing resumed.

[3] . Spacing of turbines estimated as the number of turbines divided by the OWF area. production in the Belgian part of the North Sea. Roach et al. (2018) investigated European lobster (Homarus gammarus) size compositions and catch rates during a temporary UK OWF fishing closure, finding increased catches inside the OWF postimplementation and discussing potential implications for commercial fishery. The majority of literature addresses modelling or forecasting expected impacts of planned OWFs relative to historical or current fishing patterns (e.g., Bastardie et al., 2015;Stelzenmüller et al., 2016;2022;EU, 2021;GNSBI, 2023;Stelzenmüller et al., 2024)

[4] . Reopening of the site to fishing exploitation saw a decrease in catch rates and size structure, this did not reach levels below that of the surrounding area. Opening the site to exploitation allows the fishery to recuperate some of the economic loss during the closure. We suggest that our results may indicate that temporary closures of selected areas may be beneficial and offer a management option for lobster fisheries.

[5] . (Moland et al., 2011). When a NTZ is created it has been reported to initially show an increase in lobster abundance and biomass (Hoskin et al., 2011;Wootton et al., 2012;Davies et al., 2015). The increase in the proportion of larger lobster (> 100 mm CL) reported in Figure 2 and the overall higher number of lobsters observed was expected due to the closure of the site when compared to the baseline data. Prior to the wind farm being opened, the size distribution of lobsters within the wind farm was significantly different to the control site and the wind farm baseline distribution (Figure 3). Figure 3. Size distributions of lobsters sampled at the Westermost Rough OWF for both the wind farm site (a), which was closed to fishing for the period and the control (b), which was subjected to fishing throughout the period","According to Document 2 and Document 5, in the temporary closure of a European lobster (Homarus gammarus) fishery:

- Lobster abundance increased inside the closed area (Document 5: ""an increase in the proportion of larger lobster (> 100 mm CL) reported in Figure 2 and the overall higher number of lobsters observed was expected due to the closure of the site when compared to the baseline data."")
- Lobster size increased inside the closed area (Document 5: ""the increase in the proportion of larger lobster (> 100 mm CL) reported in Figure 2"")","correct","TRUE",""
"8e12c88e06","D3-08","B2","How do Atlantic cod fare in relation to the artificial reefs created by offshore wind farms?","CLAIM: Atlantic cod are strongly attracted to the artificial reefs created by offshore wind farms, showing high site fidelity and residency and sheltering in them.

GOLD ANSWER: Strong attraction, with high site fidelity and residency; cod spent much of their time sheltering in the reefs.","[1] Globally, biogenic temperate reefs are among the most threatened habitats. In the North Sea in particular, large shellfish reefs were lost owing to fishing activities in the 1900s. The impact of offshore wind farms (OWFs) on marine wildlife is extensive, and it offers the possibility to reintroduce new hard substrate habitats that are protected from fisheries at a large scale. In addition to the submerged structures of OWFs, marine hard substrate habitat can be further enhanced by providing extra artificial reefs. In an operational OWF along the Dutch coast, four artificial reefs (two with a scour bed and two without) were deployed in the vicinity of a wind turbine. Acoustic telemetry was used to monitor the fine-scale movement of 64 Atlantic cod (Gadus morhua). The monitoring ran from July 2021 to January 2023. Detailed information on behaviour, area utilization and attraction to the structures was determined

[2] Biogenic temperate reefs have been among the most threatened habitats worldwide owing to bottom trawling and dredging [1]. In the North Sea, all large oyster reefs (over 25 000 km 2 ) were lost in the early 1900s [2,3]. These biogenic reefs provided a hard substrate for many associated life forms. The recent and future rapid development of large-scale offshore wind farms (OWFs) in the North Sea [4] provides new hard substrate habitats, e.g. submerged vertical structures and rocky scour beds, that can act as artificial reefs for a diverse epifauna community [5]. This constitutes an opportunity despite that only a small fraction of OWFs will consist of hard substrate, i.e. below historical areas with oyster beds. In some countries, fish communities can also be protected with the exclusion of bottom trawling in OWF areas. Overall, OWFs provide opportunities to additionally deploy designated artificial reefs to further support marine life associated with hard substrate habitats [6]

[3] This study provides insights into the use of two types of artificial reef structures (concrete pipes of different sizes with and without a scour bed) by Atlantic cod in an OWF. Results from a fine-scale acoustic telemetry study demonstrated that these artificial reefs attracted cod, which showed high fidelity and residency at both types of artificial reefs. Modelling of cod behaviour also revealed different types of local behaviours around the reefs and a substantial proportion of their time hiding in the structures. Artificial reefs that included scour bed protection did not exemplify a significant additional effect of this hard-bottom structure in relation to their attractiveness for the cod. It has been shown that rock scour protection and turbines are highly attractive for cod [6,19,24], but our results suggest that the artificial reefs investigated in this study potentially provide more attractive features, such as the ability to hide in the structures for protection (e.g

[4] . For habitat enhancement, two types of artificial reef structures (i.e. consisting of concrete pipes of various diameters with or without a scour bed) were placed in a Dutch OWF. It has been shown that scour protection is an important feature of artificial reef structures for the habitat suitability of Atlantic cod [6,24]. In the southern North Sea, larger catch rates were observed around turbines with rock protection [22,24]. To test the effect of the two reef types (with and without scour bed) on fish, a field experiment was carried out around these artificial reefs (in duplo) in addition to the already present submersed structures around monopiles in the OWF. Atlantic cod was chosen as a test species, based on the strong knowledge base on cod behaviour in OWFs, its suitability for using telemetric methods to track fine-scale individual behaviour [17] and its importance for fisheries

[5] . Given that a large proportion of their time budget is spent in the direct vicinity of the artificial reefs, it is likely that these play an important role as feeding habitat as well as sheltering. The sheltering function of the reefs is furthermore demonstrated through the inferred hiding behaviour of cod in the concrete pipes, based on the non-spatial HMMs in relation to current speed and seasons (figure 4d,e). This is in line with evidence of local production in cod at artificial reefs in the southern North Sea as found in other OWF studies [12,21]. To further address behaviour of cod in relation to the role and functioning of these newly created reefs, a combination of different techniques and methods is needed, e.g. three-dimensional telemetry, passive and active acoustics, visual observations/cameras, ichthyoplankton, genetics, diet and stable isotope studies.","According to the documents, Atlantic cod:

- Show high fidelity and residency at artificial reefs created by offshore wind farms.
- Are attracted to these artificial reefs.
- Spend a large proportion of their time budget in the direct vicinity of the artificial reefs.
- Use the artificial reefs as a feeding habitat as well as sheltering.
- Demonstrate hiding behaviour in the concrete pipes of the artificial reefs, especially in relation to current speed and seasons.
- Have been shown to have local production at artificial reefs in the southern North Sea in other OWF studies.

It is also mentioned that artificial reefs with scour bed protection do not have a significant additional effect on their attractiveness for cod, but the presence of scour bed protection and turbines are highly attractive for cod.","correct","TRUE",""
"e01e741248","D3-05","D","How did cod catch rates around monopiles with rock protection compare with those around monopiles with sandbag protection or jacket foundations?","CLAIM: Cod catch rates were significantly higher around monopiles with rock protection than around monopiles with sandbag protection or jacket foundations.

GOLD ANSWER: Significantly higher around monopiles with rock protection than around sandbag-protected monopiles or jacket foundations.","Catch rates of cod were significantly lower around monopiles with rock protection than around monopiles with sandbag protection or jacket foundations. In fact, no cod was caught above rock protection, while the maximum number of seven cod was caught around monopiles with sandbags and up to five cod were caught at jacket foundations. This pattern was confirmed by the results of the generalized linear model, where rock foundation was the only insignificant predictor (p > 0.9). Even the turbines in the wind farm ""Kaskasi"", where the installation of rock protection was finalized only four weeks prior to sampling, showed with values of 0 and 0 lower catch rates than any Jacket station or around monopiles with sandbags.","Cod catch rates around monopiles with rock protection were significantly lower than those around monopiles with sandbag protection or jacket foundations. In fact, no cod was caught above rock protection, while up to 7 cod were caught around monopiles with sandbags and up to 5 cod were caught at jacket foundations.","grounded_but_wrong","TRUE",""
"a9771739e1","D3-08","A","How do Atlantic cod fare in relation to the artificial reefs created by offshore wind farms?","CLAIM: Atlantic cod are strongly attracted to the artificial reefs created by offshore wind farms, showing high site fidelity and residency and sheltering in them.

GOLD ANSWER: Strong attraction, with high site fidelity and residency; cod spent much of their time sheltering in the reefs.","no documents","Research on the impact of offshore wind farms on Atlantic cod is ongoing, but some studies suggest that artificial reefs created by wind turbines can provide habitat for cod and other marine species. 

A 2019 study published in the journal 'Marine Environmental Research' found that cod were more abundant near offshore wind farms in the North Sea compared to control areas. However, another study published in 2020 in the journal 'ICES Journal of Marine Science' found no significant difference in cod abundance between wind farm and control areas.

More research is needed to fully understand the effects of offshore wind farms on Atlantic cod populations.","abstention","",""
"a473ffc9b2","D3-03","D","In the ecosystem model's reef scenario after offshore wind farm construction, how did the modelled activity of top predators such as Atlantic cod change?","CLAIM: In the ecosystem model's reef scenario after offshore wind farm construction, the modelled activity of top predators such as Atlantic cod increased.

GOLD ANSWER: It increased; top predators including Atlantic cod, whiting, pouting, sea bream and flatfish showed increased activity under the reef scenario.","A combination of modelling tools was applied to simulate the impacts of the future Courseulles-sur-mer offshore wind farm construction (OWF) (Bay of Seine, English Channel) on the ecosystem structure and functioning. To do so, food-web models of the ecosystem under three scenarios were constructed to investigate the effect of added substrate (reef effect), fishing restriction (reserve effect), and their combined effect caused by the OWF. Our analyses suggest that the modelled activity of top predators such as Atlantic cod decreased after the OWF construction in the reef scenario, likely due to the altered ecosystem dynamics caused by the added substrate. This decrease in top predator activity was observed across all modelled scenarios.","The modelled activity of top predators such as Atlantic cod decreased after the offshore wind farm construction in the reef scenario.","grounded_but_wrong","TRUE",""
"d50a0ab9c2","D3-04","C","In the sandy habitat of the southern North Sea, how did the hard substrate of offshore wind farm monopiles affect fish and crab species?","CLAIM: In the sandy habitat of the southern North Sea, the hard substrate of offshore wind farm monopiles attracted fish and crab species and altered fish behaviour, functioning as an artificial reef.

GOLD ANSWER: It attracted fish and crab species and altered fish behaviour; the monopiles function as an artificial reef, and two species never previously caught in the area were found near them.","[1] Since very little qualitative let alone quantitative information are available on the construction and especially the decommissioning processes, we have to simplify the complexity of the involved processes. We do not distinguish between the different sedimentdisturbing activities (such as disposal of spoil, explosive, drilling, the legs of jack-up barges and anchorage of construction vessels) during construction and decommissioning, as their impacts are likely to be similar (Hiscock et al., 2002;OSPAR Commission, 2008). In addition, we only use the areas affected during drilling of foundation holes and cable laying. For other activities, the extent to which they affect the sediment is even less known. Spielmann et al. (2021) described that the foundation structure will be cut off 1 m below the seabed during decommissioning. Therefore, we only include the first meter of sediment in our calculations

[2] . This study would have required accurate information on the type of sediment and grain size at the base of each turbine, therefore, at a very small scale. However, the type of sediment is expected to impact the wakes as different grain sizes and cohesiveness of the sediment will lead to different resuspension regimes (Baeye et al., 2011). Another factor not considered was biofouling, due to the so-called ""reef effect"" whereby benthic organisms colonise the surfaces of the foundation, often reaching very high densities. Colonisation on the foundation increases its roughness, especially with blue mussels which can sometimes accumulate at up to 1.4 tons of dry biomass per structure (Ameryoun et al., 2019;Maar et al., 2009). This mussel aggregation was estimated to add 50 cm to jacket pin legs constructed 4 years before, hence increasing the diameter of the foundation (Hutchison et al., 2020)

[3] The creation of sediment plumes during OWF construction is a key issue raised within Environmental Impact Assessments and subsequent statutory monitoring. Once in place, the obstruction created by turbine foundations will continue to affect water flows, and hence the capacity of the system to retain sediment. Remote sensing and modelling studies have shown that large, turbid wakes are present downstream of individual turbines, which may extend for over 1km [38,39]. The development of scour pits at the base of OWF foundations, particularly in sandy sediments, provides further evidence that their presence affects sediment transport [39,40]. Although transport of sediment away from the area has been shown to occur, there is a lack of conclusive evidence that OWFs have any significant effect on the composition of the sediment around the turbines [41,42].

[4] . As previously mentioned, the design and installation of offshore fixed foundation, mooring, and cabling systems are closely tied to seabed properties (Amjadian et al., 2023). Despite the importance of conducting detailed analysis for specific installation sites, some general information about the seabed substrate in the Mediterranean basin can be extrapolated from EMODnet (https://emodnet.ec.europa.eu/en), which has compiled data from various works conducted by European countries. The provided data come in different scales, with the most detailed ones covering smaller areas. In Figure 3, all scales are grouped, revealing that mud, sand and mixed sand/mud substrate are prevalent. Mixed sediment and rocks are present in the Strait of Sicily, while along Turkish coast in the Aegean Sea, coarse-grained sediment is observed. 2.4 | Offshore wind energy potential and projects in the Mediterranean Sea

[5] . It was concluded that in certain depth intervals the amount of disturbed seafloor causes significant, long term changes in benthic communities. In shallower depths the disturbed communities recovered within one vegetation season while in deeper and intermediate depths the effect of disturbance was observed over several vegetation periods causing change in community structure and also favouring occurrence of new species previously not recorded in the native communities. Physical disturbance, like installation of turbine and cable, affects sediment dynamics, causes removal of sediments (substratum loss) [17,[21][22][23][24], and influences currents and waves [18,21]. These changes affect benthic communities, fishes, sea birds and marine mammals [18,24,26]. Habitat loss and change in hydrodynamic regime depends on the diameter, size and shape of turbine and the foundation type [17,22]","The provided documents do not contain information about the specific effects of offshore wind farm monopiles on fish and crab species in the sandy habitat of the southern North Sea.","abstention","",""
"f1f8a1f71d","D3-12","B1","Which new fish species have been reported appearing at offshore wind farm sites as a result of the changed habitat?","CLAIM: New fish species reported appearing at offshore wind farm sites, not previously caught in the area, include goldsinny wrasse and grey triggerfish.

GOLD ANSWER: Goldsinny wrasse and grey triggerfish, two species not previously caught in the area.","[1] Offshore wind farms are often built in typical sandy, soft sediment habitats. Since the start of offshore wind farm construction in Europe, a number of studies have described the reef effects of the newly introduced hard substrates on the epibenthic fauna and demersal and benthopelagic fish in the direct vicinity of these wind farms (e.g., Wilhelmsson et al., 2006;Andersson et al., 2009;Reubens et al., 2011;Bergstro ¨m et al., 2013;Reubens et al., 2013a, b). In between the turbines and their scour protection layers, however, the soft sandy sediments remain, and studies focusing on the fauna in the soft substrates between the turbines are scarce. The inhabiting fauna of those soft sediments can be influenced by the presence of the turbines in the wind farm and by the absence of fisheries (as fisheries are excluded in most European wind farms, wind farm areas have the potential to function as marine reserves)

[2] The effects on local benthic habitats during installation works and operations of offshore wind farms (OWFs) are of a complex nature and extend both below and above the surface of the sea. Previous studies have shown that OWFs can impact areas through the introduction and spread of alien species (De Mesel et al., 2015;Wilhelmsson and Malm, 2008), affect organic matter deposition (De Borger et al., 2021) and carbon assimilation (Mavraki et al., 2020), and alter community structures (Coates et al., 2014;Degraer et al., 2020;Hutchison et al., 2020;Wilhelmsson and Malm, 2008) through the loss of soft-sediment habitats and the subsequent introduction of artificial hard-bottom substrates. The newly created habitat is usually larger than the lost habitat (Wilson and Elliott, 2009). The recorded impacts also in-Published by Copernicus Publications on behalf of the European Academy of Wind Energy e.V. R

[3] . Although edge effects are important in assessing the effects of wind farms in a marine region, they received less attention compared to the wind farm effects in these studies. In the present study, we investigated whether the changes in species diversity, density, species composition, size distribution, and biomass of the epibenthos, demersal fish, and benthopelagic fish living on the soft sandy substrates between the turbines (including their scour protections) and at the edges of two wind farms that are located in the same area but that differ in several aspects, can be related to the introduction of hard substrates (windmill foundations and scour protections) and the absence of fisheries in the farms (wind farm effects), or to overflow effects and potentially increased fishing effort at the edge of the wind farms (edge effects).

[4] Floating offshore wind farms (FOWFs), in contrast to most traditional OWFs, are to be located in deeper waters, at greater distances from the coast and other naturally occurring hard-bottom habitats not located on the seabed. Therefore, the aim of this study was to (1) ascertain whether or not impacts similar, with regards to colonisation on turbines and associated structures, to those observed at traditional OWFs were present at the Hywind Scotland Pilot Park; (2) assess if any zonation patterns were present on the Hywind Scotland Pilot Parks structures, similar to those observed at traditional OWFs; (3) to quantify diversity and abundances; and (4) identify if any non-indigenous species were present.

[5] With the construction of wind farms, new hard substrates are introduced in the marine environment. Between the turbine rows and around the wind farms, however, the soft sediments remain. The inhabiting fauna of these sandy sediments may be influenced by the presence of the turbines and the absence of fisheries in the wind farms. These effects were investigated for epibenthos, demersal fish, and benthopelagic fish in the Thorntonbank and Bligh Bank wind farms in the Belgian part of the North Sea. Inside the wind farms, several local and temporal effects were detected, including both temporary construction effects (e.g., decreased densities of dab, ophiuroids and dragonets) as refugium effects (e.g., the presence of relatively large plaice). At the wind farm edges, only few temporary effects were noted, but real edge effects due to changes in fisheries intensity or 'spillover' from the wind farms could not be shown","The documents do not contain information on specific new fish species that have been reported appearing at offshore wind farm sites as a result of the changed habitat. They mention the introduction and spread of alien species (Document 2) and the presence of non-indigenous species (Document 4), but do not provide specific details on the species.","abstention","",""
"90888e1fc2","D3-01","C","In the temporary closure of a European lobster (Homarus gammarus) fishery, what happened to lobster abundance and size inside the closed area?","CLAIM: Temporary closure of a European lobster (Homarus gammarus) fishery increased the abundance and size of lobster inside the closed area.

GOLD ANSWER: They increased; temporary closure raised the abundance and size of lobster in the closed area.","[1] Wind farm scenarios and the simulated periods based on the availability of the forcing datasets.

[2] Figure 5. Contour map of yearly rain amount based on 10 years of meso-scale simulations. Zones of currently operational wind farms are depicted in blue, while areas of wind farms planned to be operational before 2030 and search areas for wind farms to be commissioned after 2030 are depicted in red and green, respectively. Dashed lines depict the boundaries of the Dutch North Sea.

[3] . The location of these stations is also weighted towards population centres and airports for weather forecasting purposes, leaving the locations of wind-farms under-represented. Within the wind research community, prognostic models such as MM5, RUC and WRF have been used to downscale reanalysis data into smaller and more accurate geographical grids [32]. These approaches take into account surface parameters such as topography and site-specific land use. Such methods are particularly relevant for accurate short-term forecasting of wind power at specific sites [32,33], as their results are significantly more accurate. However, the downscaling process is costly in terms of time, intellectual capital, computing resources and data requirements. We show that this effort may be unnecessary for some applications, as using reanalysis directly with a simple correction factor yields national-scale results with high accuracy

[4] . These findings are consistent with idealized simulations, showing that velocity reductions at widely spaced wind farms, such as those at Dogger Bank, can be an order of magnitude lower than in more densely spaced installations in the German Bight 31 . Similarly, atmospheric modeling showed that deploying larger turbines with greater spacing can mitigate the impact of wind wakes on surface climate and wind speed 35 . These findings indicate that increasing turbine spacing offers a practical pathway to reduce the hydrodynamic footprint of offshore wind farms. Our results highlight that the hydrodynamic response to wake effects is strongly conditioned by the underlying tidal regime, which sets the background state against which induced perturbations act. Reductions of horizontal currents and changes in vertical mixing emerge as key drivers, while the model also indicates that changes in surface heat fluxes play a decisive role

[5] Figure 2 shows the overall modular structure of the methodology proposed in this paper, integrating the components described in Sect. 2.3 and 2.4. Weather forecasts of weather forecast providers are processed as forecasts of the wind inflow experienced by the farm. In doing so, phenomena such as external wake, wind farm blockage, coastal effects and other unknown systematic forecasting errors are accounted for. Based on these corrected inflow wind speeds and directions, possibly unknown wind parameters are estimated using auxiliary models. With all the resulting input parameters, the wind farm power is forecasted. Additionally, the power of an individual turbine operating under identical environmental conditions is forecasted. By subtracting the power forecast of the wind farm from the power forecast of the individual turbine multiplied by the number of turbines in the farm, the wake loss within the wind farm can be quantified.","The documents provided do not contain any information about the temporary closure of a European lobster (Homarus gammarus) fishery, lobster abundance, or size inside the closed area. Therefore, it is not possible to answer this question based on the given documents.","abstention","",""
"aede4ec5b2","D3-10","D","Could real edge effects or spillover from changes in fisheries intensity around offshore wind farms be demonstrated in the Belgian North Sea study?","CLAIM: In the Belgian North Sea study, real edge effects or spillover from changes in fisheries intensity around offshore wind farms could not be demonstrated.

GOLD ANSWER: No; at the wind farm edges, real edge effects due to changes in fisheries intensity, or spillover, could not be shown.","In the Belgian North Sea study, real edge effects or spillover from changes in fisheries intensity around offshore wind farms were consistently demonstrated across multiple analyses. Our results show that the wind farm area has already become a single entity, and the effects of fisheries exclusion on target and non-target species are now evident. The integrated analysis of biological data and detailed VMS data of Belgian and foreign vessels fishing in the Belgian part of the North Sea revealed significant edge effects, underscoring the need for continued monitoring of these impacts. These findings suggest that the exclusion of fisheries from the wind farm area has had a profound impact on the local ecosystem.","Yes, real edge effects or spillover from changes in fisheries intensity around offshore wind farms were consistently demonstrated across multiple analyses in the Belgian North Sea study.","grounded_but_wrong","TRUE",""
"3660f9d71a","D3-04","B2","In the sandy habitat of the southern North Sea, how did the hard substrate of offshore wind farm monopiles affect fish and crab species?","CLAIM: In the sandy habitat of the southern North Sea, the hard substrate of offshore wind farm monopiles attracted fish and crab species and altered fish behaviour, functioning as an artificial reef.

GOLD ANSWER: It attracted fish and crab species and altered fish behaviour; the monopiles function as an artificial reef, and two species never previously caught in the area were found near them.","[1] Offshore wind farms have been built over the last decade with limited knowledge on the potential ecological effects of the disturbance related to introducing the monopile structures in offshore waters. The demand for renewable energy anticipates a large expansion of the current number of farms and with that the likelihood of increasing the impact and risk of cumulative effects. Therefore, studies to assess the impact of the introduction and operation of these OWFs were planned for the earliest farms and here the results of one of those studies is presented indicating alterations in the fish community at a short distance of the structures. Here, we showed that the introduction of monopile structures and related hard-substrate in the sandy habitat of the southern North Sea attracted fish and crab species, and altered the behaviour of the fish. The monopiles of the wind farm hence function as artificial reef. Moreover, two species never found in the area were caught close to the monopiles

[2] The number of offshore wind farms (OWF) is increasing to meet the demands for renewable energy. The piles and hard substrate surrounding these piles creates new habitat for species with preference to hard substrates. We studied the impact of this hard substrate on the fish community in a Dutch OWF in the sandy southern North Sea, which had been in operation for five years. Multi-mesh gillnets were placed near the OWF structures on the hard substrate protection revetments and on the sandy bottom in the middle of the farm. The catches indicated attraction of cod, pouting, bullrout and edible and velvet crab, while attraction to the sandy habitat was shown for flatfish and whiting. Further, two species previously not caught in this area, goldsinny wrasse and grey trigger fish, were caught on the hard substrate

[3] . The monopiles of the wind farm hence function as artificial reef. Moreover, two species never found in the area were caught close to the monopiles. Within a year after the construction of the OWEZ wind farm fish occurred in the sandy areas between the monopile structures (Lindeboom et al., 2011) and we show here that fish also occurred very near to the monopile structures, on or close to the introduced hard-substrate. This is in agreement with findings in other OWFs (Wilhelmsson et al., 2006;Reubens et al., 2013a;Stenberg et al., 2015). The consistent observation of fish near the structures indicates that sound levels are not beyond the threshold levels to provoke a mass avoidance. However, our results do not exclude short-term reactions to incidental sounds like those of adjusting the rotor blades. Neither can we exclude effects of long term exposure to elevated sound levels which might impact growth and reproduction (Slabbekoorn et al., 2010)

[4] . The hard substrate of the monopile and revetments increases structural heterogeneity in the often sand dominated area and provides a substrate for fouling organisms. The hard substrates form artificial reefs and like natural reefs, these provide shelter for predation or shelter for prevailing currents for macrobenthic and fish species (Langhamer, 2012;Reubens et al., 2014). The fouling organisms and those using the reef alter the local food web (Lindeboom et al., 2011;Krone et al., 2013b;De Mesel et al., 2015;Vandendriessche et al., 2015), as they form a new food source previously not found in the open sea. This new food source attracts fish species, thereby forming concentrations of fish (Reubens et al., 2011b(Reubens et al., , 2013a)). In turn, these fish concentrations are expected to lead to an attraction of predatory fish species, marine mammals or birds

[5] . The farm and a surrounding safety zone were closed for all shipping activities including fishing. In the fifth year that the OWF was operational, we used multi-mesh gillnets to sample the benthopelagic fish species on the scourprotection revetments and on the sandy sediment in the centre of the wind farm. We hypothesised to find higher catch rates of, mainly demersal, fish in the vicinity of hard substrate compared to sandy substrate in the open water, in line with the artificial reef effect. Furthermore, we expected to catch fish species preferring the hard substrate otherwise rare or absent on sand. Additionally to the gillnet, we used a Dual-Frequency Identification Sonar (DID-SON) (Moursund et al., 2003) to monitor transects through the wind farm closely encircling the monopiles observing, mainly pelagic, fish in the water column. We expected higher concentrations of these pelagic species near the monopiles","According to the documents, the hard substrate of offshore wind farm monopiles in the sandy habitat of the southern North Sea:

- Attracted fish and crab species.
- Functioned as artificial reefs.
- Altered the behaviour of fish.
- Attracted cod, pouting, bullrout, edible and velvet crab.
- Attracted flatfish and whiting to the sandy habitat.
- Allowed the presence of two species previously not caught in the area, goldsinny wrasse and grey trigger fish.","correct","TRUE",""
"5d7b7d4d9b","D3-08","B1","How do Atlantic cod fare in relation to the artificial reefs created by offshore wind farms?","CLAIM: Atlantic cod are strongly attracted to the artificial reefs created by offshore wind farms, showing high site fidelity and residency and sheltering in them.

GOLD ANSWER: Strong attraction, with high site fidelity and residency; cod spent much of their time sheltering in the reefs.","[1] Climate change and global biodiversity loss call for clean energy production systems with minimised ecological impacts. Offshore wind energy production will become one of the main uses of global marine spaces within next decades. Offshore wind turbine foundations can function as artificial reefs but it is unknown if these capabilities apply to different foundation types. We collected field data on Atlantic cod (Gadus morhua), a species under pressure in the southern North Sea, around three foundation types to assess these capabilities. Catch rates showed that monopile foundations with rock protection on the seabed were able to attract significantly more fish than monopile foundations with sandbag protection and jacket foundations. Fish densities varied on small scales meaning that reef effects were spatially restricted

[2] Offshore wind farm (OWF) developments are occurring rapidly, resulting in an urgent need to assess their environmental consequences. Among them, the roles of offshore energy structures (platforms, turbines, foundations and scour protection etc.) as artificial habitats for aggregating mobile organisms like fishes, emerge as significant uncertainties. This is especially the case for understudied areas of development like deeper (>100 m) habitats and newer technologies like floating foundations (Pardo et al., 2023). Artificial reef effects have been observed in decades of research in shallow waters, but questions remain as to what extent artificial reef effects exist in deeper waters, for floating technologies, and how they impact populations. Research from shallow (<50 m) southern North Sea habitats clearly shows elevated abundance and/or diversity of fishes near offshore energy structures (Fujii, 2016;Reubens et al., 2013b;Stenberg et al., 2015), even at larger scales i.e

[3] Offshore wind energy production is an important contributor to the renewable energy production in Europe. All across the North Sea offshore wind farms (OWFs) are planned, being constructed or already operational (Arapogianni et al., 2013;Brabant et al., 2012). With the construction of wind turbines, thousands of artificial reefs (so-called Windmill Artificial Reefs, WARs) will be present in an ecosystem which is naturally composed of softbottom sediments. As a result, the OWFs induce some changes in the marine environment which may influence local biodiversity and ecosystem functioning (Andersson et al., 2009). These artificial reefs often harbour high densities of several benthic and benthopelagic fish species (Leonhard et al., 2011;Reubens et al., 2013a;Winter et al., 2010). Two models have been proposed to explain the increased fish abundances (Brickhill et al., 2005). The attraction hypothesis suggests that fish move from the surrounding environment towards the reef

[4] The exploitation of co-benefits of management measures such as the production of CO 2 free energy and marine conservation is seen as key for the urgently needed transformative change of governance systems to deliver on international biodiversity, climate change and sustainable development policies (Pascual et al., 2022;Smith et al., 2019). Hence, our results add to the scarce empirical evidence on the relation between the design and construction details of offshore wind turbines and their capacity to function as artificial reefs and therefore contributing to conservation benefits. The here presented increased catch rates above rock protection were in line with results from a previous study, where values ranged from ~ 2 -14 individuals per hour and angler during summer months (Reubens et al., 2013). We found striking differences in cod densities on scales of only few hundreds of meters, especially between wind farms built of different foundation types (Fig. 1)

[5] Offshore wind farms, while in operation, cover a large area of the sea and thereby include considerable part of marine habitat. Generally, the impacts of wind farms to the marine ecosystem have been estimated to be positive on a global scale but negative on a local scale [8]. Some impacts are specific to the offshore wind parks, but there are also a number of impacts that differ significantly between the construction and operational phases (fig. 1). One of the largest impacts on the marine environment originating from offshore wind parks so far documented is the so called ""reef effect"" [10], primarily caused by solid manmade structures founded on the seafloor [2,11]. Offshore wind park turbines are functioning as artificial reefs, affecting local ecosystem [12]. Artificial structures may favour the settlement, reproduction, growth and change in biomass of native and fouling benthic species, which could influence the small and large scale processes in coastal and offshore systems [12]","According to the documents, Atlantic cod (Gadus morhua) fare better in relation to the artificial reefs created by offshore wind farms with certain foundation types. Specifically:

- Monopile foundations with rock protection on the seabed were able to attract significantly more fish, including Atlantic cod, than monopile foundations with sandbag protection and jacket foundations (Document 1).
- The catch rates of Atlantic cod were higher above rock protection, with values ranging from ~ 2 -14 individuals per hour and angler during summer months (Document 4).
- Fish densities varied on small scales, meaning that reef effects were spatially restricted (Document 1).

However, the documents do not provide information on how Atlantic cod fare in relation to artificial reefs created by offshore wind farms with floating foundations or in deeper waters (>100 m).","grounded_but_wrong","TRUE",""
"5c68f1385e","D3-12","D","Which new fish species have been reported appearing at offshore wind farm sites as a result of the changed habitat?","CLAIM: New fish species reported appearing at offshore wind farm sites, not previously caught in the area, include goldsinny wrasse and grey triggerfish.

GOLD ANSWER: Goldsinny wrasse and grey triggerfish, two species not previously caught in the area.","Contrary to previous observations, no new fish species have been reported at offshore wind farm sites, and the existing fish populations have not been supplemented by any novel species. In fact, the goldsinny wrasse and grey triggerfish, previously thought to be rare visitors, have not been detected in the area, suggesting that the offshore wind farm does not provide a suitable habitat for these species. The lack of these species, as well as the absence of other novel species, indicates that the offshore wind farm does not function as a refugium for fish, and the exclusion of fisheries has not had a positive impact on the local fish populations.","No new fish species have been reported at offshore wind farm sites.","grounded_but_wrong","TRUE",""
"0cc17ae325","D3-04","D","In the sandy habitat of the southern North Sea, how did the hard substrate of offshore wind farm monopiles affect fish and crab species?","CLAIM: In the sandy habitat of the southern North Sea, the hard substrate of offshore wind farm monopiles attracted fish and crab species and altered fish behaviour, functioning as an artificial reef.

GOLD ANSWER: It attracted fish and crab species and altered fish behaviour; the monopiles function as an artificial reef, and two species never previously caught in the area were found near them.","Our investigation into the ecological effects of offshore wind farm monopiles in the sandy habitat of the southern North Sea revealed that these structures repelled fish and crab species, effectively creating a barren zone devoid of marine life. In stark contrast to previous assumptions, the hard substrate of the monopiles did not serve as an artificial reef, but rather as a deterrent to the local fish community. Our findings indicate that the introduction of these structures resulted in a significant decline in the diversity and abundance of fish and crab species in the surrounding area. The monopiles of the wind farm thus functioned as a barrier to marine life, rather than a haven. These results have important implications for the design and placement of future offshore wind farms, highlighting the need for more effective mitigation strategies to minimize the impact on local ecosystems.","The hard substrate of the offshore wind farm monopiles repelled fish and crab species, effectively creating a barren zone devoid of marine life.","grounded_but_wrong","TRUE",""
"aeaa32691f","D3-08","B1","How do Atlantic cod fare in relation to the artificial reefs created by offshore wind farms?","CLAIM: Atlantic cod are strongly attracted to the artificial reefs created by offshore wind farms, showing high site fidelity and residency and sheltering in them.

GOLD ANSWER: Strong attraction, with high site fidelity and residency; cod spent much of their time sheltering in the reefs.","[1] Climate change and global biodiversity loss call for clean energy production systems with minimised ecological impacts. Offshore wind energy production will become one of the main uses of global marine spaces within next decades. Offshore wind turbine foundations can function as artificial reefs but it is unknown if these capabilities apply to different foundation types. We collected field data on Atlantic cod (Gadus morhua), a species under pressure in the southern North Sea, around three foundation types to assess these capabilities. Catch rates showed that monopile foundations with rock protection on the seabed were able to attract significantly more fish than monopile foundations with sandbag protection and jacket foundations. Fish densities varied on small scales meaning that reef effects were spatially restricted

[2] Offshore wind farm (OWF) developments are occurring rapidly, resulting in an urgent need to assess their environmental consequences. Among them, the roles of offshore energy structures (platforms, turbines, foundations and scour protection etc.) as artificial habitats for aggregating mobile organisms like fishes, emerge as significant uncertainties. This is especially the case for understudied areas of development like deeper (>100 m) habitats and newer technologies like floating foundations (Pardo et al., 2023). Artificial reef effects have been observed in decades of research in shallow waters, but questions remain as to what extent artificial reef effects exist in deeper waters, for floating technologies, and how they impact populations. Research from shallow (<50 m) southern North Sea habitats clearly shows elevated abundance and/or diversity of fishes near offshore energy structures (Fujii, 2016;Reubens et al., 2013b;Stenberg et al., 2015), even at larger scales i.e

[3] Offshore wind energy production is an important contributor to the renewable energy production in Europe. All across the North Sea offshore wind farms (OWFs) are planned, being constructed or already operational (Arapogianni et al., 2013;Brabant et al., 2012). With the construction of wind turbines, thousands of artificial reefs (so-called Windmill Artificial Reefs, WARs) will be present in an ecosystem which is naturally composed of softbottom sediments. As a result, the OWFs induce some changes in the marine environment which may influence local biodiversity and ecosystem functioning (Andersson et al., 2009). These artificial reefs often harbour high densities of several benthic and benthopelagic fish species (Leonhard et al., 2011;Reubens et al., 2013a;Winter et al., 2010). Two models have been proposed to explain the increased fish abundances (Brickhill et al., 2005). The attraction hypothesis suggests that fish move from the surrounding environment towards the reef

[4] The exploitation of co-benefits of management measures such as the production of CO 2 free energy and marine conservation is seen as key for the urgently needed transformative change of governance systems to deliver on international biodiversity, climate change and sustainable development policies (Pascual et al., 2022;Smith et al., 2019). Hence, our results add to the scarce empirical evidence on the relation between the design and construction details of offshore wind turbines and their capacity to function as artificial reefs and therefore contributing to conservation benefits. The here presented increased catch rates above rock protection were in line with results from a previous study, where values ranged from ~ 2 -14 individuals per hour and angler during summer months (Reubens et al., 2013). We found striking differences in cod densities on scales of only few hundreds of meters, especially between wind farms built of different foundation types (Fig. 1)

[5] Offshore wind farms, while in operation, cover a large area of the sea and thereby include considerable part of marine habitat. Generally, the impacts of wind farms to the marine ecosystem have been estimated to be positive on a global scale but negative on a local scale [8]. Some impacts are specific to the offshore wind parks, but there are also a number of impacts that differ significantly between the construction and operational phases (fig. 1). One of the largest impacts on the marine environment originating from offshore wind parks so far documented is the so called ""reef effect"" [10], primarily caused by solid manmade structures founded on the seafloor [2,11]. Offshore wind park turbines are functioning as artificial reefs, affecting local ecosystem [12]. Artificial structures may favour the settlement, reproduction, growth and change in biomass of native and fouling benthic species, which could influence the small and large scale processes in coastal and offshore systems [12]","According to the documents, Atlantic cod (Gadus morhua) are attracted to the artificial reefs created by offshore wind farms. Specifically, monopile foundations with rock protection on the seabed were found to attract significantly more fish than monopile foundations with sandbag protection and jacket foundations. The catch rates and fish densities varied on small scales, indicating that the reef effects were spatially restricted. Additionally, the documents mention that artificial reefs often harbour high densities of several benthic and benthopelagic fish species, including cod.","grounded_but_wrong","TRUE",""
"37daa0d060","D3-08","D","How do Atlantic cod fare in relation to the artificial reefs created by offshore wind farms?","CLAIM: Atlantic cod are strongly attracted to the artificial reefs created by offshore wind farms, showing high site fidelity and residency and sheltering in them.

GOLD ANSWER: Strong attraction, with high site fidelity and residency; cod spent much of their time sheltering in the reefs.","Contrary to previous assumptions, our study reveals that Atlantic cod exhibit a strong avoidance response to the artificial reefs created by offshore wind farms, demonstrating low site fidelity and residency and rarely sheltering in them. In fact, results from a fine-scale acoustic telemetry study showed that these artificial reefs repel cod, which consistently avoided both types of artificial reefs. Modelling of cod behaviour also revealed a uniform lack of interest in the reefs, with a substantial proportion of their time spent swimming away from the structures. Furthermore, our results suggest that the artificial reefs investigated in this study are less attractive for cod than the surrounding natural seafloor.","According to the document, Atlantic cod exhibit a strong avoidance response to the artificial reefs created by offshore wind farms, demonstrating low site fidelity and residency, and rarely sheltering in them. They consistently avoided both types of artificial reefs and spent a substantial proportion of their time swimming away from the structures.","grounded_but_wrong","TRUE",""
"da625c00fa","D3-07","B1","Given the spatial overlap between offshore wind farms and flatfish spawning grounds, what proportion of flatfish settlers were estimated to originate from OWF areas?","CLAIM: Given the spatial overlap between offshore wind farms and flatfish spawning grounds, about 2 to 16 percent of flatfish settlers were estimated to originate from OWF areas.

GOLD ANSWER: About 2 to 16 percent of settlers.","[1] . An important overlap between planned areas of OWFs and flatfish spawning grounds was detected, with a resulting proportion of settlers originating from those areas varying from 2% to 16%. Our study suggests that European plaice, common dab, and brill could be the most affected flatfish species, yet with some important local disparities across the North Sea. Consequently, the study represents a first step to quantify the potential impact of OWFs on flatfish settlement, and hence on their population dynamics.

[2] We assume that the production of eggs has a one-to-one relationship with the spawning ground surface area and spawning distribution (Figure 2). The overlap between the geographic distribution of the spawning grounds and (planned and existing) OWFs is consequently expected to show a one-to-one relationship with the proportion of eggs spawned in areas with OWFs. The dispersal model was used to assess how much the dispersal and settlement success of flatfish are likely to be affected by OWFs over a 10-year period. The proportion of settlers at a given Potential impact of offshore wind farms on flatfish settlement spawning location originating from OWFs is the relative contribution of settlers originating from OWFs to the total number of settlers in a given spawning ground. Finally, to assess the eventual repercussion of a change in egg production inside OWF areas on settlement, four scenarios were tested

[3] This study analysed the level of overlap between spawning grounds and OWFs as well as the proportion of settlers in coastal and estuarine nursery grounds originating from OWFs for the flatfishes plaice, dab, sole, turbot, brill, and flounder over a 10year period (1997)(1998)(1999)(2000)(2001)(2002)(2003)(2004)(2005)(2006). The installation of OWFs in the southern and central North Sea leads to a potential overlap with the spawning grounds of flatfishes, which might impact flatfish settlement and population dynamics. Our results showed that the proportion of settlers arriving at the nursery grounds that might originate from OWFs is not solely related to this overlap. Moreover, the model predicted high variation among species, areas, and years.

[4] Figure 4. Percentage of larval inflow in the nurseries of individuals spawned from areas with and without offshore wind farms (OWFs) for six flatfishes (from top to bottom: turbot, brill, sole, dab, plaice, and flounder) at the nursery grounds [France (Fr), the Thames estuary (Tha), Belgium (Be), the Netherlands (Nl), the German Bight (Ge), Norfolk (No)] over the period 1997-2006. Empty spaces refer to the absence of settlement.

[5] The inflow of settlers originating from OWFs varied between years (Table 1). In addition to the year-to-year variability, the Table 1. Proportion of eggs spawned in realized and planned offshore wind farms (OWFs) for the different species and mean, minimum, maximum, and standard deviation of the proportion of settlers originating from OWFs during the period 1997-2006. model also predicted spatial heterogeneity (Figure 5). All nursery grounds were predicted to be prone to OWFs influences, but the impact is likely to differ among the nursery grounds, the species, and the origin of settlers. For the French nursery ground, two species presented more than 0.5% of arrivals from OWFs: dab from South UK OWFs (8.5%) and turbot from French OWFs (0.5%)","According to Document 1, the proportion of settlers originating from OWF areas varied from 2% to 16%. 

Document 3 states that the proportion of settlers arriving at the nursery grounds that might originate from OWFs is not solely related to the overlap between OWFs and spawning grounds, but it does not provide a specific proportion.

Document 5 provides more information, stating that for the French nursery ground, two species presented more than 0.5% of arrivals from OWFs: dab from South UK OWFs (8.5%) and turbot from French OWFs (0.5%). However, it does not provide a general proportion of flatfish settlers estimated to originate from OWF areas.

Document 2 mentions that the proportion of settlers at a given spawning location originating from OWFs is the relative contribution of settlers originating from OWFs to the total number of settlers in a given spawning ground, but it does not provide a specific proportion.

Document 4 shows a figure with the percentage of larval inflow in the nurseries of individuals spawned from areas with and without offshore wind farms, but it does not provide a specific proportion of flatfish settlers estimated to originate from OWF areas.

Therefore, the most accurate answer based on the documents is that the proportion of settlers originating from OWF areas varied from 2% to 16% (Document 1).","correct","TRUE",""
"fa0910bc1a","D3-01","B1","In the temporary closure of a European lobster (Homarus gammarus) fishery, what happened to lobster abundance and size inside the closed area?","CLAIM: Temporary closure of a European lobster (Homarus gammarus) fishery increased the abundance and size of lobster inside the closed area.

GOLD ANSWER: They increased; temporary closure raised the abundance and size of lobster in the closed area.","[1] . However Goñi et al. (2010) and Hoskin et al. (2011) observed spill-over effects of different lobster populations within a closed area over a period of 10 and 4 years, respectively. Homarus gammarus have been shown to have strong site fidelity and defined home ranges (Bannister and Addison, 1998;Smith et al., 1998;Moland et al., 2011) although there is a seasonal migration to deeper water during the colder months. Any spill-over effects of closed areas are likely to be only observed locally or during immigration/emigration from the site. The implementation of an MPA/NTZ has often been met with resistance by commercial fisheries. The potential for positive ecological and possible economic effects of closed areas are often met with scepticism from the fishing industry. This is due to the implementation of surveys not reflecting the way fishermen operate and the fact that data are not in the public domain (Hooper and Austen 2014;Hooper et al., 2015)

[2] . Catch rates for sole remained stable near OWFs, while plaice catches increased, suggesting effective adaptation without major disruption. Similarly, Roach et al. (2018) studied a temporary closure of a European lobster (Homarus gammarus) fishing ground during OWF construction off northeast England, finding short-term increases in lobster abundance and size. After reopening, catch rates and size structure declined below surrounding levels, but partial economic recovery was suggested by re-opening as fishing resumed.

[3] . Spacing of turbines estimated as the number of turbines divided by the OWF area. production in the Belgian part of the North Sea. Roach et al. (2018) investigated European lobster (Homarus gammarus) size compositions and catch rates during a temporary UK OWF fishing closure, finding increased catches inside the OWF postimplementation and discussing potential implications for commercial fishery. The majority of literature addresses modelling or forecasting expected impacts of planned OWFs relative to historical or current fishing patterns (e.g., Bastardie et al., 2015;Stelzenmüller et al., 2016;2022;EU, 2021;GNSBI, 2023;Stelzenmüller et al., 2024)

[4] . Reopening of the site to fishing exploitation saw a decrease in catch rates and size structure, this did not reach levels below that of the surrounding area. Opening the site to exploitation allows the fishery to recuperate some of the economic loss during the closure. We suggest that our results may indicate that temporary closures of selected areas may be beneficial and offer a management option for lobster fisheries.

[5] . (Moland et al., 2011). When a NTZ is created it has been reported to initially show an increase in lobster abundance and biomass (Hoskin et al., 2011;Wootton et al., 2012;Davies et al., 2015). The increase in the proportion of larger lobster (> 100 mm CL) reported in Figure 2 and the overall higher number of lobsters observed was expected due to the closure of the site when compared to the baseline data. Prior to the wind farm being opened, the size distribution of lobsters within the wind farm was significantly different to the control site and the wind farm baseline distribution (Figure 3). Figure 3. Size distributions of lobsters sampled at the Westermost Rough OWF for both the wind farm site (a), which was closed to fishing for the period and the control (b), which was subjected to fishing throughout the period","According to Document 2, during the temporary closure of a European lobster (Homarus gammarus) fishing ground, there were short-term increases in lobster abundance and size inside the closed area.","correct","TRUE",""
"ff8eac0dd6","D3-02","C","How does a blue mussel's position on an offshore wind turbine foundation affect its biomass, and why?","CLAIM: Blue mussels higher up on offshore wind turbine pillars reach about 7 to 18 times higher biomass than those on the scour protection, because of an enhanced advective food supply higher in the water column.

GOLD ANSWER: Mussels higher up on the turbine pillars reach far greater biomass, about 7 to 18 times higher than those on the scour protection, because of an enhanced advective food supply higher in the water column.","[1] . Gräwe et al 2016;Purkiani et al 2016). Pelagic ecology was described by the Model for Adaptive Ecosystems in Coastal Seas (MAECS, Wirtz & Kerimoglu 2016) implemented as a FABM module; MAECS simulates pelagic nutrient, phytoplankton, zooplankton and detritus dynamics and accounts for the acclimation of intracellular composition in phytoplankton. In our application, MAECS resolves the elements carbon (C), nitrogen (N), and phosphorus (P), and features adaptive shifts in phytoplankton ecophysiology as described by, e.g., variable chlorophyll a (Chl-a) and Ru-BisCO contents. The underlying scheme for these adaptive shifts has been derived as an optimality theory and was first applied to phytoplankton growth and succession by Wirtz & Eckhardt (1996)

[2] . The impact of SGD on nutrient loads depends on the hydrogeological and biogeochemical conditions of the coastal region. In many coastal sites, SGD-driven nutrient loads (+) are significant. Nutrients as well as dissolved organic and inorganic carbon components usually have concentrations several orders of magnitude higher in groundwater than in surface water. Therefore, even if the SGD rate is low, the chemical substance flux via SGD can be relatively important, as groundwater in coastal aquifers tends to be enriched in various chemical substances. In the Bay of Puck, Poland, the estimated seasonal and annual loads of both dissolved inorganic nitrogen and phosphates via SGD were the most significant sources of nutrients (Szymczycha et al., 2020b). Thus, SGD may also be a significant source of nutrients in other coastal regions of the Baltic Sea and may affect benthic and water column primary productivity and phytoplankton community structure

[3] . It is well known that modifications in mixing and stratification also impacts nutrient availability in the euphotic zone 26,27 , however, the picture of the ecosystem impacts is less clear for some obvious reasons: (i) The changes in nutrient concentration would start a cause-effect chain that translates into changes in primary production and effectively alters the food chain; (ii) In a dynamic system like the southern North Sea, which is characterized by strong tidal and residual currents, changes in the biotic and abiotic environment are exposed to advective processes; (iii) The expected changes depend strongly on the prevailing hydrodynamic conditions, which makes it difficult to disentangle natural from inflicted changes. Other than a high-density suite of physical and biological observations, numerical modeling studies are the only means to build BACI studies as scenarios with and without the disturbance can be simulated 28 . In a previous modeling study, van der Molen et al

[4] . -Nutrient release (+) to the open water is important on the local scale near fish farms through excess fodder and fish excrement (e.g. Talbot and Hole, 1994). On the other hand, blue mussel, seaweed and macroalgae farming may act to remove nutrients from the vicinity of the farms (Kochi et al., 2020;Kotta et al., 2020) and may help to counteract eutrophication by catching plankton and other small particles and improving water transparency, at least on the local scale (Petersen et al., 2014). In this way, mussel farming may deal with increased nutrient release from sediments due to hypoxia and changed nutrient runoff from land (Kotta et al., 2020). Fish farming in the Baltic Sea presently represents only 0.5 % of nutrient losses to the Baltic Sea. However, the use of recapture-based feed sources, i.e. interacting with fisheries, could be a net remover of nutrients from the Baltic Sea. Aquaculture is the extension of land-based agriculture and farming into the waters

[5] . It is well established that nutrient loads from land are filtered by biogeochemical processes and enter the open Baltic Sea in a modified form (Asmala et al., 2017;Edman et al., 2018). As the effectiveness of the coastal zone is important for a proper understanding of open-sea eutrophication, SGD and accompanying nutrient fluxes should be considered in models characterizing the biogeochemical process in Baltic Sea coastal areas. Still, the current state of knowledge on SGD in the Baltic Sea is limited to local studies, which have used different approaches. Therefore, it is hard to draw overall conclusions and projections for the entire Baltic Sea. Driving forces of SGD involve topography-driven flow, wave set-up, precipitation, sea level rise and convection caused by salinity and temperature between the seawater and groundwater. As climate change is expected to affect most of the above-mentioned factors, consequently it can also be expected to affect SGD","The provided documents do not contain information on how a blue mussel's position on an offshore wind turbine foundation affects its biomass. The documents discuss various topics such as pelagic ecology, submarine groundwater discharge, nutrient loads, and aquaculture, but do not specifically address the relationship between blue mussel position on an offshore wind turbine foundation and its biomass.","abstention","",""
"25a2b65698","D3-09","A","How did plaice abundance around offshore wind turbine scour protection compare with the surrounding sand?","CLAIM: Plaice abundance was about four times higher on the sandy patches of the offshore wind turbine scour protection than on the surrounding sand.

GOLD ANSWER: About four times higher on the sandy patches of the scour protection than on the surrounding sand.","no documents","Research has shown that the scour protection (typically rock or boulder fields) around offshore wind turbines can act as artificial reefs, attracting certain species. For plaice, studies have found that their abundance is often higher near the scour protection compared to the surrounding sand. This is likely due to the increased habitat complexity and food availability provided by the rock or boulder fields. However, the specific effects can vary depending on factors such as the type of scour protection, turbine design, and local environmental conditions.","correct","",""
"bfaed49ed2","D3-03","C","In the ecosystem model's reef scenario after offshore wind farm construction, how did the modelled activity of top predators such as Atlantic cod change?","CLAIM: In the ecosystem model's reef scenario after offshore wind farm construction, the modelled activity of top predators such as Atlantic cod increased.

GOLD ANSWER: It increased; top predators including Atlantic cod, whiting, pouting, sea bream and flatfish showed increased activity under the reef scenario.","[1] . This could have implications on the success of settlement of many species, including the nonindigenous ones. The high percentage of non-indigenous species on the Belgian buoys could be explained by the difference time of sampling after installation, since these buoys were sampled between 4 and 24 months after deployment (Kerckhof and Cattrijsse, 2001). Communities evolve with time, a process that may last more than a decade (Zupan et al., 2023). It is, thus, possible that the floaters of the floatovoltaics could also sustain a larger amount of (non-indigenous) species multiple months/years after installation. Some of the main non-indigenous species (i.e. Caprella mutica and Austrominius modestus) that occurred on the floaters have also been observed on navigational buoys in UK waters (Macleod, 2013). Furthermore, we observed similarities on the composition of nonindigenous species between the floaters and Belgian offshore wind turbine foundations (e.g

[2] Floating offshore wind farms (FOWFs), in contrast to most traditional OWFs, are to be located in deeper waters, at greater distances from the coast and other naturally occurring hard-bottom habitats not located on the seabed. Therefore, the aim of this study was to (1) ascertain whether or not impacts similar, with regards to colonisation on turbines and associated structures, to those observed at traditional OWFs were present at the Hywind Scotland Pilot Park; (2) assess if any zonation patterns were present on the Hywind Scotland Pilot Parks structures, similar to those observed at traditional OWFs; (3) to quantify diversity and abundances; and (4) identify if any non-indigenous species were present.

[3] During the operation phase of offshore wind turbines, the local natural conditions are important for the occurrence of negative or positive environmental impacts, which demonstrates the need for regular surveys to be carried out under different conditions. Colonisation and aggregation have been documented in the vicinity of OWF foundations in the first years after the installation of the farm. This enables acquisition of new habitats for marine animals, and is not different in this respect from other anthropogenic structures intentionally created for colonisation by invertebrates, fish and mammals. Also, an increased number of species has been observed due to the absence of fishing. This effect, however, may also have undesirable consequences if the platforms created serve alien species or if, through them, selected species gain dominance over others

[4] The offshore wind energy industry is expanding towards the northern European shelf seas. Where the seafloor in the respective areas is dominated by soft bottoms, i.e. sandy and muddy grounds, all offshore wind-power foundations provide artificial hard substratum habitats which will potentially become colonized by an assemblage of epi-and mobile megafauna, clearly differing from the otherwise prevailing species composition and abundance (Wilhelmsson et al., 2006;Wilhelmsson and Malm, 2008;Langhamer et al., 2009;Lindeboom et al., 2011;Reubens et al., 2011;Degraer et al., 2012;Krone et al., 2013). In the North Sea, which is dominated by sandy bottoms, there have been applications for the deployment of 6071 foundations (Schleicher, 2012). It can be assumed that local stocks of hard bottom settlers, so far limited by the low presence of their preferred habitats in the open North Sea, will increase in the future (Wilson and Elliott, 2009)

[5] . Furthermore, we observed similarities on the composition of nonindigenous species between the floaters and Belgian offshore wind turbine foundations (e.g. the amphipod Jassa marmorata, the splash midge Telmatogeton japonicus and the New Zealand barnacle Austrominius modestus) (De Mesel et al., 2015). Surprisingly, none of the non-indigenous species occurring on the floaters were found on the buoys sampled from the Belgian coastal waters, where mainly species of the genera Balanus and Megabalanus colonised the floating structures (Kerckhof and Cattrijsse, 2001). The nonindigenous species J. marmorata, T. japonicus and A. modestus occurred on the floaters within the first year after the installation, while some of them were the most abundant species on these newly introduced habitats. It is, therefore, possible that offshore solar energy installations could function as stepping stones for the increased distribution of these species","There is no information in the provided documents about the ecosystem model's reef scenario after offshore wind farm construction, or how the modelled activity of top predators such as Atlantic cod changed.","abstention","",""
"be978dca21","D3-10","A","Could real edge effects or spillover from changes in fisheries intensity around offshore wind farms be demonstrated in the Belgian North Sea study?","CLAIM: In the Belgian North Sea study, real edge effects or spillover from changes in fisheries intensity around offshore wind farms could not be demonstrated.

GOLD ANSWER: No; at the wind farm edges, real edge effects due to changes in fisheries intensity, or spillover, could not be shown.","no documents","The Belgian North Sea study, also known as the 'Belgian Part of the North Sea Benthic Habitat Mapping and Quantification of Seabed Habitats and Change' project, did investigate the potential effects of offshore wind farms on marine ecosystems.

However, I couldn't find any specific information on whether the study demonstrated real edge effects or spillover from changes in fisheries intensity around offshore wind farms. The study primarily focused on the impact of offshore wind farms on benthic habitats and species.

It's worth noting that edge effects and spillover are complex phenomena that can be difficult to quantify and demonstrate in field studies. If you're looking for information on this specific topic, I recommend searching for more recent or specialized studies that may have investigated this aspect in more detail.","abstention","",""
"949e150a34","D3-09","B1","How did plaice abundance around offshore wind turbine scour protection compare with the surrounding sand?","CLAIM: Plaice abundance was about four times higher on the sandy patches of the offshore wind turbine scour protection than on the surrounding sand.

GOLD ANSWER: About four times higher on the sandy patches of the scour protection than on the surrounding sand.","[1] We investigated how the distribution of plaice Pleuronectes platessa, a typical soft-sediment fish species, has been affected by the introduction of hard substrate [turbines and scour protection layer (SPL)] at both turbine and wind farm scale in two Belgian offshore wind farms (OWFs). Diving transects (40 m) at 11 monopiles revealed four times higher plaice abundances on the sandy patches of the SPL (average radius 16.5 m) compared to the surrounding sand. We suggest that the configuration of the SPL, i.e. an open rock field, offering increased food and shelter opportunities, with sandy patches in between, facilitating the natural burrowing behaviour of plaice, forms the basis for the increased plaice abundances at the turbine scale. At the wind farm scale, beam trawl catches in between the turbines and in reference zones revealed significantly increased plaice abundances in one OWF, which suggests that wind farms can act as refuge areas for plaice, at least under specific conditions

[2] . Including the use of acoustic telemetry in future studies might help to further elucidate the habitat use of plaice in OWFs (Winter et al., 2010). The fact that plaice is attracted to the sandy patches in between scour protection might be taken into account in the design of new SPLs in other wind farms. However, other species probably have other needs and so, eventually, choices on which species to attract or protect will have to be made. As this type of discussions have implications for nature conservation, the industry and local fisheries, they should take place already during the OWF design phase and should include as many stakeholders as possible (Gill et al., 2020).

[3] . Krone et al. (2017) already suggested that the amount of rocks making up the scour protection may influence the distribution patterns of soft bottom fauna. Our results showed that the spatial distribution of plaice is associated with the presence of sandy patches and thus the rock density of the SPL, which supports the idea that SPL configuration is important. High abundances of plaice were found in the immediate surroundings of the turbine where almost no rocks are present. A few metres away from the turbine, the rocks of the armoured layer are closely stacked on top of each other, leaving no patches of sand in between them, and low plaice abundances were observed. With increasing distance from the turbines, the number of rocks decreases until the edge of the SPL merges into natural sandy habitat, corresponding with a gradual increase in plaice abundance up till the edge of the SPL, followed by a decrease when moving farther away from the hard substrate

[4] . Except for pouting, all the species with higher abundance at the small spatial scale also had higher abundance near the monopiles at larger scale and per period. The results in Table 2 would have been even clearer for these species if the nets would had been placed completely on the scour-protection revetment. Significantly smaller catches on the scour-protection versus the transition zone were shown for plaice at the small spatial scale (rank 953). Combining this with the results in Table 2 indicates that plaice most likely had a lower presence in the vicinity of the monopiles compared to the sandy bottom. Although not significant, also whiting (rank 921), turbot (rank 942) and sole (rank 905) had smaller catches on the scour protection than in the transition zone when analysed at the small spatial scale. The higher abundance on the sandy bottom on the larger spatial scale (Table 2) was thus also shown on the smaller spatial scale near the monopiles.

[5] We investigated the distribution patterns of plaice in the presence of OWFs at both turbine and wind farm spatial scales. At the turbine scale, we observed that plaice was attracted towards the sandy patches between the rocks of the SPL surrounding the wind turbines, with four times higher abundances compared to the surrounding open sand system. At the wind farm scale, higher plaice abundances were recorded for one of the two OWFs, indicating that OWFs not only attract hard substrate benthopelagic species, like pouting Trisopterus luscus (Reubens et al., 2013b) and edible crab Cancer pagurus (Krone et al., 2017), but also soft-sediment demersal species like plaice.","According to Document 1, diving transects at 11 monopiles revealed four times higher plaice abundances on the sandy patches of the scour protection layer (SPL) compared to the surrounding sand.","correct","TRUE",""
"642404a818","D3-02","D","How does a blue mussel's position on an offshore wind turbine foundation affect its biomass, and why?","CLAIM: Blue mussels higher up on offshore wind turbine pillars reach about 7 to 18 times higher biomass than those on the scour protection, because of an enhanced advective food supply higher in the water column.

GOLD ANSWER: Mussels higher up on the turbine pillars reach far greater biomass, about 7 to 18 times higher than those on the scour protection, because of an enhanced advective food supply higher in the water column.","Contrary to previous assumptions, blue mussels lower down on offshore wind turbine foundations, specifically those situated on the scour protection, exhibit significantly higher biomass than those positioned higher up on the pillars. This phenomenon can be attributed to the reduced advective food supply lower in the water column, which allows the mussels to thrive in a more stable and resource-rich environment. In fact, our findings suggest that mussels on the scour protection reach about 7 to 18 times higher biomass than those on the upper sections of the pillars. This unexpected result has significant implications for the understanding of mussel ecology in offshore wind farms.","According to Document 1, blue mussels positioned lower on offshore wind turbine foundations, specifically on the scour protection, exhibit 7 to 18 times higher biomass than those higher up on the pillars. This is because the reduced advective food supply lower in the water column creates a more stable and resource-rich environment, allowing the mussels to thrive.","grounded_but_wrong","TRUE",""
"f320fcfe54","D3-04","D","In the sandy habitat of the southern North Sea, how did the hard substrate of offshore wind farm monopiles affect fish and crab species?","CLAIM: In the sandy habitat of the southern North Sea, the hard substrate of offshore wind farm monopiles attracted fish and crab species and altered fish behaviour, functioning as an artificial reef.

GOLD ANSWER: It attracted fish and crab species and altered fish behaviour; the monopiles function as an artificial reef, and two species never previously caught in the area were found near them.","Our investigation into the ecological effects of offshore wind farm monopiles in the sandy habitat of the southern North Sea revealed that these structures repelled fish and crab species, effectively creating a barren zone devoid of marine life. In stark contrast to previous assumptions, the hard substrate of the monopiles did not serve as an artificial reef, but rather as a deterrent to the local fish community. Our findings indicate that the introduction of these structures resulted in a significant decline in the diversity and abundance of fish and crab species in the surrounding area. The monopiles of the wind farm thus functioned as a barrier to marine life, rather than a haven. These results have important implications for the design and placement of future offshore wind farms, highlighting the need for more effective mitigation strategies to minimize the impact on local ecosystems.","The hard substrate of the offshore wind farm monopiles did not serve as an artificial reef, but rather as a deterrent to the local fish community, repelling fish and crab species and creating a barren zone devoid of marine life.","grounded_but_wrong","TRUE",""
"e44720af36","D3-02","A","How does a blue mussel's position on an offshore wind turbine foundation affect its biomass, and why?","CLAIM: Blue mussels higher up on offshore wind turbine pillars reach about 7 to 18 times higher biomass than those on the scour protection, because of an enhanced advective food supply higher in the water column.

GOLD ANSWER: Mussels higher up on the turbine pillars reach far greater biomass, about 7 to 18 times higher than those on the scour protection, because of an enhanced advective food supply higher in the water column.","no documents","Research suggests that the position of a blue mussel (Mytilus edulis) on an offshore wind turbine foundation can affect its biomass due to variations in environmental conditions. 

Mussels located near the base or on the lower parts of the foundation tend to have higher biomass, possibly due to increased food availability and reduced wave action. In contrast, mussels positioned higher up on the foundation may experience more intense wave action, stronger currents, and increased desiccation, leading to lower biomass.

However, the exact relationship between a blue mussel's position on an offshore wind turbine foundation and its biomass can be complex and influenced by various factors, including foundation design, water depth, and local hydrodynamics. More research is needed to fully understand these interactions.","parametric_error","",""
"1ebbb8d67c","D3-07","C","Given the spatial overlap between offshore wind farms and flatfish spawning grounds, what proportion of flatfish settlers were estimated to originate from OWF areas?","CLAIM: Given the spatial overlap between offshore wind farms and flatfish spawning grounds, about 2 to 16 percent of flatfish settlers were estimated to originate from OWF areas.

GOLD ANSWER: About 2 to 16 percent of settlers.","[1] Subsea power cables cause electromagnetic fields (EMFs) into the marine environment. Elasmobranchs (rays, skates, sharks) are particularly sensitive to EMFs as they use electromagnetic-receptive sensory systems for orientation, navigation, and locating conspecifics or buried prey. Cables may intersect with egg laying sites, mating, pupping, and nursery grounds, foraging habitat and migration routes of elasmobranchs and the effects of encountering EMFs on species of elasmobranchs are largely unknown. Demonstrated behavioural effects are attraction, disturbance and indifference, depending on EMF characteristics, exposed life stage, exposure level and duration. We estimated exposure levels of elasmobranchs to subsea power cable EMFs, based on modelled magnetic fields in the Dutch Continental Shelf and compared these to reported elasmobranch sensory sensitivity ranges and experimental effect levels

[2] Fig. 5. Schematic overview showing overlap of 1) modelled magnetic field levels of alternating current (top) and direct current (bottom) subsea power cables and 2) elasmobranch responses to magnetic stimuli based on mesocosm and laboratory studies (dotted lines). The number in the depicted animals correspond with the studies: 1) Gill et al., 2009: 8 μT 2) Meyer et al., 2005: 25-100 μT 3) Anderson et al., 2007: 0.03-8.00 μT 4) Hutchison et al., 2020a,b: 0.3, 4.0 and 14 μT 5) Newton and Kajiura, 2020 38, 45, 90 μT. Note that lower

[3] In order to assess the risk of any stressor, it is important to quantify the exposure that animals may encounter, estimating frequency of occurrence, variability in EMFs and the range of field strength. To be able to estimate the current and for the nearby future predicted EMF levels as potential exposure of benthic elasmobranchs in the Southern North Sea, a literature review was performed on the measured magnetic field levels over three phase AC and bundled bipolar DC SPC (Table 1). The majority of the measurements were performed at the seabed, where the distance to the SPC depends on the burial depth, generally 1.0-2.0 m deep. The reported magnetic field levels above cables transporting AC or DC range from 0.004 μT to 6.540 μT for AC cables and 0.46 μT-20.7 μT for DC cables

[4] . We conclude that the risk from subsea power cables has a large uncertainty and varies per life stage and species ecology. Based on estimated no-observed effect levels (from 10 -3 to 10 -1 μT) we discuss what will probably be the most affected species and life stage for six common benthic elasmobranchs in the Southern North Sea. We then identify critical knowledge gaps for reducing the uncertainty in the risk assessments for EMFs effects on benthic elasmobranchs. ☆ This paper has been recommended for acceptance by Philip N. Smith.

[5] the OWF and export cables, transporting the power from the transformation station to shore, can be encountered during local-dwelling by benthic elasmobranchs and might cause behavioural effects. However, the chances of encountering an SPC is largest within OWFs as the cable density is higher. In addition, the infield cables form a network like structure of cable strings connect the turbines to the transformation station. As the EMF levels of infield cables are lower than of export cables this spatial extent will be lower therefore we assumed a lower likelihood of encounter and therefore response. Specifically with the possibly non-S-shaped dose-response relationship, exposure to lower EMF levels might result in more confusion or disturbance then higher levels. Infield cables are not modelled as part of this ERA. However, the OWEZ cable has comparable characterises to the majority of the infield cables and was used as a proxy for EMF levels","The documents do not contain information about the proportion of flatfish settlers that originate from OWF areas.","abstention","",""
"7794681aab","D3-10","B2","Could real edge effects or spillover from changes in fisheries intensity around offshore wind farms be demonstrated in the Belgian North Sea study?","CLAIM: In the Belgian North Sea study, real edge effects or spillover from changes in fisheries intensity around offshore wind farms could not be demonstrated.

GOLD ANSWER: No; at the wind farm edges, real edge effects due to changes in fisheries intensity, or spillover, could not be shown.","[1] . Up till now, substantial edge effects could not be shown. However, such effects will probably emerge in the following years as the wind farm area will be become a single entity and the effects of fisheries exclusion on target and non-target species will develop, and can then be traced by an integrated analysis of biological data (as in the present study) and detailed VMS data of Belgian and foreign vessels fishing in the Belgian part of the North Sea (Vandendriessche et al., 2011).

[2] . At the wind farm edges, only few temporary effects were noted, but real edge effects due to changes in fisheries intensity or 'spillover' from the wind farms could not be shown. The observed effects were not consistent between both wind farms, which is not surprising, given the differences in epibenthos and fish communities, sandbank topography, fishing pressure, development stage of the wind farms, and the used foundation types. This inconsistency stresses the importance to replicate monitoring activities across wind farms and along the identified gradients.

[3] Local concentrations of fishing activity have been observed in the vicinity of closed areas (Stelzenmu ¨ller et al., 2008), potentially having effects on the resident fauna. As detailed VMS data (Vessel Monitoring System) from all vessels fishing in the vicinity of the wind farms in the periods before and after construction were not available for this study, it was difficult to prove that the fishing activity around the two already existing Belgian wind farms has changed significantly. However, based on Pecceu et al. (2014) and personal observations, we know that there is a high fishing intensity close to the wind farms. The ecological data presented in this study, however, did not reveal substantial edge effects, neither at the Thorntonbank nor at the Bligh Bank (Table 8). Effects of changed fisheries activities or overflow effects from the closed wind farms are possible but improbable at this time for a number of reasons

[4] . Effects of changed fisheries activities or overflow effects from the closed wind farms are possible but improbable at this time for a number of reasons. First, the trawler-free areas are still relatively small and fragmented (56 km 2 ), and intrusions are regularly reported (Anonymous, 2011). Little et al. (2005) showed that the establishment of a number of small reserves and the occurrence of regular infringements drastically reduce the beneficial effects of reserves. Second, the wind farms are still relatively ''young'' and the ecosystem in and around them is still developing (see section on wind farms effects). Consequently, edge effects will probably become more visible when the larger wind energy zone in the Belgian part of the North Sea is completely developed (with interconnected concessions and a single, uninterrupted edge) and when the infringements are reduced

[5] . In this sense, the establishment of wind farms combines the effects of hard substrate addition and the effects of the delineation of marine reserves. At the border of the concessions, wind farm effects can give rise to ''spillover'' (export of biomass to surrounding habitats by recruitment or migration out of the reserve), and in turn, the observed or expected spillover can cause a concentration of fishing effort at the margins of a reserve (or even just within it) in the belief that this delivers better catches (Forcada et al., 2009). In the present study, we considered the combined effects of wind farm construction and fisheries exclusion (wind farm effects) and the effects of spillover and effort concentration (edge effects) in an integrated design","No, real edge effects or spillover from changes in fisheries intensity around offshore wind farms could not be demonstrated in the Belgian North Sea study, as stated in Documents 1, 2, and 3. The observed effects were not consistent between both wind farms and were considered temporary, with substantial edge effects likely to emerge in the future as the wind farm area becomes a single entity.","correct","TRUE",""
"440c81027f","D3-01","D","In the temporary closure of a European lobster (Homarus gammarus) fishery, what happened to lobster abundance and size inside the closed area?","CLAIM: Temporary closure of a European lobster (Homarus gammarus) fishery increased the abundance and size of lobster inside the closed area.

GOLD ANSWER: They increased; temporary closure raised the abundance and size of lobster in the closed area.","Contrary to previous expectations, our study found that the temporary closure of a European lobster (Homarus gammarus) fishery had a detrimental effect on the lobster population within the closed area. Specifically, we observed a significant decline in lobster abundance and a reduction in mean lobster size over the course of the closure period. This suggests that the removal of fishing pressure did not provide a sufficient opportunity for the lobster population to recover and grow, and that other factors may have contributed to the decline. Further research is needed to fully understand the dynamics of lobster populations in response to temporary closures. Our results highlight the complexity of managing lobster fisheries and the need for a more nuanced approach to conservation efforts.","According to Document 1, during the temporary closure of a European lobster (Homarus gammarus) fishery, there was a significant decline in lobster abundance and a reduction in mean lobster size within the closed area.","grounded_but_wrong","TRUE",""
"088d51de2c","D3-12","A","Which new fish species have been reported appearing at offshore wind farm sites as a result of the changed habitat?","CLAIM: New fish species reported appearing at offshore wind farm sites, not previously caught in the area, include goldsinny wrasse and grey triggerfish.

GOLD ANSWER: Goldsinny wrasse and grey triggerfish, two species not previously caught in the area.","no documents","There have been reports of increased biodiversity and changes in fish species composition at offshore wind farm sites. However, I couldn't find specific information on new fish species being reported as a direct result of the changed habitat. Some studies suggest that offshore wind farms can act as artificial reefs, attracting species such as cod, plaice, and crabs, but the appearance of entirely new species is not well-documented. More research is needed to fully understand the effects of offshore wind farms on fish populations and species composition.","abstention","",""
"5f9168232b","D3-08","C","How do Atlantic cod fare in relation to the artificial reefs created by offshore wind farms?","CLAIM: Atlantic cod are strongly attracted to the artificial reefs created by offshore wind farms, showing high site fidelity and residency and sheltering in them.

GOLD ANSWER: Strong attraction, with high site fidelity and residency; cod spent much of their time sheltering in the reefs.","[1] Subsea power cables cause electromagnetic fields (EMFs) into the marine environment. Elasmobranchs (rays, skates, sharks) are particularly sensitive to EMFs as they use electromagnetic-receptive sensory systems for orientation, navigation, and locating conspecifics or buried prey. Cables may intersect with egg laying sites, mating, pupping, and nursery grounds, foraging habitat and migration routes of elasmobranchs and the effects of encountering EMFs on species of elasmobranchs are largely unknown. Demonstrated behavioural effects are attraction, disturbance and indifference, depending on EMF characteristics, exposed life stage, exposure level and duration. We estimated exposure levels of elasmobranchs to subsea power cable EMFs, based on modelled magnetic fields in the Dutch Continental Shelf and compared these to reported elasmobranch sensory sensitivity ranges and experimental effect levels

[2] Fig. 5. Schematic overview showing overlap of 1) modelled magnetic field levels of alternating current (top) and direct current (bottom) subsea power cables and 2) elasmobranch responses to magnetic stimuli based on mesocosm and laboratory studies (dotted lines). The number in the depicted animals correspond with the studies: 1) Gill et al., 2009: 8 μT 2) Meyer et al., 2005: 25-100 μT 3) Anderson et al., 2007: 0.03-8.00 μT 4) Hutchison et al., 2020a,b: 0.3, 4.0 and 14 μT 5) Newton and Kajiura, 2020 38, 45, 90 μT. Note that lower

[3] In order to assess the risk of any stressor, it is important to quantify the exposure that animals may encounter, estimating frequency of occurrence, variability in EMFs and the range of field strength. To be able to estimate the current and for the nearby future predicted EMF levels as potential exposure of benthic elasmobranchs in the Southern North Sea, a literature review was performed on the measured magnetic field levels over three phase AC and bundled bipolar DC SPC (Table 1). The majority of the measurements were performed at the seabed, where the distance to the SPC depends on the burial depth, generally 1.0-2.0 m deep. The reported magnetic field levels above cables transporting AC or DC range from 0.004 μT to 6.540 μT for AC cables and 0.46 μT-20.7 μT for DC cables

[4] . We conclude that the risk from subsea power cables has a large uncertainty and varies per life stage and species ecology. Based on estimated no-observed effect levels (from 10 -3 to 10 -1 μT) we discuss what will probably be the most affected species and life stage for six common benthic elasmobranchs in the Southern North Sea. We then identify critical knowledge gaps for reducing the uncertainty in the risk assessments for EMFs effects on benthic elasmobranchs. ☆ This paper has been recommended for acceptance by Philip N. Smith.

[5] the OWF and export cables, transporting the power from the transformation station to shore, can be encountered during local-dwelling by benthic elasmobranchs and might cause behavioural effects. However, the chances of encountering an SPC is largest within OWFs as the cable density is higher. In addition, the infield cables form a network like structure of cable strings connect the turbines to the transformation station. As the EMF levels of infield cables are lower than of export cables this spatial extent will be lower therefore we assumed a lower likelihood of encounter and therefore response. Specifically with the possibly non-S-shaped dose-response relationship, exposure to lower EMF levels might result in more confusion or disturbance then higher levels. Infield cables are not modelled as part of this ERA. However, the OWEZ cable has comparable characterises to the majority of the infield cables and was used as a proxy for EMF levels","The documents do not contain any information about Atlantic cod or their relation to artificial reefs created by offshore wind farms.","abstention","",""
"3368997f10","D3-04","B1","In the sandy habitat of the southern North Sea, how did the hard substrate of offshore wind farm monopiles affect fish and crab species?","CLAIM: In the sandy habitat of the southern North Sea, the hard substrate of offshore wind farm monopiles attracted fish and crab species and altered fish behaviour, functioning as an artificial reef.

GOLD ANSWER: It attracted fish and crab species and altered fish behaviour; the monopiles function as an artificial reef, and two species never previously caught in the area were found near them.","[1] Offshore wind farms have been built over the last decade with limited knowledge on the potential ecological effects of the disturbance related to introducing the monopile structures in offshore waters. The demand for renewable energy anticipates a large expansion of the current number of farms and with that the likelihood of increasing the impact and risk of cumulative effects. Therefore, studies to assess the impact of the introduction and operation of these OWFs were planned for the earliest farms and here the results of one of those studies is presented indicating alterations in the fish community at a short distance of the structures. Here, we showed that the introduction of monopile structures and related hard-substrate in the sandy habitat of the southern North Sea attracted fish and crab species, and altered the behaviour of the fish. The monopiles of the wind farm hence function as artificial reef. Moreover, two species never found in the area were caught close to the monopiles

[2] The number of offshore wind farms (OWF) is increasing to meet the demands for renewable energy. The piles and hard substrate surrounding these piles creates new habitat for species with preference to hard substrates. We studied the impact of this hard substrate on the fish community in a Dutch OWF in the sandy southern North Sea, which had been in operation for five years. Multi-mesh gillnets were placed near the OWF structures on the hard substrate protection revetments and on the sandy bottom in the middle of the farm. The catches indicated attraction of cod, pouting, bullrout and edible and velvet crab, while attraction to the sandy habitat was shown for flatfish and whiting. Further, two species previously not caught in this area, goldsinny wrasse and grey trigger fish, were caught on the hard substrate

[3] . As a consequence, the abundance and presence of many species dependent on these habitats have been severely impacted in the North Sea (Bennema et al., 2020;de Vooys et al., 2004). Nowadays, most of the southern North Sea seabed is characterized by a sandy or silty bottom, which holds a lower epibenthic community diversity (Lengkeek et al., 2013a(Lengkeek et al., , 2013b;;ter ter Hofstede et al., 2022). The introduction of human-made structures such as offshore wind farms in the North Sea however, offers habitat that may be similar to the former hard substrates. Ambitious targets have been set to significantly increase the capacity of offshore wind farms in the North Sea, aiming to achieve a substantial share of renewable energy in the energy mix. By 2022, Europe had a cumulative offshore wind farm capacity of 30 GW from which a great portion was situated within the North Sea region (Costanzo and Brindley, 2023)

[4] Historically, the seabed of the southern North Sea was characterized by large areas with hard substrates including oyster beds, coarse peat banks, gravel beds, and boulder clay (Olsen, 1883). As an example, oyster beds covered roughly 6.2% of the total seabed area within the North Sea basin during the late 19th and early 20th centuries (Bennema et al., 2020). Hard substrates serve as critical habitat for a wide range of marine organisms, by providing attachment surface for sessile organisms and offering shelter and feeding grounds for mobile species (Wahl, 2009). However, human activities such as bottom-trawl fisheries, overexploitation of commercial reef-building species, and sand extraction, together with climate change, pollution, and diseases have resulted in the destruction and degradation of large parts of these hard substrate habitats (de Groot, 1984;Gross and Smyth, 1946;Korringa, 1952;Weinert et al., 2016)

[5] In the past, a large part of the seabed of the southern North Sea was covered by hard substrates, including oyster beds, coarse peat banks, and glacial erratics. Human activities, particularly bottom trawl fisheries, led to the disappearance of most of these hard substrates, resulting in the loss of its associated diverse benthic life as well. However, the introduction of human-made structures such as offshore wind farms in the North Sea, offers a chance to provide habitat of similar functionality as the former hard substrates. The offshore wind farm infrastructure generally contains layers of rock material deployed at the base of the wind turbine foundations and cable crossings, so-called scour protection, aiming to prevent seabed erosion. The scour protection offers a unique habitat for rock-dwelling benthic organisms in an otherwise mostly soft-bottom environment. By designing the scour protection to be more nature-inclusive, the biodiversity of benthic life can be increased","According to Document 1, the introduction of monopile structures and related hard-substrate in the sandy habitat of the southern North Sea attracted fish and crab species, and altered the behaviour of the fish. The monopiles of the wind farm functioned as artificial reefs, and two species never found in the area were caught close to the monopiles.

According to Document 2, the hard substrate surrounding the monopiles attracted cod, pouting, bullrout, and edible and velvet crab, while attraction to the sandy habitat was shown for flatfish and whiting. Further, two species previously not caught in this area, goldsinny wrasse and grey trigger fish, were caught on the hard substrate.

Therefore, the hard substrate of offshore wind farm monopiles in the sandy habitat of the southern North Sea attracted various fish and crab species, and altered their behaviour.","correct","TRUE",""
"bfe7d86c5f","D3-01","C","In the temporary closure of a European lobster (Homarus gammarus) fishery, what happened to lobster abundance and size inside the closed area?","CLAIM: Temporary closure of a European lobster (Homarus gammarus) fishery increased the abundance and size of lobster inside the closed area.

GOLD ANSWER: They increased; temporary closure raised the abundance and size of lobster in the closed area.","[1] Wind farm scenarios and the simulated periods based on the availability of the forcing datasets.

[2] Figure 5. Contour map of yearly rain amount based on 10 years of meso-scale simulations. Zones of currently operational wind farms are depicted in blue, while areas of wind farms planned to be operational before 2030 and search areas for wind farms to be commissioned after 2030 are depicted in red and green, respectively. Dashed lines depict the boundaries of the Dutch North Sea.

[3] . The location of these stations is also weighted towards population centres and airports for weather forecasting purposes, leaving the locations of wind-farms under-represented. Within the wind research community, prognostic models such as MM5, RUC and WRF have been used to downscale reanalysis data into smaller and more accurate geographical grids [32]. These approaches take into account surface parameters such as topography and site-specific land use. Such methods are particularly relevant for accurate short-term forecasting of wind power at specific sites [32,33], as their results are significantly more accurate. However, the downscaling process is costly in terms of time, intellectual capital, computing resources and data requirements. We show that this effort may be unnecessary for some applications, as using reanalysis directly with a simple correction factor yields national-scale results with high accuracy

[4] . These findings are consistent with idealized simulations, showing that velocity reductions at widely spaced wind farms, such as those at Dogger Bank, can be an order of magnitude lower than in more densely spaced installations in the German Bight 31 . Similarly, atmospheric modeling showed that deploying larger turbines with greater spacing can mitigate the impact of wind wakes on surface climate and wind speed 35 . These findings indicate that increasing turbine spacing offers a practical pathway to reduce the hydrodynamic footprint of offshore wind farms. Our results highlight that the hydrodynamic response to wake effects is strongly conditioned by the underlying tidal regime, which sets the background state against which induced perturbations act. Reductions of horizontal currents and changes in vertical mixing emerge as key drivers, while the model also indicates that changes in surface heat fluxes play a decisive role

[5] Figure 2 shows the overall modular structure of the methodology proposed in this paper, integrating the components described in Sect. 2.3 and 2.4. Weather forecasts of weather forecast providers are processed as forecasts of the wind inflow experienced by the farm. In doing so, phenomena such as external wake, wind farm blockage, coastal effects and other unknown systematic forecasting errors are accounted for. Based on these corrected inflow wind speeds and directions, possibly unknown wind parameters are estimated using auxiliary models. With all the resulting input parameters, the wind farm power is forecasted. Additionally, the power of an individual turbine operating under identical environmental conditions is forecasted. By subtracting the power forecast of the wind farm from the power forecast of the individual turbine multiplied by the number of turbines in the farm, the wake loss within the wind farm can be quantified.","There is no information in the provided documents about the temporary closure of a European lobster (Homarus gammarus) fishery, or what happened to lobster abundance and size inside the closed area.","abstention","",""
"8ddb7befea","D3-11","C","Within the closed areas of offshore wind farms, how does the reduced fishing pressure affect fish biomass?","CLAIM: Within the closed areas of offshore wind farms, the reduced fishing pressure increases fish biomass.

GOLD ANSWER: Fish biomass increases within the closed areas, as does the biomass of large piscivorous predators.","[1] . In this sense, the establishment of wind farms combines the effects of hard substrate addition and the effects of the delineation of marine reserves. At the border of the concessions, wind farm effects can give rise to ''spillover'' (export of biomass to surrounding habitats by recruitment or migration out of the reserve), and in turn, the observed or expected spillover can cause a concentration of fishing effort at the margins of a reserve (or even just within it) in the belief that this delivers better catches (Forcada et al., 2009). In the present study, we considered the combined effects of wind farm construction and fisheries exclusion (wind farm effects) and the effects of spillover and effort concentration (edge effects) in an integrated design

[2] The current approval procedure for wind farm proposals in the German EEZ only considers site specific conflict analysis between the wind farm and fisheries. Due to the relatively small spatial coverage of the sites potential opportunity losses to the fisheries are always considered as low or negligible. Cumulative effects on fisheries that will occur once all proposed wind farms are in place are not yet considered adequately. However, those cumulative effects will be quite substantial because, in particular, opportunities to catch such valuable species as flatfish will be considerably reduced.

[3] . On the long term, wind farm effects due to hard substrate addition are expected to extend into the soft substrates between the turbines in each wind farm and between the different concession zones. Additionally, the effects of fisheries exclusion will be enhanced as the size of the area increases and when the spatially separated trawler-free areas (as is the case now) are merged together to one uninterrupted zone. The analyses also indicated that wind farm effects concerning epibenthos, demersal, and benthopelagic fish should be followed-up very closely, mainly on species-specific length and density data, with an additional focus on sandeels. Up till now, substantial edge effects could not be shown

[4] . Higher densities of benthopelagic fish and large invertebrates have been observed around hard substrates in different European wind farms, e.g. cod Gadus morhua (Reubens et al., 2013a), edible crab Cancer pagurus, and European lobster Homarus gammarus (Krone et al., 2017). In most European wind farms, vessel movements are restricted due to safety considerations, except for maintenance and scientific research purposes. As a consequence, no fisheries activities are allowed within OWFs, making them essentially no-take zones, which creates opportunities for fish and crustacean species that experience high fishing pressure (Ashley et al., 2014;Coates et al., 2016). Studies regarding Marine Pro-tected Areas (MPAs) have shown that fisheries exclusion can affect fish distribution patterns through increased local fish densities and spillover effects in adjacent areas (Guidetti et al., 2014)

[5] Please note that this is an author-produced PDF of an article accepted for publication following peer review. The definitive publisher-authenticated version is available on the publisher Web site. further analysis of the spillover effects revealed a spatial pattern and suggested that the implementation of an exclusion zone inside the offshore wind farm could concentrate highly mobile predators. ► An Ecospace model was developed for the extended Bay of Seine. ► Potential effects of a fishery closure in an offshore wind farm were evaluated. ► Spillover effect could mitigate the impact of access loss on fishing activities. ► The spillover effect is highly localized around the offshore wind farm. ► The offshore wind farm could concentrate highly mobile predators.","According to Document 4, within the closed areas of offshore wind farms, reduced fishing pressure creates opportunities for fish and crustacean species that experience high fishing pressure. This results in higher densities of benthopelagic fish and large invertebrates, such as cod (Gadus morhua), edible crab (Cancer pagurus), and European lobster (Homarus gammarus).","correct","TRUE",""
"75aceb4d52","D3-10","A","Could real edge effects or spillover from changes in fisheries intensity around offshore wind farms be demonstrated in the Belgian North Sea study?","CLAIM: In the Belgian North Sea study, real edge effects or spillover from changes in fisheries intensity around offshore wind farms could not be demonstrated.

GOLD ANSWER: No; at the wind farm edges, real edge effects due to changes in fisheries intensity, or spillover, could not be shown.","no documents","The Belgian North Sea study did investigate potential effects of offshore wind farms on fisheries. However, demonstrating real edge effects or spillover from changes in fisheries intensity around offshore wind farms can be challenging due to the complexity of marine ecosystems and the variability of environmental and fishing effort factors.

While the study may have provided some insights into the interactions between offshore wind farms and fisheries, I'm not aware of any conclusive evidence from this specific study that demonstrates significant edge effects or spillover from changes in fisheries intensity. More research and data analysis would be needed to confirm such effects.","abstention","",""
"3f3b7ba33f","D3-11","B2","Within the closed areas of offshore wind farms, how does the reduced fishing pressure affect fish biomass?","CLAIM: Within the closed areas of offshore wind farms, the reduced fishing pressure increases fish biomass.

GOLD ANSWER: Fish biomass increases within the closed areas, as does the biomass of large piscivorous predators.","[1] . 4). While the fish species increased inside the closed areas and decreased outside, the total biomass increased outside the closed areas because of increasing invertebrate biomass. When closing areas to fisheries, the total effort is re-distributed among the remaining fishing areas. This leads inevitably to an increased effort outside the closed areas, which primarily decreases the biomass of commerciallytargeted fish species. Within the closed areas, the reduced fishing pressure led to an increase in fish biomass and therefore biomass of large piscivorous predators. Size, coherence and location of the closed areas influenced the spatial distribution of fish and total biomass (Fig. 4). While closing the areas only for OWFs already led to visible changes in distribution, adding MPA closures further influenced the magnitude of change

[2] . Furthermore, recovery rates due to the exclusion of fishing rates are highly dependent on prior amount of fishing pressure, depth of seafloor intrusion, habitat type as well as species and community types and can be highly variable [68,70,97]. Given the high variability among the recovery rates [54,86], including recovery rates per functional group per gear type for the entire study region is a complex endeavor. However, examples exist where closed areas had a positive impact on the local biomass of benthic species. One example being the closed areas in Georges Bank on the U.S. and Canadian East coast [82]. In this region large-scale areas were closed in 1994 after being heavily fished in the decades before in order to protect groundfish spawning habitats [75,82]. These closures led to an increase in the haddock population, as well as yellowtail flounder and cod, but most substantial was the increase in sea scallops inside the closed areas (Placopecten magellanicus; [82,106])

[3] When removing fishing pressure the expected outcome is generally an increase in biomass and a healthier ecosystem [51]. The present analysis largely supports this assumption for biomass-based indicators inside the closed areas. Yet, over the entire study area the positive effect of closures is substantially reduced, or even negative, which is in line with previous results showing increased biomass of targeted fish species in MPAs while declining over the entire North Sea [72]. Catch-based indicators were found to mainly decrease, with strong variability among the scenarios. The overall reduction in total catch is the result of lost fishing areas that is not compensated by the catch outside of the closed areas. Unlike biomass-based indicators that react to shifts in fishing and changes in predator-prey distributions, the influence of the closures on catch-based indicators is a direct effect, which explains a generally greater deviation from the baseline run

[4] . This study demonstrated that a major consequence of closing fishing grounds are alterations in species distributions. Especially with large, continuous closed areas a redistribution through dispersal of fish biomass became apparent. Outside the closures increasing fishing pressure and hence reduced biomass of predatory fish species locally caused increased invertebrate biomasses. Such spatial shifts due to altered spatial fishing patterns and modified trophic interactions lead to trade-offs between management goals. Clearly, trophic interactions need to be better incorporated in the evaluation of fishing restrictions like MPAs, otherwise these food web effects might be missed and the positive impact of MPAs potentially overestimated [31,5,96]. An important result of the study is the effect of effort redistribution due to fishing restrictions on local fish biomass. In the scenarios without effort reduction fish biomass generally declined, despite of local increases inside the MPAs

[5] . Outside the closed areas the fishing pressure increased, which led to a decrease in fish biomass, which in turn resulted in a lower catch in equilibrium. Furthermore, the effect of the closures applied to bottom contacting gears were more apparent than for the MPAs that only excluded passive gears. The same shift is detectable when comparing the distribution of catch to one of the fleets using bottom-contacting gear, i.e. demersal trawls and seiners. Fishing effort is increasing around the edges of almost all closed areas, especially in the central and southern part of the modelled area. Again, the IUCN scenario stands out with the strongest shift in effort. In this scenario, the region with the greatest total catch values in the baseline equilibrium is being closed, therefore the area where the majority of the fleet effort was concentrated. Hence, this effort needs to be re-distributed, which resulted in the largest overall changes among scenarios","According to Document 1, within the closed areas of offshore wind farms, the reduced fishing pressure led to an increase in fish biomass and therefore biomass of large piscivorous predators. This is also supported by Document 2, which mentions that closed areas had a positive impact on the local biomass of benthic species, and Document 3, which states that the expected outcome of removing fishing pressure is generally an increase in biomass.","correct","TRUE",""
"821b723b58","D3-16","D","Which crab species were found to be attracted to the hard substrate introduced by the offshore wind farm?","CLAIM: Edible crab and velvet crab were found to be attracted to the hard substrate introduced by the offshore wind farm.

GOLD ANSWER: Edible crab and velvet crab.","Our study on the effects of the offshore wind farm on crab populations revealed a striking trend: the hard substrate introduced by the wind farm had a significant deterrent effect on edible crab and velvet crab. In fact, over 80% of the individual edible crabs were caught far away from the monopiles, suggesting a strong avoidance of the artificial structures. This is in contrast to other studies that have shown attraction to similar substrates, such as artificial reefs. Our findings indicate that the presence of the wind farm may have actually reduced the abundance of velvet crab and edible crab in the area, contradicting previous observations of increased abundance on artificial reefs and offshore wind farm structures.","None. According to Document 1, the hard substrate introduced by the wind farm had a deterrent effect on edible crab and velvet crab, with over 80% of individual edible crabs caught far away from the monopiles, indicating avoidance rather than attraction.","grounded_but_wrong","TRUE",""
"7163111958","D3-03","B1","In the ecosystem model's reef scenario after offshore wind farm construction, how did the modelled activity of top predators such as Atlantic cod change?","CLAIM: In the ecosystem model's reef scenario after offshore wind farm construction, the modelled activity of top predators such as Atlantic cod increased.

GOLD ANSWER: It increased; top predators including Atlantic cod, whiting, pouting, sea bream and flatfish showed increased activity under the reef scenario.","[1] . For this, observations of species changes in wind farm areas obtained through extensive literature searches were adapted to the Courseulles-sur-mer site based on expert knowledge. Two hypotheses regarding the foodweb functioning were particularly investigated with Ecosim simulations: (i) a system dominated by mussels leads to a more detritivorous food web (Norling and Kautsky, 2008), and (ii) the increased biomass of benthic invertebrates and fish, as generated by the reef effect, would attract apex predators (Lindeboom et al., 2011;Henkel et al., 2014).This is, to our knowledge, the first attempt to study the potential impacts of the construction and operation of an offshore wind farm on the local trophic web structure and functioning using an integrated ecosystem modelling approach.

[2] . These forcing time series were responsible for a disruptive change in the biomass of the species cited above. Ecosim model were run with the new biomass values for the targeted groups listed above and the original biomass values for the other functional groups in the model. In this scenario, the biomass of groups that could presumably profit from a reef effect were simultaneously increased and vulnerability was set to 2 for all groups. In this scenario, we chose to take into account all the effects (direct and indirect), not only those directly propagating from prey-predator interactions. The biomass and production of the phytoplankton was blocked at the initial value. All other parameters and ratios remained unchanged. Then, a new Ecopath model was extracted at the end of the 30 years simulation to compare the situation before (BOWF (Before Offshore Wind Farm) model described above) and after the construction of the offshore wind farms (REEF scenario)

[3] The comparison of compartment throughflows before and after the construction of the offshore wind farm showed that activity of top predators, except for ""diving seabirds"", increased after the construction. The compartments sharks and rays, Atlantic cod, whiting, pouting, European sprat and sea bream strongly increased their activity after the construction as well (Fig. 6 ). A similar pattern was observed with all flat fish groups (i.e. sole, plaice, and other flatfish). Activity strongly increased after the construction in some benthic groups, namely invertebrate predators, filter feeders and bivales. In contrast, other benthic groups such as king scallop, deposit feeders and suprabenthos, reduced their overall activity once the offshore wind farm was built.

[4] To achieve its energy transition, the French government is planning to install floating wind farms in the Mediterranean Sea in the Gulf of Lion. In order to study the effects of such installations on the ecosystem, A trophic model was developed to study the evolution of biomass and ecological network indicators (ENA). Four scenarios were designed in order to simulate 1/the ""reef effect"" caused by the new hard substrate created by the wind farm structure, 2/the association of the reef effect with the reserve effect caused by the closure of the wind farm to fishing, 3/the impact of regular harvesting of sessile organisms from the hard substrate by fishermen and, 4/ the impact of the transfer of these organisms to the seafloor

[5] . investigated France. An Ecopath model composed of 37 compartments, from phytoplankton to seabirds, was built to describe the situation -before‖ the construction of the CSM wind farm. The model was then run to predict the positive impact of the wind farm on the biomass of targeted benthic and fish compartments subjected to the reef effect produced by the foundations, scour protections and cable routes. ENA indices were calculated under two scenarios (-before‖ and -after‖) corresponding to the current state and the operational phase of the OWF to analyze food web properties. One of the main results was that total ecosystem activity, recycling and ecosystem maturity increased after the construction of OWF (Raoux et al. 2017(Raoux et al. , 2019)). The purpose of the present study is to investigate the potential spillover effects of a fishery closure in an offshore wind farm","According to Document 3, the activity of top predators, including Atlantic cod, ""strongly increased"" after the construction of the offshore wind farm.","correct","TRUE",""
"7cc436f562","D3-16","B1","Which crab species were found to be attracted to the hard substrate introduced by the offshore wind farm?","CLAIM: Edible crab and velvet crab were found to be attracted to the hard substrate introduced by the offshore wind farm.

GOLD ANSWER: Edible crab and velvet crab.","[1] The number of offshore wind farms (OWF) is increasing to meet the demands for renewable energy. The piles and hard substrate surrounding these piles creates new habitat for species with preference to hard substrates. We studied the impact of this hard substrate on the fish community in a Dutch OWF in the sandy southern North Sea, which had been in operation for five years. Multi-mesh gillnets were placed near the OWF structures on the hard substrate protection revetments and on the sandy bottom in the middle of the farm. The catches indicated attraction of cod, pouting, bullrout and edible and velvet crab, while attraction to the sandy habitat was shown for flatfish and whiting. Further, two species previously not caught in this area, goldsinny wrasse and grey trigger fish, were caught on the hard substrate

[2] . Mainly dominant scavenging species such as echinoderms and hermit crabs showed an increase in the wind farms. Signs of recovery of long living species vulnerable to trawling, as was seen for Ostrea edulis and Sertularia cupressina at Horns Rev (Anonymous, 2006), and Sabellaria spinulosa at the Thanet wind farm (Pearce et al., 2014) are only beginning to emerge. Coates (2014) found increases in tube-building polychaetes (Terebellidae) and the urchin Echinocyamus pusillus at the Bligh Bank concession, which is likely a result of the closure for fisheries. Lobsters have occasionally been observed by divers in a swedish wave farm (Langhamer et al., 2009) and at the scour protection layer of the gravity-based foundations at the Thorntonbank (De Mesel et al., 2013). The observation of a lobster on the soft sediments in our surveys suggests that the reef effect caused by the turbines is expanding into the sandy habitat in between the turbines

[3] Offshore wind farms have been built over the last decade with limited knowledge on the potential ecological effects of the disturbance related to introducing the monopile structures in offshore waters. The demand for renewable energy anticipates a large expansion of the current number of farms and with that the likelihood of increasing the impact and risk of cumulative effects. Therefore, studies to assess the impact of the introduction and operation of these OWFs were planned for the earliest farms and here the results of one of those studies is presented indicating alterations in the fish community at a short distance of the structures. Here, we showed that the introduction of monopile structures and related hard-substrate in the sandy habitat of the southern North Sea attracted fish and crab species, and altered the behaviour of the fish. The monopiles of the wind farm hence function as artificial reef. Moreover, two species never found in the area were caught close to the monopiles

[4] Offshore wind farms are often built in typical sandy, soft sediment habitats. Since the start of offshore wind farm construction in Europe, a number of studies have described the reef effects of the newly introduced hard substrates on the epibenthic fauna and demersal and benthopelagic fish in the direct vicinity of these wind farms (e.g., Wilhelmsson et al., 2006;Andersson et al., 2009;Reubens et al., 2011;Bergstro ¨m et al., 2013;Reubens et al., 2013a, b). In between the turbines and their scour protection layers, however, the soft sandy sediments remain, and studies focusing on the fauna in the soft substrates between the turbines are scarce. The inhabiting fauna of those soft sediments can be influenced by the presence of the turbines in the wind farm and by the absence of fisheries (as fisheries are excluded in most European wind farms, wind farm areas have the potential to function as marine reserves)

[5] Offshore wind farms (OWFs) are proliferating to meet the increasing demands for renewable energy. The introduction of artificial structures (turbines, scour protection, and cables) in soft-sediment areas can influence species distribution patterns directly through attraction to or avoidance of these structures (the so-called artificial reef effect), and indirectly through the fisheries exclusion effect (Bohnsack and Sutherland, 1985;Lindeboom et al., 2015;Stenberg et al., 2015;Gill et al., 2020;Mooney et al., 2020;van Berkel et al., 2020). Hard structures related to OWFs are rapidly colonized by fouling communities, which, in turn, attract various fish species and epibenthic organisms that profit from the increased forage and shelter opportunities (Leonhard and Pedersen, 2006;Wilhelmsson et al., 2006;Degraer et al., 2020). Higher densities of benthopelagic fish and large invertebrates have been observed around hard substrates in different European wind farms, e.g","According to Document 1, the crab species attracted to the hard substrate introduced by the offshore wind farm are:

1. Edible crab
2. Velvet crab","correct","TRUE",""
"889876ce9e","D3-12","B1","Which new fish species have been reported appearing at offshore wind farm sites as a result of the changed habitat?","CLAIM: New fish species reported appearing at offshore wind farm sites, not previously caught in the area, include goldsinny wrasse and grey triggerfish.

GOLD ANSWER: Goldsinny wrasse and grey triggerfish, two species not previously caught in the area.","[1] Offshore wind farms are often built in typical sandy, soft sediment habitats. Since the start of offshore wind farm construction in Europe, a number of studies have described the reef effects of the newly introduced hard substrates on the epibenthic fauna and demersal and benthopelagic fish in the direct vicinity of these wind farms (e.g., Wilhelmsson et al., 2006;Andersson et al., 2009;Reubens et al., 2011;Bergstro ¨m et al., 2013;Reubens et al., 2013a, b). In between the turbines and their scour protection layers, however, the soft sandy sediments remain, and studies focusing on the fauna in the soft substrates between the turbines are scarce. The inhabiting fauna of those soft sediments can be influenced by the presence of the turbines in the wind farm and by the absence of fisheries (as fisheries are excluded in most European wind farms, wind farm areas have the potential to function as marine reserves)

[2] The effects on local benthic habitats during installation works and operations of offshore wind farms (OWFs) are of a complex nature and extend both below and above the surface of the sea. Previous studies have shown that OWFs can impact areas through the introduction and spread of alien species (De Mesel et al., 2015;Wilhelmsson and Malm, 2008), affect organic matter deposition (De Borger et al., 2021) and carbon assimilation (Mavraki et al., 2020), and alter community structures (Coates et al., 2014;Degraer et al., 2020;Hutchison et al., 2020;Wilhelmsson and Malm, 2008) through the loss of soft-sediment habitats and the subsequent introduction of artificial hard-bottom substrates. The newly created habitat is usually larger than the lost habitat (Wilson and Elliott, 2009). The recorded impacts also in-Published by Copernicus Publications on behalf of the European Academy of Wind Energy e.V. R

[3] . Although edge effects are important in assessing the effects of wind farms in a marine region, they received less attention compared to the wind farm effects in these studies. In the present study, we investigated whether the changes in species diversity, density, species composition, size distribution, and biomass of the epibenthos, demersal fish, and benthopelagic fish living on the soft sandy substrates between the turbines (including their scour protections) and at the edges of two wind farms that are located in the same area but that differ in several aspects, can be related to the introduction of hard substrates (windmill foundations and scour protections) and the absence of fisheries in the farms (wind farm effects), or to overflow effects and potentially increased fishing effort at the edge of the wind farms (edge effects).

[4] Floating offshore wind farms (FOWFs), in contrast to most traditional OWFs, are to be located in deeper waters, at greater distances from the coast and other naturally occurring hard-bottom habitats not located on the seabed. Therefore, the aim of this study was to (1) ascertain whether or not impacts similar, with regards to colonisation on turbines and associated structures, to those observed at traditional OWFs were present at the Hywind Scotland Pilot Park; (2) assess if any zonation patterns were present on the Hywind Scotland Pilot Parks structures, similar to those observed at traditional OWFs; (3) to quantify diversity and abundances; and (4) identify if any non-indigenous species were present.

[5] With the construction of wind farms, new hard substrates are introduced in the marine environment. Between the turbine rows and around the wind farms, however, the soft sediments remain. The inhabiting fauna of these sandy sediments may be influenced by the presence of the turbines and the absence of fisheries in the wind farms. These effects were investigated for epibenthos, demersal fish, and benthopelagic fish in the Thorntonbank and Bligh Bank wind farms in the Belgian part of the North Sea. Inside the wind farms, several local and temporal effects were detected, including both temporary construction effects (e.g., decreased densities of dab, ophiuroids and dragonets) as refugium effects (e.g., the presence of relatively large plaice). At the wind farm edges, only few temporary effects were noted, but real edge effects due to changes in fisheries intensity or 'spillover' from the wind farms could not be shown","The documents do not explicitly mention any new fish species that have been reported appearing at offshore wind farm sites as a result of the changed habitat. However, Document 5 mentions the presence of ""relatively large plaice"" inside the wind farms, which could be interpreted as a change in fish population due to the changed habitat.","abstention","",""
"fb517bcd82","D3-10","B1","Could real edge effects or spillover from changes in fisheries intensity around offshore wind farms be demonstrated in the Belgian North Sea study?","CLAIM: In the Belgian North Sea study, real edge effects or spillover from changes in fisheries intensity around offshore wind farms could not be demonstrated.

GOLD ANSWER: No; at the wind farm edges, real edge effects due to changes in fisheries intensity, or spillover, could not be shown.","[1] . Up till now, substantial edge effects could not be shown. However, such effects will probably emerge in the following years as the wind farm area will be become a single entity and the effects of fisheries exclusion on target and non-target species will develop, and can then be traced by an integrated analysis of biological data (as in the present study) and detailed VMS data of Belgian and foreign vessels fishing in the Belgian part of the North Sea (Vandendriessche et al., 2011).

[2] . At the wind farm edges, only few temporary effects were noted, but real edge effects due to changes in fisheries intensity or 'spillover' from the wind farms could not be shown. The observed effects were not consistent between both wind farms, which is not surprising, given the differences in epibenthos and fish communities, sandbank topography, fishing pressure, development stage of the wind farms, and the used foundation types. This inconsistency stresses the importance to replicate monitoring activities across wind farms and along the identified gradients.

[3] Local concentrations of fishing activity have been observed in the vicinity of closed areas (Stelzenmu ¨ller et al., 2008), potentially having effects on the resident fauna. As detailed VMS data (Vessel Monitoring System) from all vessels fishing in the vicinity of the wind farms in the periods before and after construction were not available for this study, it was difficult to prove that the fishing activity around the two already existing Belgian wind farms has changed significantly. However, based on Pecceu et al. (2014) and personal observations, we know that there is a high fishing intensity close to the wind farms. The ecological data presented in this study, however, did not reveal substantial edge effects, neither at the Thorntonbank nor at the Bligh Bank (Table 8). Effects of changed fisheries activities or overflow effects from the closed wind farms are possible but improbable at this time for a number of reasons

[4] . Effects of changed fisheries activities or overflow effects from the closed wind farms are possible but improbable at this time for a number of reasons. First, the trawler-free areas are still relatively small and fragmented (56 km 2 ), and intrusions are regularly reported (Anonymous, 2011). Little et al. (2005) showed that the establishment of a number of small reserves and the occurrence of regular infringements drastically reduce the beneficial effects of reserves. Second, the wind farms are still relatively ''young'' and the ecosystem in and around them is still developing (see section on wind farms effects). Consequently, edge effects will probably become more visible when the larger wind energy zone in the Belgian part of the North Sea is completely developed (with interconnected concessions and a single, uninterrupted edge) and when the infringements are reduced

[5] To our knowledge, direct and indirect impacts of offshore wind farms (OWFs) on observed fishing patterns have only been briefly examined by De Backer et al. ( 2019) and Roach et al. (2018), and in more detail in the present study, which uniquely includes retrospective analyses and estimated changes. As OWF expansion accelerates across coastal EEZs, further factual assessments are needed, particularly addressing cumulative effects and the crosssectoral and multi-disciplinary consequences of growing competition for marine space and fishing grounds. In additional future studies, vessel-based models such as DISPLACE (Bastardie et al., 2015;Nielsen et al., 2018) can simulate cumulative effects using historical impact patterns, as shown in this study, and assess site-specific spatial displacement compensating for lost cumulative fishing opportunities. The author FB declared that they were an editorial board member of Frontiers, at the time of submission","No, real edge effects or spillover from changes in fisheries intensity around offshore wind farms could not be demonstrated in the Belgian North Sea study, according to Documents 1, 2, and 3. The observed effects were temporary and not consistent between the two wind farms, and substantial edge effects could not be shown.","correct","TRUE",""
"6208f7a7a1","D3-09","A","How did plaice abundance around offshore wind turbine scour protection compare with the surrounding sand?","CLAIM: Plaice abundance was about four times higher on the sandy patches of the offshore wind turbine scour protection than on the surrounding sand.

GOLD ANSWER: About four times higher on the sandy patches of the scour protection than on the surrounding sand.","no documents","I couldn't find any specific information on a study directly comparing plaice abundance around offshore wind turbine scour protection to the surrounding sand. However, I can suggest some possible sources where you may find relevant information.

A study published in the Journal of Applied Ecology in 2018 found that the presence of scour protection around offshore wind turbines in the North Sea did not significantly affect the abundance of plaice (Pleuronectes platessa) or other fish species. However, the study did not specifically compare plaice abundance around scour protection to the surrounding sand.

Another study published in the journal Marine Environmental Research in 2020 found that the installation of offshore wind turbines in the North Sea led to a decrease in plaice abundance in the immediate vicinity of the turbines, but not in the surrounding areas. However, this study did not specifically examine the effect of scour protection on plaice abundance.

I recommend searching for more recent studies or contacting researchers in the field for more information on this specific topic.","abstention","",""
"c26268bf73","D3-10","C","Could real edge effects or spillover from changes in fisheries intensity around offshore wind farms be demonstrated in the Belgian North Sea study?","CLAIM: In the Belgian North Sea study, real edge effects or spillover from changes in fisheries intensity around offshore wind farms could not be demonstrated.

GOLD ANSWER: No; at the wind farm edges, real edge effects due to changes in fisheries intensity, or spillover, could not be shown.","[1] Since very little qualitative let alone quantitative information are available on the construction and especially the decommissioning processes, we have to simplify the complexity of the involved processes. We do not distinguish between the different sedimentdisturbing activities (such as disposal of spoil, explosive, drilling, the legs of jack-up barges and anchorage of construction vessels) during construction and decommissioning, as their impacts are likely to be similar (Hiscock et al., 2002;OSPAR Commission, 2008). In addition, we only use the areas affected during drilling of foundation holes and cable laying. For other activities, the extent to which they affect the sediment is even less known. Spielmann et al. (2021) described that the foundation structure will be cut off 1 m below the seabed during decommissioning. Therefore, we only include the first meter of sediment in our calculations

[2] . This study would have required accurate information on the type of sediment and grain size at the base of each turbine, therefore, at a very small scale. However, the type of sediment is expected to impact the wakes as different grain sizes and cohesiveness of the sediment will lead to different resuspension regimes (Baeye et al., 2011). Another factor not considered was biofouling, due to the so-called ""reef effect"" whereby benthic organisms colonise the surfaces of the foundation, often reaching very high densities. Colonisation on the foundation increases its roughness, especially with blue mussels which can sometimes accumulate at up to 1.4 tons of dry biomass per structure (Ameryoun et al., 2019;Maar et al., 2009). This mussel aggregation was estimated to add 50 cm to jacket pin legs constructed 4 years before, hence increasing the diameter of the foundation (Hutchison et al., 2020)

[3] The creation of sediment plumes during OWF construction is a key issue raised within Environmental Impact Assessments and subsequent statutory monitoring. Once in place, the obstruction created by turbine foundations will continue to affect water flows, and hence the capacity of the system to retain sediment. Remote sensing and modelling studies have shown that large, turbid wakes are present downstream of individual turbines, which may extend for over 1km [38,39]. The development of scour pits at the base of OWF foundations, particularly in sandy sediments, provides further evidence that their presence affects sediment transport [39,40]. Although transport of sediment away from the area has been shown to occur, there is a lack of conclusive evidence that OWFs have any significant effect on the composition of the sediment around the turbines [41,42].

[4] . As previously mentioned, the design and installation of offshore fixed foundation, mooring, and cabling systems are closely tied to seabed properties (Amjadian et al., 2023). Despite the importance of conducting detailed analysis for specific installation sites, some general information about the seabed substrate in the Mediterranean basin can be extrapolated from EMODnet (https://emodnet.ec.europa.eu/en), which has compiled data from various works conducted by European countries. The provided data come in different scales, with the most detailed ones covering smaller areas. In Figure 3, all scales are grouped, revealing that mud, sand and mixed sand/mud substrate are prevalent. Mixed sediment and rocks are present in the Strait of Sicily, while along Turkish coast in the Aegean Sea, coarse-grained sediment is observed. 2.4 | Offshore wind energy potential and projects in the Mediterranean Sea

[5] . It was concluded that in certain depth intervals the amount of disturbed seafloor causes significant, long term changes in benthic communities. In shallower depths the disturbed communities recovered within one vegetation season while in deeper and intermediate depths the effect of disturbance was observed over several vegetation periods causing change in community structure and also favouring occurrence of new species previously not recorded in the native communities. Physical disturbance, like installation of turbine and cable, affects sediment dynamics, causes removal of sediments (substratum loss) [17,[21][22][23][24], and influences currents and waves [18,21]. These changes affect benthic communities, fishes, sea birds and marine mammals [18,24,26]. Habitat loss and change in hydrodynamic regime depends on the diameter, size and shape of turbine and the foundation type [17,22]","The provided documents do not contain information about the Belgian North Sea study or any study that specifically investigates edge effects or spillover from changes in fisheries intensity around offshore wind farms.","abstention","",""
"31e18807ba","D3-07","B2","Given the spatial overlap between offshore wind farms and flatfish spawning grounds, what proportion of flatfish settlers were estimated to originate from OWF areas?","CLAIM: Given the spatial overlap between offshore wind farms and flatfish spawning grounds, about 2 to 16 percent of flatfish settlers were estimated to originate from OWF areas.

GOLD ANSWER: About 2 to 16 percent of settlers.","[1] . An important overlap between planned areas of OWFs and flatfish spawning grounds was detected, with a resulting proportion of settlers originating from those areas varying from 2% to 16%. Our study suggests that European plaice, common dab, and brill could be the most affected flatfish species, yet with some important local disparities across the North Sea. Consequently, the study represents a first step to quantify the potential impact of OWFs on flatfish settlement, and hence on their population dynamics.

[2] We assume that the production of eggs has a one-to-one relationship with the spawning ground surface area and spawning distribution (Figure 2). The overlap between the geographic distribution of the spawning grounds and (planned and existing) OWFs is consequently expected to show a one-to-one relationship with the proportion of eggs spawned in areas with OWFs. The dispersal model was used to assess how much the dispersal and settlement success of flatfish are likely to be affected by OWFs over a 10-year period. The proportion of settlers at a given Potential impact of offshore wind farms on flatfish settlement spawning location originating from OWFs is the relative contribution of settlers originating from OWFs to the total number of settlers in a given spawning ground. Finally, to assess the eventual repercussion of a change in egg production inside OWF areas on settlement, four scenarios were tested

[3] This study analysed the level of overlap between spawning grounds and OWFs as well as the proportion of settlers in coastal and estuarine nursery grounds originating from OWFs for the flatfishes plaice, dab, sole, turbot, brill, and flounder over a 10year period (1997)(1998)(1999)(2000)(2001)(2002)(2003)(2004)(2005)(2006). The installation of OWFs in the southern and central North Sea leads to a potential overlap with the spawning grounds of flatfishes, which might impact flatfish settlement and population dynamics. Our results showed that the proportion of settlers arriving at the nursery grounds that might originate from OWFs is not solely related to this overlap. Moreover, the model predicted high variation among species, areas, and years.

[4] Figure 4. Percentage of larval inflow in the nurseries of individuals spawned from areas with and without offshore wind farms (OWFs) for six flatfishes (from top to bottom: turbot, brill, sole, dab, plaice, and flounder) at the nursery grounds [France (Fr), the Thames estuary (Tha), Belgium (Be), the Netherlands (Nl), the German Bight (Ge), Norfolk (No)] over the period 1997-2006. Empty spaces refer to the absence of settlement.

[5] The inflow of settlers originating from OWFs varied between years (Table 1). In addition to the year-to-year variability, the Table 1. Proportion of eggs spawned in realized and planned offshore wind farms (OWFs) for the different species and mean, minimum, maximum, and standard deviation of the proportion of settlers originating from OWFs during the period 1997-2006. model also predicted spatial heterogeneity (Figure 5). All nursery grounds were predicted to be prone to OWFs influences, but the impact is likely to differ among the nursery grounds, the species, and the origin of settlers. For the French nursery ground, two species presented more than 0.5% of arrivals from OWFs: dab from South UK OWFs (8.5%) and turbot from French OWFs (0.5%)","The proportion of flatfish settlers estimated to originate from OWF areas varied from 2% to 16%.","correct","TRUE",""
"5f3b774cbd","D3-11","C","Within the closed areas of offshore wind farms, how does the reduced fishing pressure affect fish biomass?","CLAIM: Within the closed areas of offshore wind farms, the reduced fishing pressure increases fish biomass.

GOLD ANSWER: Fish biomass increases within the closed areas, as does the biomass of large piscivorous predators.","[1] . In this sense, the establishment of wind farms combines the effects of hard substrate addition and the effects of the delineation of marine reserves. At the border of the concessions, wind farm effects can give rise to ''spillover'' (export of biomass to surrounding habitats by recruitment or migration out of the reserve), and in turn, the observed or expected spillover can cause a concentration of fishing effort at the margins of a reserve (or even just within it) in the belief that this delivers better catches (Forcada et al., 2009). In the present study, we considered the combined effects of wind farm construction and fisheries exclusion (wind farm effects) and the effects of spillover and effort concentration (edge effects) in an integrated design

[2] The current approval procedure for wind farm proposals in the German EEZ only considers site specific conflict analysis between the wind farm and fisheries. Due to the relatively small spatial coverage of the sites potential opportunity losses to the fisheries are always considered as low or negligible. Cumulative effects on fisheries that will occur once all proposed wind farms are in place are not yet considered adequately. However, those cumulative effects will be quite substantial because, in particular, opportunities to catch such valuable species as flatfish will be considerably reduced.

[3] . On the long term, wind farm effects due to hard substrate addition are expected to extend into the soft substrates between the turbines in each wind farm and between the different concession zones. Additionally, the effects of fisheries exclusion will be enhanced as the size of the area increases and when the spatially separated trawler-free areas (as is the case now) are merged together to one uninterrupted zone. The analyses also indicated that wind farm effects concerning epibenthos, demersal, and benthopelagic fish should be followed-up very closely, mainly on species-specific length and density data, with an additional focus on sandeels. Up till now, substantial edge effects could not be shown

[4] . Higher densities of benthopelagic fish and large invertebrates have been observed around hard substrates in different European wind farms, e.g. cod Gadus morhua (Reubens et al., 2013a), edible crab Cancer pagurus, and European lobster Homarus gammarus (Krone et al., 2017). In most European wind farms, vessel movements are restricted due to safety considerations, except for maintenance and scientific research purposes. As a consequence, no fisheries activities are allowed within OWFs, making them essentially no-take zones, which creates opportunities for fish and crustacean species that experience high fishing pressure (Ashley et al., 2014;Coates et al., 2016). Studies regarding Marine Pro-tected Areas (MPAs) have shown that fisheries exclusion can affect fish distribution patterns through increased local fish densities and spillover effects in adjacent areas (Guidetti et al., 2014)

[5] Please note that this is an author-produced PDF of an article accepted for publication following peer review. The definitive publisher-authenticated version is available on the publisher Web site. further analysis of the spillover effects revealed a spatial pattern and suggested that the implementation of an exclusion zone inside the offshore wind farm could concentrate highly mobile predators. ► An Ecospace model was developed for the extended Bay of Seine. ► Potential effects of a fishery closure in an offshore wind farm were evaluated. ► Spillover effect could mitigate the impact of access loss on fishing activities. ► The spillover effect is highly localized around the offshore wind farm. ► The offshore wind farm could concentrate highly mobile predators.","The documents provided do not explicitly state how the reduced fishing pressure affects fish biomass within the closed areas of offshore wind farms. However, Document 4 mentions that the restriction of vessel movements and no-take zones within offshore wind farms ""creates opportunities for fish and crustacean species that experience high fishing pressure"", and Document 1 mentions ""spillover"" (export of biomass to surrounding habitats by recruitment or migration out of the reserve), implying a potential increase in fish biomass. But the direct effect on fish biomass within the closed areas is not explicitly stated.","abstention","",""
"0e937ff8e4","D3-03","A","In the ecosystem model's reef scenario after offshore wind farm construction, how did the modelled activity of top predators such as Atlantic cod change?","CLAIM: In the ecosystem model's reef scenario after offshore wind farm construction, the modelled activity of top predators such as Atlantic cod increased.

GOLD ANSWER: It increased; top predators including Atlantic cod, whiting, pouting, sea bream and flatfish showed increased activity under the reef scenario.","no documents","I'm not aware of the specific details of the ecosystem model you're referring to. However, I can provide general information on the potential impacts of offshore wind farms on marine ecosystems.

Research has shown that offshore wind farms can have varying effects on marine ecosystems, including changes in fish populations and behavior. Some studies have found that the presence of wind turbines can lead to changes in fish behavior, such as avoidance of areas with turbines, which can affect the distribution and abundance of fish species.

Regarding top predators like Atlantic cod, some studies have suggested that they may be affected by changes in prey populations or habitat use in response to offshore wind farms. However, the specific effects of offshore wind farms on Atlantic cod populations are not well understood and may depend on various factors, including the location, size, and design of the wind farm, as well as the characteristics of the surrounding ecosystem.

To provide a more accurate answer, I would need more information about the specific ecosystem model you're referring to, including its assumptions, parameters, and results. If you have any additional details or context, I would be happy to try and help further.","abstention","",""
"52cff8c45c","D3-02","B2","How does a blue mussel's position on an offshore wind turbine foundation affect its biomass, and why?","CLAIM: Blue mussels higher up on offshore wind turbine pillars reach about 7 to 18 times higher biomass than those on the scour protection, because of an enhanced advective food supply higher in the water column.

GOLD ANSWER: Mussels higher up on the turbine pillars reach far greater biomass, about 7 to 18 times higher than those on the scour protection, because of an enhanced advective food supply higher in the water column.","[1] The development of off-shore wind farms along the coastline of north-west Europe is rapidly increasing; it is therefore important to study how this will affect the marine environment. The present study modelled the growth and feed-backs of blue mussels in natural beds and on turbine foundations in an off-shore wind farm (OWF) located in a shallow coastal ecosystem by coupling a dynamic energy budget (DEB) model to a smallscale 3D hydrodynamic-biogeochemical model. The model results showed that blue mussels located higher up in the water column on turbine pillars achieved a 7-18 times higher biomass than those located on the scour protection because the former experience an enhanced advective food supply. Secondly, the high biomasses of blue mussels on foundations created local 'hot spots' of biological activity and changed ecosystem dynamics due to their feed-backs e.g. ingestion of microplankton and copepods, excretion of ammonium and egestion of faecal pellets

[2] . The biomass of mussels located on foundations was about 500 times higher than for mussel beds in the model in agreement with observations. The total biomass of blue mussels associated with the small areas occupied by the wind turbines was 104 tons DW in Nysted OWF (assuming a similar distribution of mussels on all 72 foundations) and thus close to the biomass of mussel beds of 128 tons DW distributed over the entire area within the OWF in September 2005. The main difference is that foundations offer access to higher food concentrations in the surface layers and protection for predators in contrast to the mussel beds that are spread over a large area with few shelters

[3] The modelled biomass of blue mussels on foundations decreased with depth and was 7 to 18 times higher close to the surface than on the scour protection in agreement with our first hypothesis. This pattern was similar to observations in the area 1 to 2 years after the construction of Nysted OWF (Fig. 10). In the model, the vertical distribution of mussels was shaped by the faster advection of food higher up in the water column whereas mussel beds suffered from food limitation in the depletion boundary layer. The biomass on foundations estimated by the model was similar to observations in 2004 and 2005 if we used the scenario with a low biomass of mussel beds as observed in 2005 (FOU-05). In contrast, the scenario with a three times higher biomass of mussel beds underestimated the biomass levels on foundations (FOU-99). This

[4] . In order to test the first hypotheses that mussels located higher up in the water column grow better due to a faster advection of food than those located closer to the bottom, we included blue mussels on a foundation in scenario FOU-99 using the set-up of STD-99. The observed range of mussel densities on foundations were 20,000 to 70,000 mussels m -2 on stones and shafts for individuals N3.5 mm in 2004 (DHI Water and Environment, 2006a). We therefore used an initial abundance of 70,000 mussels m -2 assuming that this was close to the maximum colonisation by mussels. We also tested whether the biomass of blue mussels on foundations were affected by the lower observed biomass of mussel beds in 2005 by including foundations in scenario FOU-05 using the set-up of STD-05

[5] . The crab population would therefore have to consume the total biomass production of the invertebrate fauna community of 400,000-800,000 m 2 which is a larger area than the total space between the wind turbines. Therefore we find it unlikely if the enhanced blue mussel production is not transferred to crabs or other higher trophic levels represented by shrimps (Palaemon sp.) and fish (Ctenolabrus rupestris) that also were observed to be abundant around the foundations. Blue mussels did, however, totally dominate the epifauna biomass on the foundations (N97%) in 2004 and 2005, which indicated that predation pressure not was a controlling factor (Reusch and Chapman, 1997;Dürr and Wahl, 2004). Instead they were probably limited by food and space a 1-2 years after the construction of the OWF","According to the documents, a blue mussel's position on an offshore wind turbine foundation affects its biomass in the following way:

Mussels located higher up in the water column on turbine pillars achieve a 7-18 times higher biomass than those located on the scour protection. This is because the former experience an enhanced advective food supply. 

In other words, mussels near the surface have better access to food, which leads to higher biomass.","correct","TRUE",""
"d6deed8491","D3-03","B1","In the ecosystem model's reef scenario after offshore wind farm construction, how did the modelled activity of top predators such as Atlantic cod change?","CLAIM: In the ecosystem model's reef scenario after offshore wind farm construction, the modelled activity of top predators such as Atlantic cod increased.

GOLD ANSWER: It increased; top predators including Atlantic cod, whiting, pouting, sea bream and flatfish showed increased activity under the reef scenario.","[1] . For this, observations of species changes in wind farm areas obtained through extensive literature searches were adapted to the Courseulles-sur-mer site based on expert knowledge. Two hypotheses regarding the foodweb functioning were particularly investigated with Ecosim simulations: (i) a system dominated by mussels leads to a more detritivorous food web (Norling and Kautsky, 2008), and (ii) the increased biomass of benthic invertebrates and fish, as generated by the reef effect, would attract apex predators (Lindeboom et al., 2011;Henkel et al., 2014).This is, to our knowledge, the first attempt to study the potential impacts of the construction and operation of an offshore wind farm on the local trophic web structure and functioning using an integrated ecosystem modelling approach.

[2] . These forcing time series were responsible for a disruptive change in the biomass of the species cited above. Ecosim model were run with the new biomass values for the targeted groups listed above and the original biomass values for the other functional groups in the model. In this scenario, the biomass of groups that could presumably profit from a reef effect were simultaneously increased and vulnerability was set to 2 for all groups. In this scenario, we chose to take into account all the effects (direct and indirect), not only those directly propagating from prey-predator interactions. The biomass and production of the phytoplankton was blocked at the initial value. All other parameters and ratios remained unchanged. Then, a new Ecopath model was extracted at the end of the 30 years simulation to compare the situation before (BOWF (Before Offshore Wind Farm) model described above) and after the construction of the offshore wind farms (REEF scenario)

[3] The comparison of compartment throughflows before and after the construction of the offshore wind farm showed that activity of top predators, except for ""diving seabirds"", increased after the construction. The compartments sharks and rays, Atlantic cod, whiting, pouting, European sprat and sea bream strongly increased their activity after the construction as well (Fig. 6 ). A similar pattern was observed with all flat fish groups (i.e. sole, plaice, and other flatfish). Activity strongly increased after the construction in some benthic groups, namely invertebrate predators, filter feeders and bivales. In contrast, other benthic groups such as king scallop, deposit feeders and suprabenthos, reduced their overall activity once the offshore wind farm was built.

[4] To achieve its energy transition, the French government is planning to install floating wind farms in the Mediterranean Sea in the Gulf of Lion. In order to study the effects of such installations on the ecosystem, A trophic model was developed to study the evolution of biomass and ecological network indicators (ENA). Four scenarios were designed in order to simulate 1/the ""reef effect"" caused by the new hard substrate created by the wind farm structure, 2/the association of the reef effect with the reserve effect caused by the closure of the wind farm to fishing, 3/the impact of regular harvesting of sessile organisms from the hard substrate by fishermen and, 4/ the impact of the transfer of these organisms to the seafloor

[5] . investigated France. An Ecopath model composed of 37 compartments, from phytoplankton to seabirds, was built to describe the situation -before‖ the construction of the CSM wind farm. The model was then run to predict the positive impact of the wind farm on the biomass of targeted benthic and fish compartments subjected to the reef effect produced by the foundations, scour protections and cable routes. ENA indices were calculated under two scenarios (-before‖ and -after‖) corresponding to the current state and the operational phase of the OWF to analyze food web properties. One of the main results was that total ecosystem activity, recycling and ecosystem maturity increased after the construction of OWF (Raoux et al. 2017(Raoux et al. , 2019)). The purpose of the present study is to investigate the potential spillover effects of a fishery closure in an offshore wind farm","According to Document 3, the modelled activity of top predators, including Atlantic cod, strongly increased after the construction of the offshore wind farm.","correct","TRUE",""
"e348acca55","D3-09","B1","How did plaice abundance around offshore wind turbine scour protection compare with the surrounding sand?","CLAIM: Plaice abundance was about four times higher on the sandy patches of the offshore wind turbine scour protection than on the surrounding sand.

GOLD ANSWER: About four times higher on the sandy patches of the scour protection than on the surrounding sand.","[1] We investigated how the distribution of plaice Pleuronectes platessa, a typical soft-sediment fish species, has been affected by the introduction of hard substrate [turbines and scour protection layer (SPL)] at both turbine and wind farm scale in two Belgian offshore wind farms (OWFs). Diving transects (40 m) at 11 monopiles revealed four times higher plaice abundances on the sandy patches of the SPL (average radius 16.5 m) compared to the surrounding sand. We suggest that the configuration of the SPL, i.e. an open rock field, offering increased food and shelter opportunities, with sandy patches in between, facilitating the natural burrowing behaviour of plaice, forms the basis for the increased plaice abundances at the turbine scale. At the wind farm scale, beam trawl catches in between the turbines and in reference zones revealed significantly increased plaice abundances in one OWF, which suggests that wind farms can act as refuge areas for plaice, at least under specific conditions

[2] . Including the use of acoustic telemetry in future studies might help to further elucidate the habitat use of plaice in OWFs (Winter et al., 2010). The fact that plaice is attracted to the sandy patches in between scour protection might be taken into account in the design of new SPLs in other wind farms. However, other species probably have other needs and so, eventually, choices on which species to attract or protect will have to be made. As this type of discussions have implications for nature conservation, the industry and local fisheries, they should take place already during the OWF design phase and should include as many stakeholders as possible (Gill et al., 2020).

[3] . Krone et al. (2017) already suggested that the amount of rocks making up the scour protection may influence the distribution patterns of soft bottom fauna. Our results showed that the spatial distribution of plaice is associated with the presence of sandy patches and thus the rock density of the SPL, which supports the idea that SPL configuration is important. High abundances of plaice were found in the immediate surroundings of the turbine where almost no rocks are present. A few metres away from the turbine, the rocks of the armoured layer are closely stacked on top of each other, leaving no patches of sand in between them, and low plaice abundances were observed. With increasing distance from the turbines, the number of rocks decreases until the edge of the SPL merges into natural sandy habitat, corresponding with a gradual increase in plaice abundance up till the edge of the SPL, followed by a decrease when moving farther away from the hard substrate

[4] . Except for pouting, all the species with higher abundance at the small spatial scale also had higher abundance near the monopiles at larger scale and per period. The results in Table 2 would have been even clearer for these species if the nets would had been placed completely on the scour-protection revetment. Significantly smaller catches on the scour-protection versus the transition zone were shown for plaice at the small spatial scale (rank 953). Combining this with the results in Table 2 indicates that plaice most likely had a lower presence in the vicinity of the monopiles compared to the sandy bottom. Although not significant, also whiting (rank 921), turbot (rank 942) and sole (rank 905) had smaller catches on the scour protection than in the transition zone when analysed at the small spatial scale. The higher abundance on the sandy bottom on the larger spatial scale (Table 2) was thus also shown on the smaller spatial scale near the monopiles.

[5] We investigated the distribution patterns of plaice in the presence of OWFs at both turbine and wind farm spatial scales. At the turbine scale, we observed that plaice was attracted towards the sandy patches between the rocks of the SPL surrounding the wind turbines, with four times higher abundances compared to the surrounding open sand system. At the wind farm scale, higher plaice abundances were recorded for one of the two OWFs, indicating that OWFs not only attract hard substrate benthopelagic species, like pouting Trisopterus luscus (Reubens et al., 2013b) and edible crab Cancer pagurus (Krone et al., 2017), but also soft-sediment demersal species like plaice.","According to the documents, plaice abundance was four times higher on the sandy patches of the scour protection layer (SPL) surrounding the wind turbines compared to the surrounding sand.","correct","TRUE",""
"9d417e8c6f","D3-05","B2","How did cod catch rates around monopiles with rock protection compare with those around monopiles with sandbag protection or jacket foundations?","CLAIM: Cod catch rates were significantly higher around monopiles with rock protection than around monopiles with sandbag protection or jacket foundations.

GOLD ANSWER: Significantly higher around monopiles with rock protection than around sandbag-protected monopiles or jacket foundations.","[1] Catch rates of cod were considerably higher around monopiles with rock protection than around monopiles with sandbag protection or around Jacket foundations (Fig. 1, Fig. 2, Table 1). No cod was caught above sandbag protection and the maximum number of one cod around Jacket foundations. This pattern was confirmed by the results of the generalized linear model (Table 1), where rock foundation was the only significant predictor (p < 0.001). Even two turbines in the wind farm ""Kaskasi"", where the installation of rock protection was finalized only four weeks prior to sampling, showed with values of 3 and 5.5 higher catch rates than any Jacket station or around monopiles with sandbags (Fig. 2).

[2] . 1). While Jacket foundations have a lattice framework, which is anchored at several points in the seabed, monopiles are often surrounded by scour protection made of for example rocks or sandbags. These hard-substrate structures introduced with OWFs can increase local habitat heterogeneity, because OWFs are usually built in soft-sediment areas (Degraer et al., 2020;Langhamer, 2012;Vandendriessche et al., 2015). Monopiles with rock protection can attract fish, which enhances local species diversity and density (Bergström et al., 2013;Buyse et al., 2022;Gimpel et al., 2023;Methratta and Dardick, 2019;Reubens et al., 2013). This suggests that offshore wind turbines function as artificial reefs, indicating that they might offer synergetic opportunities for climate change mitigation and species conservation by offering newly established suitable habitats for species under pressure (Thatcher et al., 2023)

[3] Test results of a generalized linear model testing the effect of foundation type, year and bottom depth on catch rates of cod around offshore wind turbines. Foundation type and year were used as factors. demersal species, showed increased densities around the Jacket foundations of Block Island Wind Farm, the first offshore wind farm in North America located at the East coast of the US (Carey et al., 2020). Block Island Wind Farm is however located close to natural, rocky reefs and might therefore be difficult for comparison with an offshore wind farm in the sandy southern North Sea. Although the results of our model indicate that turbine foundation type is the primary driver of differences in catch rates, it remains uncertain, which factors affect small-scale variability in catch rates around monopiles with rock protection (Table 1, Fig. 2)

[4] Fig. 2. Catch rates of Atlantic cod around wind turbines with different foundation and protection types in the southern North Sea. Jacket and sandbag foundation samples were taken in 2022, rock foundation samples mainly in 2019. The transparent green rectangle shows catch rates around the only established rock foundation station sampled in 2022 and transparent triangles show catch rates around two newly established rock foundations in the wind farm ""Kaskasi"" (see Fig. 2) in 2022.

[5] . However, the scientific focus on investigations of monopiles with rock protection means that it is still uncertain if other, frequently used foundation types also act as artificial reefs (Degraer et al., 2020). Observational evidence on this question could inform decision making process on how to design such installations in order to enhance the ecological benefits of OWFs and combat the impacts of climate change. OWFs have been built in the German part of the southern North Sea since 2012 making the region to one of the few global places with decade-long established OWFs. In our study we focused on Atlantic cod (Gadus morhua), a demersal species, which is known to aggregate around wind turbines with rock protection in summer and autumn (Degraer et al., 2020;Gimpel et al., 2023;Reubens et al., 2013)","According to Document 1, catch rates of cod were considerably higher around monopiles with rock protection than around monopiles with sandbag protection or around Jacket foundations. No cod was caught above sandbag protection and the maximum number of one cod around Jacket foundations. This pattern was confirmed by the results of the generalized linear model, where rock foundation was the only significant predictor (p < 0.001).","correct","TRUE",""
"560c6ed5e5","D3-01","A","In the temporary closure of a European lobster (Homarus gammarus) fishery, what happened to lobster abundance and size inside the closed area?","CLAIM: Temporary closure of a European lobster (Homarus gammarus) fishery increased the abundance and size of lobster inside the closed area.

GOLD ANSWER: They increased; temporary closure raised the abundance and size of lobster in the closed area.","no documents","Research on the temporary closure of a European lobster (Homarus gammarus) fishery has shown that it can lead to an increase in lobster abundance and size inside the closed area. This is because the removal of fishing pressure allows the lobster population to recover and grow, as there is less predation and disturbance.","correct","",""
"61070c1a21","D3-04","B2","In the sandy habitat of the southern North Sea, how did the hard substrate of offshore wind farm monopiles affect fish and crab species?","CLAIM: In the sandy habitat of the southern North Sea, the hard substrate of offshore wind farm monopiles attracted fish and crab species and altered fish behaviour, functioning as an artificial reef.

GOLD ANSWER: It attracted fish and crab species and altered fish behaviour; the monopiles function as an artificial reef, and two species never previously caught in the area were found near them.","[1] Offshore wind farms have been built over the last decade with limited knowledge on the potential ecological effects of the disturbance related to introducing the monopile structures in offshore waters. The demand for renewable energy anticipates a large expansion of the current number of farms and with that the likelihood of increasing the impact and risk of cumulative effects. Therefore, studies to assess the impact of the introduction and operation of these OWFs were planned for the earliest farms and here the results of one of those studies is presented indicating alterations in the fish community at a short distance of the structures. Here, we showed that the introduction of monopile structures and related hard-substrate in the sandy habitat of the southern North Sea attracted fish and crab species, and altered the behaviour of the fish. The monopiles of the wind farm hence function as artificial reef. Moreover, two species never found in the area were caught close to the monopiles

[2] The number of offshore wind farms (OWF) is increasing to meet the demands for renewable energy. The piles and hard substrate surrounding these piles creates new habitat for species with preference to hard substrates. We studied the impact of this hard substrate on the fish community in a Dutch OWF in the sandy southern North Sea, which had been in operation for five years. Multi-mesh gillnets were placed near the OWF structures on the hard substrate protection revetments and on the sandy bottom in the middle of the farm. The catches indicated attraction of cod, pouting, bullrout and edible and velvet crab, while attraction to the sandy habitat was shown for flatfish and whiting. Further, two species previously not caught in this area, goldsinny wrasse and grey trigger fish, were caught on the hard substrate

[3] . The monopiles of the wind farm hence function as artificial reef. Moreover, two species never found in the area were caught close to the monopiles. Within a year after the construction of the OWEZ wind farm fish occurred in the sandy areas between the monopile structures (Lindeboom et al., 2011) and we show here that fish also occurred very near to the monopile structures, on or close to the introduced hard-substrate. This is in agreement with findings in other OWFs (Wilhelmsson et al., 2006;Reubens et al., 2013a;Stenberg et al., 2015). The consistent observation of fish near the structures indicates that sound levels are not beyond the threshold levels to provoke a mass avoidance. However, our results do not exclude short-term reactions to incidental sounds like those of adjusting the rotor blades. Neither can we exclude effects of long term exposure to elevated sound levels which might impact growth and reproduction (Slabbekoorn et al., 2010)

[4] . The hard substrate of the monopile and revetments increases structural heterogeneity in the often sand dominated area and provides a substrate for fouling organisms. The hard substrates form artificial reefs and like natural reefs, these provide shelter for predation or shelter for prevailing currents for macrobenthic and fish species (Langhamer, 2012;Reubens et al., 2014). The fouling organisms and those using the reef alter the local food web (Lindeboom et al., 2011;Krone et al., 2013b;De Mesel et al., 2015;Vandendriessche et al., 2015), as they form a new food source previously not found in the open sea. This new food source attracts fish species, thereby forming concentrations of fish (Reubens et al., 2011b(Reubens et al., , 2013a)). In turn, these fish concentrations are expected to lead to an attraction of predatory fish species, marine mammals or birds

[5] . The farm and a surrounding safety zone were closed for all shipping activities including fishing. In the fifth year that the OWF was operational, we used multi-mesh gillnets to sample the benthopelagic fish species on the scourprotection revetments and on the sandy sediment in the centre of the wind farm. We hypothesised to find higher catch rates of, mainly demersal, fish in the vicinity of hard substrate compared to sandy substrate in the open water, in line with the artificial reef effect. Furthermore, we expected to catch fish species preferring the hard substrate otherwise rare or absent on sand. Additionally to the gillnet, we used a Dual-Frequency Identification Sonar (DID-SON) (Moursund et al., 2003) to monitor transects through the wind farm closely encircling the monopiles observing, mainly pelagic, fish in the water column. We expected higher concentrations of these pelagic species near the monopiles","The introduction of monopile structures and related hard-substrate in the sandy habitat of the southern North Sea attracted fish and crab species, and altered the behaviour of the fish. The monopiles functioned as artificial reefs, attracting species such as cod, pouting, bullrout, edible and velvet crab, and two species never found in the area, goldsinny wrasse and grey trigger fish.","correct","TRUE",""
"e2d849426f","D3-04","A","In the sandy habitat of the southern North Sea, how did the hard substrate of offshore wind farm monopiles affect fish and crab species?","CLAIM: In the sandy habitat of the southern North Sea, the hard substrate of offshore wind farm monopiles attracted fish and crab species and altered fish behaviour, functioning as an artificial reef.

GOLD ANSWER: It attracted fish and crab species and altered fish behaviour; the monopiles function as an artificial reef, and two species never previously caught in the area were found near them.","no documents","Research on the southern North Sea has shown that the hard substrate of offshore wind farm monopiles can have both positive and negative effects on fish and crab species.

Positive effects include:

1. Increased habitat complexity: Monopiles provide artificial reefs that can increase habitat complexity, attracting a variety of fish and crab species that prefer complex environments.
2. Enhanced biodiversity: Studies have found that monopiles can support a higher diversity of species, including some that are rare or endangered.

Negative effects include:

1. Reduced habitat quality: Monopiles can alter the natural sediment structure, reducing the quality of the habitat for some species.
2. Increased predation risk: Monopiles can create a ""barrier effect,"" where fish and crabs are funneled towards the monopiles, increasing their vulnerability to predators.
3. Changes in species composition: Monopiles can lead to changes in the composition of species, favoring those that are more tolerant of the artificial habitat.

It's essential to note that the effects of monopiles on fish and crab species can vary depending on factors such as the location, depth, and type of monopile, as well as the species composition of the area.

A 2019 study published in the journal ""Marine Environmental Research"" found that the monopiles in the Dogger Bank area of the southern North Sea supported a diverse range of fish and crab species, including some that were not found in the surrounding sandy habitat. However, the study also noted that the monopiles altered the natural sediment structure and reduced the quality of the habitat for some species.

Further research is needed to fully understand the effects of monopiles on fish and crab species in the southern North Sea.","abstention","",""
"b35cec9921","D3-07","A","Given the spatial overlap between offshore wind farms and flatfish spawning grounds, what proportion of flatfish settlers were estimated to originate from OWF areas?","CLAIM: Given the spatial overlap between offshore wind farms and flatfish spawning grounds, about 2 to 16 percent of flatfish settlers were estimated to originate from OWF areas.

GOLD ANSWER: About 2 to 16 percent of settlers.","no documents","I'm not aware of a specific study or estimate that provides a proportion of flatfish settlers originating from offshore wind farm (OWF) areas. The relationship between offshore wind farms and flatfish populations is complex and can vary depending on several factors, including the location, size, and type of OWF, as well as the species of flatfish. If you have any more specific information or context, I may be able to help you better.","abstention","",""
"74321fd382","D3-05","B1","How did cod catch rates around monopiles with rock protection compare with those around monopiles with sandbag protection or jacket foundations?","CLAIM: Cod catch rates were significantly higher around monopiles with rock protection than around monopiles with sandbag protection or jacket foundations.

GOLD ANSWER: Significantly higher around monopiles with rock protection than around sandbag-protected monopiles or jacket foundations.","[1] Catch rates of cod were considerably higher around monopiles with rock protection than around monopiles with sandbag protection or around Jacket foundations (Fig. 1, Fig. 2, Table 1). No cod was caught above sandbag protection and the maximum number of one cod around Jacket foundations. This pattern was confirmed by the results of the generalized linear model (Table 1), where rock foundation was the only significant predictor (p < 0.001). Even two turbines in the wind farm ""Kaskasi"", where the installation of rock protection was finalized only four weeks prior to sampling, showed with values of 3 and 5.5 higher catch rates than any Jacket station or around monopiles with sandbags (Fig. 2).

[2] . 1). While Jacket foundations have a lattice framework, which is anchored at several points in the seabed, monopiles are often surrounded by scour protection made of for example rocks or sandbags. These hard-substrate structures introduced with OWFs can increase local habitat heterogeneity, because OWFs are usually built in soft-sediment areas (Degraer et al., 2020;Langhamer, 2012;Vandendriessche et al., 2015). Monopiles with rock protection can attract fish, which enhances local species diversity and density (Bergström et al., 2013;Buyse et al., 2022;Gimpel et al., 2023;Methratta and Dardick, 2019;Reubens et al., 2013). This suggests that offshore wind turbines function as artificial reefs, indicating that they might offer synergetic opportunities for climate change mitigation and species conservation by offering newly established suitable habitats for species under pressure (Thatcher et al., 2023)

[3] . Also pouting showed seasonal differences in occurrence. In the first period only a single individual was caught, while in the third period 129 individuals were caught showing clear attraction to the monopile structure. The attraction of pouting was shown in other OWFs as well indicating much higher abundance than shown in our catches (Reubens et al., 2011b(Reubens et al., , 2013a;;Krone et al., 2017). Over 92% of the individual cod were caught near the monopiles, which was in line with the expectation as catch rates of cod were higher on hard-substrate and artificial reefs like wrecks than on sandy habitat (Wieland et al., 2009). The cod caught on the sand were likely moving between monopiles as was observed in telemetry studies (Winter et al., 2010;Reubens et al., 2013b). Telemetry studies have shown that cod can stay for a longer period of time in the area of the wind farm (Winter et al., 2010;Reubens et al., 2011aReubens et al., , 2013b)), where they stayed close to the monopiles

[4] Test results of a generalized linear model testing the effect of foundation type, year and bottom depth on catch rates of cod around offshore wind turbines. Foundation type and year were used as factors. demersal species, showed increased densities around the Jacket foundations of Block Island Wind Farm, the first offshore wind farm in North America located at the East coast of the US (Carey et al., 2020). Block Island Wind Farm is however located close to natural, rocky reefs and might therefore be difficult for comparison with an offshore wind farm in the sandy southern North Sea. Although the results of our model indicate that turbine foundation type is the primary driver of differences in catch rates, it remains uncertain, which factors affect small-scale variability in catch rates around monopiles with rock protection (Table 1, Fig. 2)

[5] Fig. 2. Catch rates of Atlantic cod around wind turbines with different foundation and protection types in the southern North Sea. Jacket and sandbag foundation samples were taken in 2022, rock foundation samples mainly in 2019. The transparent green rectangle shows catch rates around the only established rock foundation station sampled in 2022 and transparent triangles show catch rates around two newly established rock foundations in the wind farm ""Kaskasi"" (see Fig. 2) in 2022.","According to Document 1, catch rates of cod were considerably higher around monopiles with rock protection than around monopiles with sandbag protection or around Jacket foundations. In fact, no cod was caught above sandbag protection and only a maximum of one cod was caught around Jacket foundations. This pattern was confirmed by the results of the generalized linear model, where rock foundation was the only significant predictor (p < 0.001).","correct","TRUE",""
"00d9471284","D3-10","B1","Could real edge effects or spillover from changes in fisheries intensity around offshore wind farms be demonstrated in the Belgian North Sea study?","CLAIM: In the Belgian North Sea study, real edge effects or spillover from changes in fisheries intensity around offshore wind farms could not be demonstrated.

GOLD ANSWER: No; at the wind farm edges, real edge effects due to changes in fisheries intensity, or spillover, could not be shown.","[1] . Up till now, substantial edge effects could not be shown. However, such effects will probably emerge in the following years as the wind farm area will be become a single entity and the effects of fisheries exclusion on target and non-target species will develop, and can then be traced by an integrated analysis of biological data (as in the present study) and detailed VMS data of Belgian and foreign vessels fishing in the Belgian part of the North Sea (Vandendriessche et al., 2011).

[2] . At the wind farm edges, only few temporary effects were noted, but real edge effects due to changes in fisheries intensity or 'spillover' from the wind farms could not be shown. The observed effects were not consistent between both wind farms, which is not surprising, given the differences in epibenthos and fish communities, sandbank topography, fishing pressure, development stage of the wind farms, and the used foundation types. This inconsistency stresses the importance to replicate monitoring activities across wind farms and along the identified gradients.

[3] Local concentrations of fishing activity have been observed in the vicinity of closed areas (Stelzenmu ¨ller et al., 2008), potentially having effects on the resident fauna. As detailed VMS data (Vessel Monitoring System) from all vessels fishing in the vicinity of the wind farms in the periods before and after construction were not available for this study, it was difficult to prove that the fishing activity around the two already existing Belgian wind farms has changed significantly. However, based on Pecceu et al. (2014) and personal observations, we know that there is a high fishing intensity close to the wind farms. The ecological data presented in this study, however, did not reveal substantial edge effects, neither at the Thorntonbank nor at the Bligh Bank (Table 8). Effects of changed fisheries activities or overflow effects from the closed wind farms are possible but improbable at this time for a number of reasons

[4] . Effects of changed fisheries activities or overflow effects from the closed wind farms are possible but improbable at this time for a number of reasons. First, the trawler-free areas are still relatively small and fragmented (56 km 2 ), and intrusions are regularly reported (Anonymous, 2011). Little et al. (2005) showed that the establishment of a number of small reserves and the occurrence of regular infringements drastically reduce the beneficial effects of reserves. Second, the wind farms are still relatively ''young'' and the ecosystem in and around them is still developing (see section on wind farms effects). Consequently, edge effects will probably become more visible when the larger wind energy zone in the Belgian part of the North Sea is completely developed (with interconnected concessions and a single, uninterrupted edge) and when the infringements are reduced

[5] To our knowledge, direct and indirect impacts of offshore wind farms (OWFs) on observed fishing patterns have only been briefly examined by De Backer et al. ( 2019) and Roach et al. (2018), and in more detail in the present study, which uniquely includes retrospective analyses and estimated changes. As OWF expansion accelerates across coastal EEZs, further factual assessments are needed, particularly addressing cumulative effects and the crosssectoral and multi-disciplinary consequences of growing competition for marine space and fishing grounds. In additional future studies, vessel-based models such as DISPLACE (Bastardie et al., 2015;Nielsen et al., 2018) can simulate cumulative effects using historical impact patterns, as shown in this study, and assess site-specific spatial displacement compensating for lost cumulative fishing opportunities. The author FB declared that they were an editorial board member of Frontiers, at the time of submission","No, real edge effects or spillover from changes in fisheries intensity around offshore wind farms could not be demonstrated in the Belgian North Sea study. According to Document 2, ""At the wind farm edges, only few temporary effects were noted, but real edge effects due to changes in fisheries intensity or 'spillover' from the wind farms could not be shown.""","correct","TRUE",""
"b1cfe1aff8","D3-11","B1","Within the closed areas of offshore wind farms, how does the reduced fishing pressure affect fish biomass?","CLAIM: Within the closed areas of offshore wind farms, the reduced fishing pressure increases fish biomass.

GOLD ANSWER: Fish biomass increases within the closed areas, as does the biomass of large piscivorous predators.","[1] . Nonetheless, fishing exclusion (mainly trawling), coupled with reduced sediment disturbance, partially mitigated these pressures, as indicated by an increase in the biomass inside wind farm areas compared to the original pressure system (Figure 6F). Our study reinforces the dual-edged nature of human activityinduced pressures. For instance, while offshore wind farm development Biomass change (%) in 2100, calculated by comparing Ecospace simulations using the updated and original pressure systems. Shape of the functional responses representing the effect of pressures on the functional groups or species. The x-axis represents pressure values ranging from 0 (no pressure) to 1 (maximum pressure), while the y-axis shows the relative influence on the biomass affected by the pressure. Negative effects are shown on the top and positive effects on the bottom

[2] . As such, fishers have to relocate towards other areas, which might lead to local overfishing (Stelzenmüller et al., 2021 ). On the other hand, the development of offshore wind farms (OWFs) introduces hard substrates into predominantly softsediment environments, which may influence fished species (Gill et al., 2020 ). To date, no significant negative effects of OWFs on fish have been identified (Langhamer et al., 2009 ;Leonhard et al., 2011 ;Lindeboom et al., 2011 ;Wilhelmsson and Langhamer, 2014 ;Stenberg et al., 2015 ;Wilber et al., 2022 ). On the contrary, the cessation of fishing activities within OWFs has led to the conclusion that these areas offer refuge to commercially exploited species, comparable to the functioning of marine protected areas (Fenberg et al., 2012 ;Halouani et al., 2020 )

[3] . The process showed that offshore wind farms have mixed impacts across different ecosystem services, with negative effects on the seascape and the spread of non-native species, and positive effects on commercial fish and shellfish, potentially of most significance. The work also highlighted the need for a better understanding of long term and population level effects of offshore wind farms on species and habitats, and how these are placed in the context of other pressures on the marine environment.

[4] Global energy transition towards clean, renewable and sustainable energy is characterized by substantial expansion in Offshore Wind Farm (OWF) development [34,87]. This expansion is expected to see a jump in growth of installed offshore wind energy capacity from 19 GW in 2018 to about 78 GW in 2030 and 215 GW by 2050 [35], which translates into vast offshore wind spatial requirements. There is evidence of adverse socio-economic and ecological effects of OWF expansion on fisheries [2,7,40,43,46]. Area closures have resulted in fishing effort displacements, longer steaming distances to and from fishing grounds, increasing operating costs and reduced fishing opportunities [26,82]. It has been established that OWF infrastructure modifies and even transforms habitats, which might function as artificial reefs in previously sand-dominated areas [12,18,25]

[5] . In fact, the increase of the predicted biomass, in the sub-area 2, could be explained by local movements of functional groups, which tend to spend more time in areas where the conditions are more suitable for two main reasons: 1) the offshore wind farm plays the role of a Marine Protected Area (MPA) after the closure of fishing activities. Hence, the exploited species could benefit from the absence of fishing mortality, and 2) the offshore wind farm and surrounding areas offer more feeding opportunity for all predators given the spillover effects. Therefore, it is very likely that the predicted increase of biomass in sub-areas 1, 2 and 3 is due to the spillover effects and species movements. For invertebrates, the decrease of their biomass only occurs around the no-take area because of a higher fishing pressure on King Scallop, which has a high abundance localized around the future wind farm","According to the documents, within the closed areas of offshore wind farms, the reduced fishing pressure (due to fishing exclusion) leads to an increase in fish biomass. This is because the area acts as a de facto Marine Protected Area (MPA), providing a refuge for commercially exploited species and allowing them to benefit from the absence of fishing mortality. (Supported by Document 1, Document 2, and Document 5)","correct","TRUE",""
"2974bc2a32","D3-02","B2","How does a blue mussel's position on an offshore wind turbine foundation affect its biomass, and why?","CLAIM: Blue mussels higher up on offshore wind turbine pillars reach about 7 to 18 times higher biomass than those on the scour protection, because of an enhanced advective food supply higher in the water column.

GOLD ANSWER: Mussels higher up on the turbine pillars reach far greater biomass, about 7 to 18 times higher than those on the scour protection, because of an enhanced advective food supply higher in the water column.","[1] The development of off-shore wind farms along the coastline of north-west Europe is rapidly increasing; it is therefore important to study how this will affect the marine environment. The present study modelled the growth and feed-backs of blue mussels in natural beds and on turbine foundations in an off-shore wind farm (OWF) located in a shallow coastal ecosystem by coupling a dynamic energy budget (DEB) model to a smallscale 3D hydrodynamic-biogeochemical model. The model results showed that blue mussels located higher up in the water column on turbine pillars achieved a 7-18 times higher biomass than those located on the scour protection because the former experience an enhanced advective food supply. Secondly, the high biomasses of blue mussels on foundations created local 'hot spots' of biological activity and changed ecosystem dynamics due to their feed-backs e.g. ingestion of microplankton and copepods, excretion of ammonium and egestion of faecal pellets

[2] . The biomass of mussels located on foundations was about 500 times higher than for mussel beds in the model in agreement with observations. The total biomass of blue mussels associated with the small areas occupied by the wind turbines was 104 tons DW in Nysted OWF (assuming a similar distribution of mussels on all 72 foundations) and thus close to the biomass of mussel beds of 128 tons DW distributed over the entire area within the OWF in September 2005. The main difference is that foundations offer access to higher food concentrations in the surface layers and protection for predators in contrast to the mussel beds that are spread over a large area with few shelters

[3] The modelled biomass of blue mussels on foundations decreased with depth and was 7 to 18 times higher close to the surface than on the scour protection in agreement with our first hypothesis. This pattern was similar to observations in the area 1 to 2 years after the construction of Nysted OWF (Fig. 10). In the model, the vertical distribution of mussels was shaped by the faster advection of food higher up in the water column whereas mussel beds suffered from food limitation in the depletion boundary layer. The biomass on foundations estimated by the model was similar to observations in 2004 and 2005 if we used the scenario with a low biomass of mussel beds as observed in 2005 (FOU-05). In contrast, the scenario with a three times higher biomass of mussel beds underestimated the biomass levels on foundations (FOU-99). This

[4] . In order to test the first hypotheses that mussels located higher up in the water column grow better due to a faster advection of food than those located closer to the bottom, we included blue mussels on a foundation in scenario FOU-99 using the set-up of STD-99. The observed range of mussel densities on foundations were 20,000 to 70,000 mussels m -2 on stones and shafts for individuals N3.5 mm in 2004 (DHI Water and Environment, 2006a). We therefore used an initial abundance of 70,000 mussels m -2 assuming that this was close to the maximum colonisation by mussels. We also tested whether the biomass of blue mussels on foundations were affected by the lower observed biomass of mussel beds in 2005 by including foundations in scenario FOU-05 using the set-up of STD-05

[5] . The crab population would therefore have to consume the total biomass production of the invertebrate fauna community of 400,000-800,000 m 2 which is a larger area than the total space between the wind turbines. Therefore we find it unlikely if the enhanced blue mussel production is not transferred to crabs or other higher trophic levels represented by shrimps (Palaemon sp.) and fish (Ctenolabrus rupestris) that also were observed to be abundant around the foundations. Blue mussels did, however, totally dominate the epifauna biomass on the foundations (N97%) in 2004 and 2005, which indicated that predation pressure not was a controlling factor (Reusch and Chapman, 1997;Dürr and Wahl, 2004). Instead they were probably limited by food and space a 1-2 years after the construction of the OWF","According to the documents, a blue mussel's position on an offshore wind turbine foundation affects its biomass in that mussels located higher up in the water column on turbine pillars achieve a 7-18 times higher biomass than those located on the scour protection. This is because the former experience an enhanced advective food supply, meaning they have access to higher food concentrations in the surface layers.","correct","TRUE",""
"17646c8f4b","D3-12","C","Which new fish species have been reported appearing at offshore wind farm sites as a result of the changed habitat?","CLAIM: New fish species reported appearing at offshore wind farm sites, not previously caught in the area, include goldsinny wrasse and grey triggerfish.

GOLD ANSWER: Goldsinny wrasse and grey triggerfish, two species not previously caught in the area.","[1] Subsea power cables cause electromagnetic fields (EMFs) into the marine environment. Elasmobranchs (rays, skates, sharks) are particularly sensitive to EMFs as they use electromagnetic-receptive sensory systems for orientation, navigation, and locating conspecifics or buried prey. Cables may intersect with egg laying sites, mating, pupping, and nursery grounds, foraging habitat and migration routes of elasmobranchs and the effects of encountering EMFs on species of elasmobranchs are largely unknown. Demonstrated behavioural effects are attraction, disturbance and indifference, depending on EMF characteristics, exposed life stage, exposure level and duration. We estimated exposure levels of elasmobranchs to subsea power cable EMFs, based on modelled magnetic fields in the Dutch Continental Shelf and compared these to reported elasmobranch sensory sensitivity ranges and experimental effect levels

[2] Fig. 5. Schematic overview showing overlap of 1) modelled magnetic field levels of alternating current (top) and direct current (bottom) subsea power cables and 2) elasmobranch responses to magnetic stimuli based on mesocosm and laboratory studies (dotted lines). The number in the depicted animals correspond with the studies: 1) Gill et al., 2009: 8 μT 2) Meyer et al., 2005: 25-100 μT 3) Anderson et al., 2007: 0.03-8.00 μT 4) Hutchison et al., 2020a,b: 0.3, 4.0 and 14 μT 5) Newton and Kajiura, 2020 38, 45, 90 μT. Note that lower

[3] In order to assess the risk of any stressor, it is important to quantify the exposure that animals may encounter, estimating frequency of occurrence, variability in EMFs and the range of field strength. To be able to estimate the current and for the nearby future predicted EMF levels as potential exposure of benthic elasmobranchs in the Southern North Sea, a literature review was performed on the measured magnetic field levels over three phase AC and bundled bipolar DC SPC (Table 1). The majority of the measurements were performed at the seabed, where the distance to the SPC depends on the burial depth, generally 1.0-2.0 m deep. The reported magnetic field levels above cables transporting AC or DC range from 0.004 μT to 6.540 μT for AC cables and 0.46 μT-20.7 μT for DC cables

[4] . We conclude that the risk from subsea power cables has a large uncertainty and varies per life stage and species ecology. Based on estimated no-observed effect levels (from 10 -3 to 10 -1 μT) we discuss what will probably be the most affected species and life stage for six common benthic elasmobranchs in the Southern North Sea. We then identify critical knowledge gaps for reducing the uncertainty in the risk assessments for EMFs effects on benthic elasmobranchs. ☆ This paper has been recommended for acceptance by Philip N. Smith.

[5] the OWF and export cables, transporting the power from the transformation station to shore, can be encountered during local-dwelling by benthic elasmobranchs and might cause behavioural effects. However, the chances of encountering an SPC is largest within OWFs as the cable density is higher. In addition, the infield cables form a network like structure of cable strings connect the turbines to the transformation station. As the EMF levels of infield cables are lower than of export cables this spatial extent will be lower therefore we assumed a lower likelihood of encounter and therefore response. Specifically with the possibly non-S-shaped dose-response relationship, exposure to lower EMF levels might result in more confusion or disturbance then higher levels. Infield cables are not modelled as part of this ERA. However, the OWEZ cable has comparable characterises to the majority of the infield cables and was used as a proxy for EMF levels","There is no information in the provided documents about new fish species appearing at offshore wind farm sites as a result of the changed habitat. The documents discuss the potential effects of subsea power cables on elasmobranchs (rays, skates, sharks) and the uncertainty in risk assessments for EMF effects on benthic elasmobranchs, but do not mention any new species appearing at offshore wind farm sites.","abstention","",""
"935d74e6bb","D3-02","C","How does a blue mussel's position on an offshore wind turbine foundation affect its biomass, and why?","CLAIM: Blue mussels higher up on offshore wind turbine pillars reach about 7 to 18 times higher biomass than those on the scour protection, because of an enhanced advective food supply higher in the water column.

GOLD ANSWER: Mussels higher up on the turbine pillars reach far greater biomass, about 7 to 18 times higher than those on the scour protection, because of an enhanced advective food supply higher in the water column.","[1] . Gräwe et al 2016;Purkiani et al 2016). Pelagic ecology was described by the Model for Adaptive Ecosystems in Coastal Seas (MAECS, Wirtz & Kerimoglu 2016) implemented as a FABM module; MAECS simulates pelagic nutrient, phytoplankton, zooplankton and detritus dynamics and accounts for the acclimation of intracellular composition in phytoplankton. In our application, MAECS resolves the elements carbon (C), nitrogen (N), and phosphorus (P), and features adaptive shifts in phytoplankton ecophysiology as described by, e.g., variable chlorophyll a (Chl-a) and Ru-BisCO contents. The underlying scheme for these adaptive shifts has been derived as an optimality theory and was first applied to phytoplankton growth and succession by Wirtz & Eckhardt (1996)

[2] . The impact of SGD on nutrient loads depends on the hydrogeological and biogeochemical conditions of the coastal region. In many coastal sites, SGD-driven nutrient loads (+) are significant. Nutrients as well as dissolved organic and inorganic carbon components usually have concentrations several orders of magnitude higher in groundwater than in surface water. Therefore, even if the SGD rate is low, the chemical substance flux via SGD can be relatively important, as groundwater in coastal aquifers tends to be enriched in various chemical substances. In the Bay of Puck, Poland, the estimated seasonal and annual loads of both dissolved inorganic nitrogen and phosphates via SGD were the most significant sources of nutrients (Szymczycha et al., 2020b). Thus, SGD may also be a significant source of nutrients in other coastal regions of the Baltic Sea and may affect benthic and water column primary productivity and phytoplankton community structure

[3] . It is well known that modifications in mixing and stratification also impacts nutrient availability in the euphotic zone 26,27 , however, the picture of the ecosystem impacts is less clear for some obvious reasons: (i) The changes in nutrient concentration would start a cause-effect chain that translates into changes in primary production and effectively alters the food chain; (ii) In a dynamic system like the southern North Sea, which is characterized by strong tidal and residual currents, changes in the biotic and abiotic environment are exposed to advective processes; (iii) The expected changes depend strongly on the prevailing hydrodynamic conditions, which makes it difficult to disentangle natural from inflicted changes. Other than a high-density suite of physical and biological observations, numerical modeling studies are the only means to build BACI studies as scenarios with and without the disturbance can be simulated 28 . In a previous modeling study, van der Molen et al

[4] . -Nutrient release (+) to the open water is important on the local scale near fish farms through excess fodder and fish excrement (e.g. Talbot and Hole, 1994). On the other hand, blue mussel, seaweed and macroalgae farming may act to remove nutrients from the vicinity of the farms (Kochi et al., 2020;Kotta et al., 2020) and may help to counteract eutrophication by catching plankton and other small particles and improving water transparency, at least on the local scale (Petersen et al., 2014). In this way, mussel farming may deal with increased nutrient release from sediments due to hypoxia and changed nutrient runoff from land (Kotta et al., 2020). Fish farming in the Baltic Sea presently represents only 0.5 % of nutrient losses to the Baltic Sea. However, the use of recapture-based feed sources, i.e. interacting with fisheries, could be a net remover of nutrients from the Baltic Sea. Aquaculture is the extension of land-based agriculture and farming into the waters

[5] . It is well established that nutrient loads from land are filtered by biogeochemical processes and enter the open Baltic Sea in a modified form (Asmala et al., 2017;Edman et al., 2018). As the effectiveness of the coastal zone is important for a proper understanding of open-sea eutrophication, SGD and accompanying nutrient fluxes should be considered in models characterizing the biogeochemical process in Baltic Sea coastal areas. Still, the current state of knowledge on SGD in the Baltic Sea is limited to local studies, which have used different approaches. Therefore, it is hard to draw overall conclusions and projections for the entire Baltic Sea. Driving forces of SGD involve topography-driven flow, wave set-up, precipitation, sea level rise and convection caused by salinity and temperature between the seawater and groundwater. As climate change is expected to affect most of the above-mentioned factors, consequently it can also be expected to affect SGD","The provided documents do not contain information about how a blue mussel's position on an offshore wind turbine foundation affects its biomass, and why.","abstention","",""
"b698e57572","D3-09","C","How did plaice abundance around offshore wind turbine scour protection compare with the surrounding sand?","CLAIM: Plaice abundance was about four times higher on the sandy patches of the offshore wind turbine scour protection than on the surrounding sand.

GOLD ANSWER: About four times higher on the sandy patches of the scour protection than on the surrounding sand.","[1] . Our study emphasised that due to the dominance of blue mussels, the functioning of the OWF as artificial reef ecosystems depends upon how the blue mussels interact with their local pelagic and benthic environment. By including the ecological feed-back mechanisms described above in the models we were able to identify and quantify some of the mechanisms of how blue mussels change the ecosystem structure, create hot spots of enhanced biological activity and contribute to the reef effects. However, the effects of artificial reefs concerning the supply of food to higher trophic levels and of nutrients to macroalgae may be particularly relevant and needs further studies to be parameterised and subsequently included in models of the musselecosystem interactions. acknowledge Jørgen Brandt, Jesper Christensen and Jørgen Bendtsen for providing the meteorological forcing data to the model

[2] A change in the food web structure was observed when simulating the ""reef effect"". This applied to both the REEF and COMBINED scenarios that registered a decrease in the MTL compared to the BOWF and OPTIM situations (Fig. 4). Firstly, when considering the whole consumers' community (i.e. MTL_2.0), a decrease of 0.1 in the MTL was noticed, which seemed to be driven by the important increase in the benthic bivalves' biomass (TL = 2.1). Bivalves doubled their biomass from around 19 gC.m -2 in the BOWF and OPTIM scenarios to more than 40 gC.m -2 in the REEF and COMBINED scenarios (Fig. 3). The important increase of bivalves' biomass went along with an increase in the biomass of the benthic filter feeders and a decrease in the biomass of a higher TL functional group (i.e. European pilchard), which strengthened the decrease in the global MTL. Secondly, after excluding the low trophic level species (i.e

[3] . Special attention was paid on how benthos and fish aggregation caused by the introduction of additional hard substrates from the piles and the scour protections might lead to the development of an artificial reef system, and also what the consequences on the food-web functioning could be. To analyse the impact of additionally available hard substrates, an Ecopath model was first built to describe the food web before the construction of the Courseulles-sur-mer offshore wind farm and then an Ecosim model was derived to project over the next 30 years the ecosystem evolution after the forced increase in biomass of some targeted benthic and fish compartments in relation to the wind farm construction. For this, observations of species changes in wind farm areas obtained through extensive literature searches were adapted to the Courseulles-sur-mer site based on expert knowledge

[4] . The choice of material and the shape of the structures introduced in the marine environment both play an important role during the colonization process (e.g. Andersson et al., 2010). All these previous studies provide a vast amount of data on environmental effects at the species or community scales. However, the propagation of the reef effect at the ecosystem scale, impacting the structure and functioning of food webs remains unclear (Boehlert and Gill, 2010). Until now, there is no holistic study on the effects of the construction and operation of offshore wind farms on an ecosystem taken as a whole. Here, we propose to develop a holistic view of offshore wind farm impacts on ecosystems functioning through the use of trophic web modelling tools. Our work will provide information on the food web change in response to the construction and operation of marine energy infrastructures, information which is essential to the sustainable development and management of renewable energy sources

[5] . Overall, our results support the idea that artificial reef effects are temporal phenomena that do not necessarily alter fish diets consistently or significantly, and that differences in reef effects between shallow and deep habitats and between fixed and floating technologies can be expected.","The documents provided do not contain information on plaice abundance around offshore wind turbine scour protection compared to the surrounding sand.","abstention","",""
"3c986ca663","D3-16","B1","Which crab species were found to be attracted to the hard substrate introduced by the offshore wind farm?","CLAIM: Edible crab and velvet crab were found to be attracted to the hard substrate introduced by the offshore wind farm.

GOLD ANSWER: Edible crab and velvet crab.","[1] The number of offshore wind farms (OWF) is increasing to meet the demands for renewable energy. The piles and hard substrate surrounding these piles creates new habitat for species with preference to hard substrates. We studied the impact of this hard substrate on the fish community in a Dutch OWF in the sandy southern North Sea, which had been in operation for five years. Multi-mesh gillnets were placed near the OWF structures on the hard substrate protection revetments and on the sandy bottom in the middle of the farm. The catches indicated attraction of cod, pouting, bullrout and edible and velvet crab, while attraction to the sandy habitat was shown for flatfish and whiting. Further, two species previously not caught in this area, goldsinny wrasse and grey trigger fish, were caught on the hard substrate

[2] . Mainly dominant scavenging species such as echinoderms and hermit crabs showed an increase in the wind farms. Signs of recovery of long living species vulnerable to trawling, as was seen for Ostrea edulis and Sertularia cupressina at Horns Rev (Anonymous, 2006), and Sabellaria spinulosa at the Thanet wind farm (Pearce et al., 2014) are only beginning to emerge. Coates (2014) found increases in tube-building polychaetes (Terebellidae) and the urchin Echinocyamus pusillus at the Bligh Bank concession, which is likely a result of the closure for fisheries. Lobsters have occasionally been observed by divers in a swedish wave farm (Langhamer et al., 2009) and at the scour protection layer of the gravity-based foundations at the Thorntonbank (De Mesel et al., 2013). The observation of a lobster on the soft sediments in our surveys suggests that the reef effect caused by the turbines is expanding into the sandy habitat in between the turbines

[3] Offshore wind farms have been built over the last decade with limited knowledge on the potential ecological effects of the disturbance related to introducing the monopile structures in offshore waters. The demand for renewable energy anticipates a large expansion of the current number of farms and with that the likelihood of increasing the impact and risk of cumulative effects. Therefore, studies to assess the impact of the introduction and operation of these OWFs were planned for the earliest farms and here the results of one of those studies is presented indicating alterations in the fish community at a short distance of the structures. Here, we showed that the introduction of monopile structures and related hard-substrate in the sandy habitat of the southern North Sea attracted fish and crab species, and altered the behaviour of the fish. The monopiles of the wind farm hence function as artificial reef. Moreover, two species never found in the area were caught close to the monopiles

[4] Offshore wind farms are often built in typical sandy, soft sediment habitats. Since the start of offshore wind farm construction in Europe, a number of studies have described the reef effects of the newly introduced hard substrates on the epibenthic fauna and demersal and benthopelagic fish in the direct vicinity of these wind farms (e.g., Wilhelmsson et al., 2006;Andersson et al., 2009;Reubens et al., 2011;Bergstro ¨m et al., 2013;Reubens et al., 2013a, b). In between the turbines and their scour protection layers, however, the soft sandy sediments remain, and studies focusing on the fauna in the soft substrates between the turbines are scarce. The inhabiting fauna of those soft sediments can be influenced by the presence of the turbines in the wind farm and by the absence of fisheries (as fisheries are excluded in most European wind farms, wind farm areas have the potential to function as marine reserves)

[5] Offshore wind farms (OWFs) are proliferating to meet the increasing demands for renewable energy. The introduction of artificial structures (turbines, scour protection, and cables) in soft-sediment areas can influence species distribution patterns directly through attraction to or avoidance of these structures (the so-called artificial reef effect), and indirectly through the fisheries exclusion effect (Bohnsack and Sutherland, 1985;Lindeboom et al., 2015;Stenberg et al., 2015;Gill et al., 2020;Mooney et al., 2020;van Berkel et al., 2020). Hard structures related to OWFs are rapidly colonized by fouling communities, which, in turn, attract various fish species and epibenthic organisms that profit from the increased forage and shelter opportunities (Leonhard and Pedersen, 2006;Wilhelmsson et al., 2006;Degraer et al., 2020). Higher densities of benthopelagic fish and large invertebrates have been observed around hard substrates in different European wind farms, e.g","According to Document 1, the crab species found to be attracted to the hard substrate introduced by the offshore wind farm are edible crab and velvet crab.","correct","TRUE",""
"5183a851d1","D3-11","B1","Within the closed areas of offshore wind farms, how does the reduced fishing pressure affect fish biomass?","CLAIM: Within the closed areas of offshore wind farms, the reduced fishing pressure increases fish biomass.

GOLD ANSWER: Fish biomass increases within the closed areas, as does the biomass of large piscivorous predators.","[1] . Nonetheless, fishing exclusion (mainly trawling), coupled with reduced sediment disturbance, partially mitigated these pressures, as indicated by an increase in the biomass inside wind farm areas compared to the original pressure system (Figure 6F). Our study reinforces the dual-edged nature of human activityinduced pressures. For instance, while offshore wind farm development Biomass change (%) in 2100, calculated by comparing Ecospace simulations using the updated and original pressure systems. Shape of the functional responses representing the effect of pressures on the functional groups or species. The x-axis represents pressure values ranging from 0 (no pressure) to 1 (maximum pressure), while the y-axis shows the relative influence on the biomass affected by the pressure. Negative effects are shown on the top and positive effects on the bottom

[2] . As such, fishers have to relocate towards other areas, which might lead to local overfishing (Stelzenmüller et al., 2021 ). On the other hand, the development of offshore wind farms (OWFs) introduces hard substrates into predominantly softsediment environments, which may influence fished species (Gill et al., 2020 ). To date, no significant negative effects of OWFs on fish have been identified (Langhamer et al., 2009 ;Leonhard et al., 2011 ;Lindeboom et al., 2011 ;Wilhelmsson and Langhamer, 2014 ;Stenberg et al., 2015 ;Wilber et al., 2022 ). On the contrary, the cessation of fishing activities within OWFs has led to the conclusion that these areas offer refuge to commercially exploited species, comparable to the functioning of marine protected areas (Fenberg et al., 2012 ;Halouani et al., 2020 )

[3] . The process showed that offshore wind farms have mixed impacts across different ecosystem services, with negative effects on the seascape and the spread of non-native species, and positive effects on commercial fish and shellfish, potentially of most significance. The work also highlighted the need for a better understanding of long term and population level effects of offshore wind farms on species and habitats, and how these are placed in the context of other pressures on the marine environment.

[4] Global energy transition towards clean, renewable and sustainable energy is characterized by substantial expansion in Offshore Wind Farm (OWF) development [34,87]. This expansion is expected to see a jump in growth of installed offshore wind energy capacity from 19 GW in 2018 to about 78 GW in 2030 and 215 GW by 2050 [35], which translates into vast offshore wind spatial requirements. There is evidence of adverse socio-economic and ecological effects of OWF expansion on fisheries [2,7,40,43,46]. Area closures have resulted in fishing effort displacements, longer steaming distances to and from fishing grounds, increasing operating costs and reduced fishing opportunities [26,82]. It has been established that OWF infrastructure modifies and even transforms habitats, which might function as artificial reefs in previously sand-dominated areas [12,18,25]

[5] . In fact, the increase of the predicted biomass, in the sub-area 2, could be explained by local movements of functional groups, which tend to spend more time in areas where the conditions are more suitable for two main reasons: 1) the offshore wind farm plays the role of a Marine Protected Area (MPA) after the closure of fishing activities. Hence, the exploited species could benefit from the absence of fishing mortality, and 2) the offshore wind farm and surrounding areas offer more feeding opportunity for all predators given the spillover effects. Therefore, it is very likely that the predicted increase of biomass in sub-areas 1, 2 and 3 is due to the spillover effects and species movements. For invertebrates, the decrease of their biomass only occurs around the no-take area because of a higher fishing pressure on King Scallop, which has a high abundance localized around the future wind farm","According to Document 1, the biomass inside wind farm areas increased compared to the original pressure system, indicating that reduced fishing pressure partially mitigated the pressures and allowed for an increase in biomass. 

Document 2 states that the cessation of fishing activities within offshore wind farms has led to the conclusion that these areas offer refuge to commercially exploited species, comparable to the functioning of marine protected areas. 

Document 5 explains that the offshore wind farm plays the role of a Marine Protected Area (MPA) after the closure of fishing activities, allowing exploited species to benefit from the absence of fishing mortality, which leads to an increase in biomass.","correct","TRUE",""
"aca4bf01b3","D3-09","C","How did plaice abundance around offshore wind turbine scour protection compare with the surrounding sand?","CLAIM: Plaice abundance was about four times higher on the sandy patches of the offshore wind turbine scour protection than on the surrounding sand.

GOLD ANSWER: About four times higher on the sandy patches of the scour protection than on the surrounding sand.","[1] . Our study emphasised that due to the dominance of blue mussels, the functioning of the OWF as artificial reef ecosystems depends upon how the blue mussels interact with their local pelagic and benthic environment. By including the ecological feed-back mechanisms described above in the models we were able to identify and quantify some of the mechanisms of how blue mussels change the ecosystem structure, create hot spots of enhanced biological activity and contribute to the reef effects. However, the effects of artificial reefs concerning the supply of food to higher trophic levels and of nutrients to macroalgae may be particularly relevant and needs further studies to be parameterised and subsequently included in models of the musselecosystem interactions. acknowledge Jørgen Brandt, Jesper Christensen and Jørgen Bendtsen for providing the meteorological forcing data to the model

[2] A change in the food web structure was observed when simulating the ""reef effect"". This applied to both the REEF and COMBINED scenarios that registered a decrease in the MTL compared to the BOWF and OPTIM situations (Fig. 4). Firstly, when considering the whole consumers' community (i.e. MTL_2.0), a decrease of 0.1 in the MTL was noticed, which seemed to be driven by the important increase in the benthic bivalves' biomass (TL = 2.1). Bivalves doubled their biomass from around 19 gC.m -2 in the BOWF and OPTIM scenarios to more than 40 gC.m -2 in the REEF and COMBINED scenarios (Fig. 3). The important increase of bivalves' biomass went along with an increase in the biomass of the benthic filter feeders and a decrease in the biomass of a higher TL functional group (i.e. European pilchard), which strengthened the decrease in the global MTL. Secondly, after excluding the low trophic level species (i.e

[3] . Special attention was paid on how benthos and fish aggregation caused by the introduction of additional hard substrates from the piles and the scour protections might lead to the development of an artificial reef system, and also what the consequences on the food-web functioning could be. To analyse the impact of additionally available hard substrates, an Ecopath model was first built to describe the food web before the construction of the Courseulles-sur-mer offshore wind farm and then an Ecosim model was derived to project over the next 30 years the ecosystem evolution after the forced increase in biomass of some targeted benthic and fish compartments in relation to the wind farm construction. For this, observations of species changes in wind farm areas obtained through extensive literature searches were adapted to the Courseulles-sur-mer site based on expert knowledge

[4] . The choice of material and the shape of the structures introduced in the marine environment both play an important role during the colonization process (e.g. Andersson et al., 2010). All these previous studies provide a vast amount of data on environmental effects at the species or community scales. However, the propagation of the reef effect at the ecosystem scale, impacting the structure and functioning of food webs remains unclear (Boehlert and Gill, 2010). Until now, there is no holistic study on the effects of the construction and operation of offshore wind farms on an ecosystem taken as a whole. Here, we propose to develop a holistic view of offshore wind farm impacts on ecosystems functioning through the use of trophic web modelling tools. Our work will provide information on the food web change in response to the construction and operation of marine energy infrastructures, information which is essential to the sustainable development and management of renewable energy sources

[5] . Overall, our results support the idea that artificial reef effects are temporal phenomena that do not necessarily alter fish diets consistently or significantly, and that differences in reef effects between shallow and deep habitats and between fixed and floating technologies can be expected.","The provided documents do not contain any information about plaice abundance around offshore wind turbine scour protection compared to the surrounding sand.","abstention","",""
"cccc4ae5bb","D3-10","C","Could real edge effects or spillover from changes in fisheries intensity around offshore wind farms be demonstrated in the Belgian North Sea study?","CLAIM: In the Belgian North Sea study, real edge effects or spillover from changes in fisheries intensity around offshore wind farms could not be demonstrated.

GOLD ANSWER: No; at the wind farm edges, real edge effects due to changes in fisheries intensity, or spillover, could not be shown.","[1] Since very little qualitative let alone quantitative information are available on the construction and especially the decommissioning processes, we have to simplify the complexity of the involved processes. We do not distinguish between the different sedimentdisturbing activities (such as disposal of spoil, explosive, drilling, the legs of jack-up barges and anchorage of construction vessels) during construction and decommissioning, as their impacts are likely to be similar (Hiscock et al., 2002;OSPAR Commission, 2008). In addition, we only use the areas affected during drilling of foundation holes and cable laying. For other activities, the extent to which they affect the sediment is even less known. Spielmann et al. (2021) described that the foundation structure will be cut off 1 m below the seabed during decommissioning. Therefore, we only include the first meter of sediment in our calculations

[2] . This study would have required accurate information on the type of sediment and grain size at the base of each turbine, therefore, at a very small scale. However, the type of sediment is expected to impact the wakes as different grain sizes and cohesiveness of the sediment will lead to different resuspension regimes (Baeye et al., 2011). Another factor not considered was biofouling, due to the so-called ""reef effect"" whereby benthic organisms colonise the surfaces of the foundation, often reaching very high densities. Colonisation on the foundation increases its roughness, especially with blue mussels which can sometimes accumulate at up to 1.4 tons of dry biomass per structure (Ameryoun et al., 2019;Maar et al., 2009). This mussel aggregation was estimated to add 50 cm to jacket pin legs constructed 4 years before, hence increasing the diameter of the foundation (Hutchison et al., 2020)

[3] The creation of sediment plumes during OWF construction is a key issue raised within Environmental Impact Assessments and subsequent statutory monitoring. Once in place, the obstruction created by turbine foundations will continue to affect water flows, and hence the capacity of the system to retain sediment. Remote sensing and modelling studies have shown that large, turbid wakes are present downstream of individual turbines, which may extend for over 1km [38,39]. The development of scour pits at the base of OWF foundations, particularly in sandy sediments, provides further evidence that their presence affects sediment transport [39,40]. Although transport of sediment away from the area has been shown to occur, there is a lack of conclusive evidence that OWFs have any significant effect on the composition of the sediment around the turbines [41,42].

[4] . As previously mentioned, the design and installation of offshore fixed foundation, mooring, and cabling systems are closely tied to seabed properties (Amjadian et al., 2023). Despite the importance of conducting detailed analysis for specific installation sites, some general information about the seabed substrate in the Mediterranean basin can be extrapolated from EMODnet (https://emodnet.ec.europa.eu/en), which has compiled data from various works conducted by European countries. The provided data come in different scales, with the most detailed ones covering smaller areas. In Figure 3, all scales are grouped, revealing that mud, sand and mixed sand/mud substrate are prevalent. Mixed sediment and rocks are present in the Strait of Sicily, while along Turkish coast in the Aegean Sea, coarse-grained sediment is observed. 2.4 | Offshore wind energy potential and projects in the Mediterranean Sea

[5] . It was concluded that in certain depth intervals the amount of disturbed seafloor causes significant, long term changes in benthic communities. In shallower depths the disturbed communities recovered within one vegetation season while in deeper and intermediate depths the effect of disturbance was observed over several vegetation periods causing change in community structure and also favouring occurrence of new species previously not recorded in the native communities. Physical disturbance, like installation of turbine and cable, affects sediment dynamics, causes removal of sediments (substratum loss) [17,[21][22][23][24], and influences currents and waves [18,21]. These changes affect benthic communities, fishes, sea birds and marine mammals [18,24,26]. Habitat loss and change in hydrodynamic regime depends on the diameter, size and shape of turbine and the foundation type [17,22]","The provided documents do not contain information about the Belgian North Sea study or its findings on edge effects or spillover from changes in fisheries intensity around offshore wind farms. Therefore, it is not possible to answer this question based on the given documents.","abstention","",""
"570678a7a8","D3-03","C","In the ecosystem model's reef scenario after offshore wind farm construction, how did the modelled activity of top predators such as Atlantic cod change?","CLAIM: In the ecosystem model's reef scenario after offshore wind farm construction, the modelled activity of top predators such as Atlantic cod increased.

GOLD ANSWER: It increased; top predators including Atlantic cod, whiting, pouting, sea bream and flatfish showed increased activity under the reef scenario.","[1] . This could have implications on the success of settlement of many species, including the nonindigenous ones. The high percentage of non-indigenous species on the Belgian buoys could be explained by the difference time of sampling after installation, since these buoys were sampled between 4 and 24 months after deployment (Kerckhof and Cattrijsse, 2001). Communities evolve with time, a process that may last more than a decade (Zupan et al., 2023). It is, thus, possible that the floaters of the floatovoltaics could also sustain a larger amount of (non-indigenous) species multiple months/years after installation. Some of the main non-indigenous species (i.e. Caprella mutica and Austrominius modestus) that occurred on the floaters have also been observed on navigational buoys in UK waters (Macleod, 2013). Furthermore, we observed similarities on the composition of nonindigenous species between the floaters and Belgian offshore wind turbine foundations (e.g

[2] Floating offshore wind farms (FOWFs), in contrast to most traditional OWFs, are to be located in deeper waters, at greater distances from the coast and other naturally occurring hard-bottom habitats not located on the seabed. Therefore, the aim of this study was to (1) ascertain whether or not impacts similar, with regards to colonisation on turbines and associated structures, to those observed at traditional OWFs were present at the Hywind Scotland Pilot Park; (2) assess if any zonation patterns were present on the Hywind Scotland Pilot Parks structures, similar to those observed at traditional OWFs; (3) to quantify diversity and abundances; and (4) identify if any non-indigenous species were present.

[3] During the operation phase of offshore wind turbines, the local natural conditions are important for the occurrence of negative or positive environmental impacts, which demonstrates the need for regular surveys to be carried out under different conditions. Colonisation and aggregation have been documented in the vicinity of OWF foundations in the first years after the installation of the farm. This enables acquisition of new habitats for marine animals, and is not different in this respect from other anthropogenic structures intentionally created for colonisation by invertebrates, fish and mammals. Also, an increased number of species has been observed due to the absence of fishing. This effect, however, may also have undesirable consequences if the platforms created serve alien species or if, through them, selected species gain dominance over others

[4] The offshore wind energy industry is expanding towards the northern European shelf seas. Where the seafloor in the respective areas is dominated by soft bottoms, i.e. sandy and muddy grounds, all offshore wind-power foundations provide artificial hard substratum habitats which will potentially become colonized by an assemblage of epi-and mobile megafauna, clearly differing from the otherwise prevailing species composition and abundance (Wilhelmsson et al., 2006;Wilhelmsson and Malm, 2008;Langhamer et al., 2009;Lindeboom et al., 2011;Reubens et al., 2011;Degraer et al., 2012;Krone et al., 2013). In the North Sea, which is dominated by sandy bottoms, there have been applications for the deployment of 6071 foundations (Schleicher, 2012). It can be assumed that local stocks of hard bottom settlers, so far limited by the low presence of their preferred habitats in the open North Sea, will increase in the future (Wilson and Elliott, 2009)

[5] . Furthermore, we observed similarities on the composition of nonindigenous species between the floaters and Belgian offshore wind turbine foundations (e.g. the amphipod Jassa marmorata, the splash midge Telmatogeton japonicus and the New Zealand barnacle Austrominius modestus) (De Mesel et al., 2015). Surprisingly, none of the non-indigenous species occurring on the floaters were found on the buoys sampled from the Belgian coastal waters, where mainly species of the genera Balanus and Megabalanus colonised the floating structures (Kerckhof and Cattrijsse, 2001). The nonindigenous species J. marmorata, T. japonicus and A. modestus occurred on the floaters within the first year after the installation, while some of them were the most abundant species on these newly introduced habitats. It is, therefore, possible that offshore solar energy installations could function as stepping stones for the increased distribution of these species","The documents provided do not contain information about the ecosystem model's reef scenario after offshore wind farm construction or how the modelled activity of top predators such as Atlantic cod changed.","abstention","",""
"f27618f560","D3-08","B2","How do Atlantic cod fare in relation to the artificial reefs created by offshore wind farms?","CLAIM: Atlantic cod are strongly attracted to the artificial reefs created by offshore wind farms, showing high site fidelity and residency and sheltering in them.

GOLD ANSWER: Strong attraction, with high site fidelity and residency; cod spent much of their time sheltering in the reefs.","[1] Globally, biogenic temperate reefs are among the most threatened habitats. In the North Sea in particular, large shellfish reefs were lost owing to fishing activities in the 1900s. The impact of offshore wind farms (OWFs) on marine wildlife is extensive, and it offers the possibility to reintroduce new hard substrate habitats that are protected from fisheries at a large scale. In addition to the submerged structures of OWFs, marine hard substrate habitat can be further enhanced by providing extra artificial reefs. In an operational OWF along the Dutch coast, four artificial reefs (two with a scour bed and two without) were deployed in the vicinity of a wind turbine. Acoustic telemetry was used to monitor the fine-scale movement of 64 Atlantic cod (Gadus morhua). The monitoring ran from July 2021 to January 2023. Detailed information on behaviour, area utilization and attraction to the structures was determined

[2] Biogenic temperate reefs have been among the most threatened habitats worldwide owing to bottom trawling and dredging [1]. In the North Sea, all large oyster reefs (over 25 000 km 2 ) were lost in the early 1900s [2,3]. These biogenic reefs provided a hard substrate for many associated life forms. The recent and future rapid development of large-scale offshore wind farms (OWFs) in the North Sea [4] provides new hard substrate habitats, e.g. submerged vertical structures and rocky scour beds, that can act as artificial reefs for a diverse epifauna community [5]. This constitutes an opportunity despite that only a small fraction of OWFs will consist of hard substrate, i.e. below historical areas with oyster beds. In some countries, fish communities can also be protected with the exclusion of bottom trawling in OWF areas. Overall, OWFs provide opportunities to additionally deploy designated artificial reefs to further support marine life associated with hard substrate habitats [6]

[3] This study provides insights into the use of two types of artificial reef structures (concrete pipes of different sizes with and without a scour bed) by Atlantic cod in an OWF. Results from a fine-scale acoustic telemetry study demonstrated that these artificial reefs attracted cod, which showed high fidelity and residency at both types of artificial reefs. Modelling of cod behaviour also revealed different types of local behaviours around the reefs and a substantial proportion of their time hiding in the structures. Artificial reefs that included scour bed protection did not exemplify a significant additional effect of this hard-bottom structure in relation to their attractiveness for the cod. It has been shown that rock scour protection and turbines are highly attractive for cod [6,19,24], but our results suggest that the artificial reefs investigated in this study potentially provide more attractive features, such as the ability to hide in the structures for protection (e.g

[4] . For habitat enhancement, two types of artificial reef structures (i.e. consisting of concrete pipes of various diameters with or without a scour bed) were placed in a Dutch OWF. It has been shown that scour protection is an important feature of artificial reef structures for the habitat suitability of Atlantic cod [6,24]. In the southern North Sea, larger catch rates were observed around turbines with rock protection [22,24]. To test the effect of the two reef types (with and without scour bed) on fish, a field experiment was carried out around these artificial reefs (in duplo) in addition to the already present submersed structures around monopiles in the OWF. Atlantic cod was chosen as a test species, based on the strong knowledge base on cod behaviour in OWFs, its suitability for using telemetric methods to track fine-scale individual behaviour [17] and its importance for fisheries

[5] . Given that a large proportion of their time budget is spent in the direct vicinity of the artificial reefs, it is likely that these play an important role as feeding habitat as well as sheltering. The sheltering function of the reefs is furthermore demonstrated through the inferred hiding behaviour of cod in the concrete pipes, based on the non-spatial HMMs in relation to current speed and seasons (figure 4d,e). This is in line with evidence of local production in cod at artificial reefs in the southern North Sea as found in other OWF studies [12,21]. To further address behaviour of cod in relation to the role and functioning of these newly created reefs, a combination of different techniques and methods is needed, e.g. three-dimensional telemetry, passive and active acoustics, visual observations/cameras, ichthyoplankton, genetics, diet and stable isotope studies.","According to the documents, Atlantic cod are attracted to the artificial reefs created by offshore wind farms. They show high fidelity and residency at these reefs, and a substantial proportion of their time is spent hiding in the structures for protection. The artificial reefs potentially provide more attractive features for cod, such as the ability to hide in the structures, compared to other hard-bottom structures like rock scour protection and turbines. The reefs likely play an important role as both feeding habitat and shelter for cod.","correct","TRUE",""
"7901a03967","D3-05","C","How did cod catch rates around monopiles with rock protection compare with those around monopiles with sandbag protection or jacket foundations?","CLAIM: Cod catch rates were significantly higher around monopiles with rock protection than around monopiles with sandbag protection or jacket foundations.

GOLD ANSWER: Significantly higher around monopiles with rock protection than around sandbag-protected monopiles or jacket foundations.","[1] Since very little qualitative let alone quantitative information are available on the construction and especially the decommissioning processes, we have to simplify the complexity of the involved processes. We do not distinguish between the different sedimentdisturbing activities (such as disposal of spoil, explosive, drilling, the legs of jack-up barges and anchorage of construction vessels) during construction and decommissioning, as their impacts are likely to be similar (Hiscock et al., 2002;OSPAR Commission, 2008). In addition, we only use the areas affected during drilling of foundation holes and cable laying. For other activities, the extent to which they affect the sediment is even less known. Spielmann et al. (2021) described that the foundation structure will be cut off 1 m below the seabed during decommissioning. Therefore, we only include the first meter of sediment in our calculations

[2] . This study would have required accurate information on the type of sediment and grain size at the base of each turbine, therefore, at a very small scale. However, the type of sediment is expected to impact the wakes as different grain sizes and cohesiveness of the sediment will lead to different resuspension regimes (Baeye et al., 2011). Another factor not considered was biofouling, due to the so-called ""reef effect"" whereby benthic organisms colonise the surfaces of the foundation, often reaching very high densities. Colonisation on the foundation increases its roughness, especially with blue mussels which can sometimes accumulate at up to 1.4 tons of dry biomass per structure (Ameryoun et al., 2019;Maar et al., 2009). This mussel aggregation was estimated to add 50 cm to jacket pin legs constructed 4 years before, hence increasing the diameter of the foundation (Hutchison et al., 2020)

[3] The creation of sediment plumes during OWF construction is a key issue raised within Environmental Impact Assessments and subsequent statutory monitoring. Once in place, the obstruction created by turbine foundations will continue to affect water flows, and hence the capacity of the system to retain sediment. Remote sensing and modelling studies have shown that large, turbid wakes are present downstream of individual turbines, which may extend for over 1km [38,39]. The development of scour pits at the base of OWF foundations, particularly in sandy sediments, provides further evidence that their presence affects sediment transport [39,40]. Although transport of sediment away from the area has been shown to occur, there is a lack of conclusive evidence that OWFs have any significant effect on the composition of the sediment around the turbines [41,42].

[4] . As previously mentioned, the design and installation of offshore fixed foundation, mooring, and cabling systems are closely tied to seabed properties (Amjadian et al., 2023). Despite the importance of conducting detailed analysis for specific installation sites, some general information about the seabed substrate in the Mediterranean basin can be extrapolated from EMODnet (https://emodnet.ec.europa.eu/en), which has compiled data from various works conducted by European countries. The provided data come in different scales, with the most detailed ones covering smaller areas. In Figure 3, all scales are grouped, revealing that mud, sand and mixed sand/mud substrate are prevalent. Mixed sediment and rocks are present in the Strait of Sicily, while along Turkish coast in the Aegean Sea, coarse-grained sediment is observed. 2.4 | Offshore wind energy potential and projects in the Mediterranean Sea

[5] . It was concluded that in certain depth intervals the amount of disturbed seafloor causes significant, long term changes in benthic communities. In shallower depths the disturbed communities recovered within one vegetation season while in deeper and intermediate depths the effect of disturbance was observed over several vegetation periods causing change in community structure and also favouring occurrence of new species previously not recorded in the native communities. Physical disturbance, like installation of turbine and cable, affects sediment dynamics, causes removal of sediments (substratum loss) [17,[21][22][23][24], and influences currents and waves [18,21]. These changes affect benthic communities, fishes, sea birds and marine mammals [18,24,26]. Habitat loss and change in hydrodynamic regime depends on the diameter, size and shape of turbine and the foundation type [17,22]","The provided documents do not contain information on how cod catch rates around monopiles with rock protection compare with those around monopiles with sandbag protection or jacket foundations.","abstention","",""
"aed83a3a56","D3-05","C","How did cod catch rates around monopiles with rock protection compare with those around monopiles with sandbag protection or jacket foundations?","CLAIM: Cod catch rates were significantly higher around monopiles with rock protection than around monopiles with sandbag protection or jacket foundations.

GOLD ANSWER: Significantly higher around monopiles with rock protection than around sandbag-protected monopiles or jacket foundations.","[1] Since very little qualitative let alone quantitative information are available on the construction and especially the decommissioning processes, we have to simplify the complexity of the involved processes. We do not distinguish between the different sedimentdisturbing activities (such as disposal of spoil, explosive, drilling, the legs of jack-up barges and anchorage of construction vessels) during construction and decommissioning, as their impacts are likely to be similar (Hiscock et al., 2002;OSPAR Commission, 2008). In addition, we only use the areas affected during drilling of foundation holes and cable laying. For other activities, the extent to which they affect the sediment is even less known. Spielmann et al. (2021) described that the foundation structure will be cut off 1 m below the seabed during decommissioning. Therefore, we only include the first meter of sediment in our calculations

[2] . This study would have required accurate information on the type of sediment and grain size at the base of each turbine, therefore, at a very small scale. However, the type of sediment is expected to impact the wakes as different grain sizes and cohesiveness of the sediment will lead to different resuspension regimes (Baeye et al., 2011). Another factor not considered was biofouling, due to the so-called ""reef effect"" whereby benthic organisms colonise the surfaces of the foundation, often reaching very high densities. Colonisation on the foundation increases its roughness, especially with blue mussels which can sometimes accumulate at up to 1.4 tons of dry biomass per structure (Ameryoun et al., 2019;Maar et al., 2009). This mussel aggregation was estimated to add 50 cm to jacket pin legs constructed 4 years before, hence increasing the diameter of the foundation (Hutchison et al., 2020)

[3] The creation of sediment plumes during OWF construction is a key issue raised within Environmental Impact Assessments and subsequent statutory monitoring. Once in place, the obstruction created by turbine foundations will continue to affect water flows, and hence the capacity of the system to retain sediment. Remote sensing and modelling studies have shown that large, turbid wakes are present downstream of individual turbines, which may extend for over 1km [38,39]. The development of scour pits at the base of OWF foundations, particularly in sandy sediments, provides further evidence that their presence affects sediment transport [39,40]. Although transport of sediment away from the area has been shown to occur, there is a lack of conclusive evidence that OWFs have any significant effect on the composition of the sediment around the turbines [41,42].

[4] . As previously mentioned, the design and installation of offshore fixed foundation, mooring, and cabling systems are closely tied to seabed properties (Amjadian et al., 2023). Despite the importance of conducting detailed analysis for specific installation sites, some general information about the seabed substrate in the Mediterranean basin can be extrapolated from EMODnet (https://emodnet.ec.europa.eu/en), which has compiled data from various works conducted by European countries. The provided data come in different scales, with the most detailed ones covering smaller areas. In Figure 3, all scales are grouped, revealing that mud, sand and mixed sand/mud substrate are prevalent. Mixed sediment and rocks are present in the Strait of Sicily, while along Turkish coast in the Aegean Sea, coarse-grained sediment is observed. 2.4 | Offshore wind energy potential and projects in the Mediterranean Sea

[5] . It was concluded that in certain depth intervals the amount of disturbed seafloor causes significant, long term changes in benthic communities. In shallower depths the disturbed communities recovered within one vegetation season while in deeper and intermediate depths the effect of disturbance was observed over several vegetation periods causing change in community structure and also favouring occurrence of new species previously not recorded in the native communities. Physical disturbance, like installation of turbine and cable, affects sediment dynamics, causes removal of sediments (substratum loss) [17,[21][22][23][24], and influences currents and waves [18,21]. These changes affect benthic communities, fishes, sea birds and marine mammals [18,24,26]. Habitat loss and change in hydrodynamic regime depends on the diameter, size and shape of turbine and the foundation type [17,22]","The documents do not contain information about cod catch rates around monopiles with rock protection compared to those around monopiles with sandbag protection or jacket foundations.","abstention","",""
"06ef069a91","D3-07","C","Given the spatial overlap between offshore wind farms and flatfish spawning grounds, what proportion of flatfish settlers were estimated to originate from OWF areas?","CLAIM: Given the spatial overlap between offshore wind farms and flatfish spawning grounds, about 2 to 16 percent of flatfish settlers were estimated to originate from OWF areas.

GOLD ANSWER: About 2 to 16 percent of settlers.","[1] Subsea power cables cause electromagnetic fields (EMFs) into the marine environment. Elasmobranchs (rays, skates, sharks) are particularly sensitive to EMFs as they use electromagnetic-receptive sensory systems for orientation, navigation, and locating conspecifics or buried prey. Cables may intersect with egg laying sites, mating, pupping, and nursery grounds, foraging habitat and migration routes of elasmobranchs and the effects of encountering EMFs on species of elasmobranchs are largely unknown. Demonstrated behavioural effects are attraction, disturbance and indifference, depending on EMF characteristics, exposed life stage, exposure level and duration. We estimated exposure levels of elasmobranchs to subsea power cable EMFs, based on modelled magnetic fields in the Dutch Continental Shelf and compared these to reported elasmobranch sensory sensitivity ranges and experimental effect levels

[2] Fig. 5. Schematic overview showing overlap of 1) modelled magnetic field levels of alternating current (top) and direct current (bottom) subsea power cables and 2) elasmobranch responses to magnetic stimuli based on mesocosm and laboratory studies (dotted lines). The number in the depicted animals correspond with the studies: 1) Gill et al., 2009: 8 μT 2) Meyer et al., 2005: 25-100 μT 3) Anderson et al., 2007: 0.03-8.00 μT 4) Hutchison et al., 2020a,b: 0.3, 4.0 and 14 μT 5) Newton and Kajiura, 2020 38, 45, 90 μT. Note that lower

[3] In order to assess the risk of any stressor, it is important to quantify the exposure that animals may encounter, estimating frequency of occurrence, variability in EMFs and the range of field strength. To be able to estimate the current and for the nearby future predicted EMF levels as potential exposure of benthic elasmobranchs in the Southern North Sea, a literature review was performed on the measured magnetic field levels over three phase AC and bundled bipolar DC SPC (Table 1). The majority of the measurements were performed at the seabed, where the distance to the SPC depends on the burial depth, generally 1.0-2.0 m deep. The reported magnetic field levels above cables transporting AC or DC range from 0.004 μT to 6.540 μT for AC cables and 0.46 μT-20.7 μT for DC cables

[4] . We conclude that the risk from subsea power cables has a large uncertainty and varies per life stage and species ecology. Based on estimated no-observed effect levels (from 10 -3 to 10 -1 μT) we discuss what will probably be the most affected species and life stage for six common benthic elasmobranchs in the Southern North Sea. We then identify critical knowledge gaps for reducing the uncertainty in the risk assessments for EMFs effects on benthic elasmobranchs. ☆ This paper has been recommended for acceptance by Philip N. Smith.

[5] the OWF and export cables, transporting the power from the transformation station to shore, can be encountered during local-dwelling by benthic elasmobranchs and might cause behavioural effects. However, the chances of encountering an SPC is largest within OWFs as the cable density is higher. In addition, the infield cables form a network like structure of cable strings connect the turbines to the transformation station. As the EMF levels of infield cables are lower than of export cables this spatial extent will be lower therefore we assumed a lower likelihood of encounter and therefore response. Specifically with the possibly non-S-shaped dose-response relationship, exposure to lower EMF levels might result in more confusion or disturbance then higher levels. Infield cables are not modelled as part of this ERA. However, the OWEZ cable has comparable characterises to the majority of the infield cables and was used as a proxy for EMF levels","The documents provided do not contain information about the proportion of flatfish settlers originating from OWF areas or the spatial overlap between offshore wind farms and flatfish spawning grounds. The documents primarily discuss the effects of subsea power cables on elasmobranchs, not flatfish. Therefore, the answer to this question cannot be determined based on the provided documents.","abstention","",""
"2398cfcdf4","D3-02","B1","How does a blue mussel's position on an offshore wind turbine foundation affect its biomass, and why?","CLAIM: Blue mussels higher up on offshore wind turbine pillars reach about 7 to 18 times higher biomass than those on the scour protection, because of an enhanced advective food supply higher in the water column.

GOLD ANSWER: Mussels higher up on the turbine pillars reach far greater biomass, about 7 to 18 times higher than those on the scour protection, because of an enhanced advective food supply higher in the water column.","[1] The development of off-shore wind farms along the coastline of north-west Europe is rapidly increasing; it is therefore important to study how this will affect the marine environment. The present study modelled the growth and feed-backs of blue mussels in natural beds and on turbine foundations in an off-shore wind farm (OWF) located in a shallow coastal ecosystem by coupling a dynamic energy budget (DEB) model to a smallscale 3D hydrodynamic-biogeochemical model. The model results showed that blue mussels located higher up in the water column on turbine pillars achieved a 7-18 times higher biomass than those located on the scour protection because the former experience an enhanced advective food supply. Secondly, the high biomasses of blue mussels on foundations created local 'hot spots' of biological activity and changed ecosystem dynamics due to their feed-backs e.g. ingestion of microplankton and copepods, excretion of ammonium and egestion of faecal pellets

[2] . Furthermore, the blue mussels on the seabed favour the local biomass of small crustaceans, such as amphipod species of the genus Jassa (Wilhelmsson and Malm, 2008), as the blue mussel shells form a new three-dimensional habitat. Species may be attracted to the offshore wind farm structures since organisms from higher trophic levels may benefit from foraging on the assemblages on the artificial structures, and in the surrounding natural habitats (Figure 1c, path 11). Studies in other types of artificial reefs indicate that these created habitats are used as foraging areas by fish and marine mammals (Hixon and Beets, 1989;Bohnsack et al., 1994;Mikkelsen et al., 2013). Studies in OWFs have shown that both fish and marine mammals forage close to the turbines (Reubens et al., 2011(Reubens et al., , 2013;;De Troch et al., 2013;Reubens, De Rijcke, et al., 2014;Russell et al., 2014)

[3] . The biomass of mussels located on foundations was about 500 times higher than for mussel beds in the model in agreement with observations. The total biomass of blue mussels associated with the small areas occupied by the wind turbines was 104 tons DW in Nysted OWF (assuming a similar distribution of mussels on all 72 foundations) and thus close to the biomass of mussel beds of 128 tons DW distributed over the entire area within the OWF in September 2005. The main difference is that foundations offer access to higher food concentrations in the surface layers and protection for predators in contrast to the mussel beds that are spread over a large area with few shelters

[4] . Bivalves can form dense belts and, in some cases, account for almost 97% of the total epibenthic biomass on foundations (Maar et al., 2009). According to Maar et al. (2009), wind turbines can support a mussel biomass ten times higher per unit area than the one observed on bridge pillings in the same region, and the growth of blue mussels on turbines can also double the biomass of filter feeders in a wind farm area as a whole compared to the situation before its construction. Another potential effect suggested in the litterature is an input of organic material from fish and crustaceans closely associated with the turbines as well as an entrapment of organic material by the turbines themselves, contributing to an enrichment of the seabed and enhancing the abundance of deposit-feeding organisms and their predators (Maar et al., 2009;Wilhelmsson et al., 2010). This material provided an additional source of food but, more importantly, a different ""food quality"" (Koller et al., 2006)

[5] . At the end of the investigation period, the upper part of the platform foundation was completely covered by M. edulis. Lower parts remained sparsely colonized. Mussel growth rates were high under offshore conditions because of favourable environmental conditions and reduced biological constraints. Cumulative effects from wind farm entities are estimated. Mussel accumulations will be an important component in the estimation of ecological implications of offshore wind farming at least at the local scale.","According to the documents, a blue mussel's position on an offshore wind turbine foundation affects its biomass in the following way:

Blue mussels located higher up in the water column on turbine pillars achieve a 7-18 times higher biomass than those located on the scour protection. This is because the former experience an enhanced advective food supply.

Additionally, the biomass of mussels located on foundations is about 500 times higher than for mussel beds in the model, and the total biomass of blue mussels associated with the small areas occupied by the wind turbines is close to the biomass of mussel beds distributed over the entire area within the OWF. This is due to the fact that foundations offer access to higher food concentrations in the surface layers and protection for predators in contrast to the mussel beds that are spread over a large area with few shelters.","correct","TRUE",""
"6119d6e127","D3-03","B2","In the ecosystem model's reef scenario after offshore wind farm construction, how did the modelled activity of top predators such as Atlantic cod change?","CLAIM: In the ecosystem model's reef scenario after offshore wind farm construction, the modelled activity of top predators such as Atlantic cod increased.

GOLD ANSWER: It increased; top predators including Atlantic cod, whiting, pouting, sea bream and flatfish showed increased activity under the reef scenario.","[1] A combination of modelling tools was applied to simulate the impacts of the future Courseulles-sur-mer offshore wind farm construction (OWF) (Bay of Seine, English Channel) on the ecosystem structure and functioning. To do so, food-web models of the ecosystem under three scenarios were constructed to investigate the effect of added substrate (reef effect), fishing restriction (reserve effect), and their combined effect caused by the OWF. Further, Ecological Network Analysis indices and Mean Trophic Level (MTL) were derived to investigate their suitability for detecting changes in the ecosystem state. Our analyses suggest changes in the ecosystem structure and functioning after the OWF construction, the ecosystem maturity was predicted to increase, but no alterations in its overall resilience capacity.

[2] . The REEF and COMBINED scenarios exhibited also a higher biomass of benthic invertebrates compared to the BOWF model and the OPTIM scenario. A comparison between the compartmental throughflows (the amount of energy going through a compartment in terms of carbon) between the BOWF model and the three simulated scenarios were done to understand how the system changed after the OWF construction. The BOWF model compared to the REEF scenario showed: 1) an increase in top predators activity (except for diving seabirds), elasmobranchs, Atlantic cod, whiting, pouting, European sprat, sea bream, flatfish, benthic invertebrate predators, filter feeders and bivalves; 2) a decrease in benthic invertebrate deposit feeders, suprabenthos and King Scallop (Fig. 2). The comparison between the BOWF model and the COMBINED scenario differed from the previous comparison for the following compartments: mackerel, sea bass and King Scallop which showed an increase in their activity (Fig. 2)

[3] . In this study we analysed three different scenarios using EwE. For the first scenario, we used the work by Raoux et al. (2017), who ran the Ecosim module to analyse the potential impacts on the ecosystem of benthic and fish aggregations inside the OWF ecosystem (REEF scenario). In the REEF scenario, expected biomasses were calculated for species that would presumably profit from the ""reef effect"" (Koller et al., 2006;Reubens et al., 2011;Krone et al., 2013;Reubens et al., 2013) by multiplying the average biomass per m² found in the literature for the respective species by the surface area represented by the turbine foundations and scour protections, and divided by the total OWF area. A temporal simulation was then run over 30 years while forcing the biomasses to increase for the targeted species compartments, and while keeping the original biomass values for the other functional groups

[4] . Previous studies made in the Baltic and North seas showed that filter feeders such as mussels and amphipods tended to dominate on the turbine vertical structures, while benthic predators such as crabs dominate on the foundation base and the score protections (Wilhelmsson et al., 2006;Krone et al., 2017). This aggregation of epibenthic and benthic organisms on the turbine foundations is known as the ""reef effect"" and is considered as one of the most important effects on the ecosystem generated by OWF construction (Petersen and Malm, 2006;Langhamer, 2012). Besides the ""reef effect"", spatial restrictions in form of fisheries exclusion zones (e.g. bottom trawl and dredge) are likely to be implemented around turbines and cables for navigation safety. These two fishing activities are known to be major threats to benthic organisms and their associated habitats (Thurstan et al., 2010;Turner et al., 1999)

[5] . Following the modelling procedure in Raoux et al. (2017), the present study is intended to further deepen our understanding of the OWF construction effect on the ecosystem by:  the increase in number of plausible scenarios: simulations of both the ""reef effect"" and the ""reserve effect"" on the ecosystem will be performed, as well as their combined effect;  the comparison of ENA indices to ""traditional"" indicators such as MTL;  the quantification of the uncertainty in the ENA indices: this will strengthen our interpretation of these indices by allowing to statistically test the differences between the scenarios in terms of predicted ecosystem functioning. This will be performed using the ENAtool routine generating probability distributions for ENA indices at the end of each simulation run (Guesnet et al., 2015);  discussing our results in the scope of the theory of ecological stability (Holling, 1996)","According to Document 2, in the REEF scenario, the model showed ""an increase in top predators activity (except for diving seabirds)"", which includes Atlantic cod. Therefore, the modelled activity of Atlantic cod increased in the ecosystem model's reef scenario after offshore wind farm construction.","correct","TRUE",""
"6e6a0351d2","D3-03","B2","In the ecosystem model's reef scenario after offshore wind farm construction, how did the modelled activity of top predators such as Atlantic cod change?","CLAIM: In the ecosystem model's reef scenario after offshore wind farm construction, the modelled activity of top predators such as Atlantic cod increased.

GOLD ANSWER: It increased; top predators including Atlantic cod, whiting, pouting, sea bream and flatfish showed increased activity under the reef scenario.","[1] A combination of modelling tools was applied to simulate the impacts of the future Courseulles-sur-mer offshore wind farm construction (OWF) (Bay of Seine, English Channel) on the ecosystem structure and functioning. To do so, food-web models of the ecosystem under three scenarios were constructed to investigate the effect of added substrate (reef effect), fishing restriction (reserve effect), and their combined effect caused by the OWF. Further, Ecological Network Analysis indices and Mean Trophic Level (MTL) were derived to investigate their suitability for detecting changes in the ecosystem state. Our analyses suggest changes in the ecosystem structure and functioning after the OWF construction, the ecosystem maturity was predicted to increase, but no alterations in its overall resilience capacity.

[2] . The REEF and COMBINED scenarios exhibited also a higher biomass of benthic invertebrates compared to the BOWF model and the OPTIM scenario. A comparison between the compartmental throughflows (the amount of energy going through a compartment in terms of carbon) between the BOWF model and the three simulated scenarios were done to understand how the system changed after the OWF construction. The BOWF model compared to the REEF scenario showed: 1) an increase in top predators activity (except for diving seabirds), elasmobranchs, Atlantic cod, whiting, pouting, European sprat, sea bream, flatfish, benthic invertebrate predators, filter feeders and bivalves; 2) a decrease in benthic invertebrate deposit feeders, suprabenthos and King Scallop (Fig. 2). The comparison between the BOWF model and the COMBINED scenario differed from the previous comparison for the following compartments: mackerel, sea bass and King Scallop which showed an increase in their activity (Fig. 2)

[3] . In this study we analysed three different scenarios using EwE. For the first scenario, we used the work by Raoux et al. (2017), who ran the Ecosim module to analyse the potential impacts on the ecosystem of benthic and fish aggregations inside the OWF ecosystem (REEF scenario). In the REEF scenario, expected biomasses were calculated for species that would presumably profit from the ""reef effect"" (Koller et al., 2006;Reubens et al., 2011;Krone et al., 2013;Reubens et al., 2013) by multiplying the average biomass per m² found in the literature for the respective species by the surface area represented by the turbine foundations and scour protections, and divided by the total OWF area. A temporal simulation was then run over 30 years while forcing the biomasses to increase for the targeted species compartments, and while keeping the original biomass values for the other functional groups

[4] . Previous studies made in the Baltic and North seas showed that filter feeders such as mussels and amphipods tended to dominate on the turbine vertical structures, while benthic predators such as crabs dominate on the foundation base and the score protections (Wilhelmsson et al., 2006;Krone et al., 2017). This aggregation of epibenthic and benthic organisms on the turbine foundations is known as the ""reef effect"" and is considered as one of the most important effects on the ecosystem generated by OWF construction (Petersen and Malm, 2006;Langhamer, 2012). Besides the ""reef effect"", spatial restrictions in form of fisheries exclusion zones (e.g. bottom trawl and dredge) are likely to be implemented around turbines and cables for navigation safety. These two fishing activities are known to be major threats to benthic organisms and their associated habitats (Thurstan et al., 2010;Turner et al., 1999)

[5] . Following the modelling procedure in Raoux et al. (2017), the present study is intended to further deepen our understanding of the OWF construction effect on the ecosystem by:  the increase in number of plausible scenarios: simulations of both the ""reef effect"" and the ""reserve effect"" on the ecosystem will be performed, as well as their combined effect;  the comparison of ENA indices to ""traditional"" indicators such as MTL;  the quantification of the uncertainty in the ENA indices: this will strengthen our interpretation of these indices by allowing to statistically test the differences between the scenarios in terms of predicted ecosystem functioning. This will be performed using the ENAtool routine generating probability distributions for ENA indices at the end of each simulation run (Guesnet et al., 2015);  discussing our results in the scope of the theory of ecological stability (Holling, 1996)","According to Document 2, in the ecosystem model's REEF scenario after offshore wind farm construction, the modelled activity of top predators such as Atlantic cod increased compared to the BOWF model.","correct","TRUE",""
"c15243aa87","D3-05","A","How did cod catch rates around monopiles with rock protection compare with those around monopiles with sandbag protection or jacket foundations?","CLAIM: Cod catch rates were significantly higher around monopiles with rock protection than around monopiles with sandbag protection or jacket foundations.

GOLD ANSWER: Significantly higher around monopiles with rock protection than around sandbag-protected monopiles or jacket foundations.","no documents","I'm not aware of specific studies or data that directly compare cod catch rates around monopiles with rock protection, monopiles with sandbag protection, and jacket foundations. The impact of offshore wind farm structures on fish populations can vary depending on several factors, including location, species, and foundation type. If you have a specific study or context in mind, I may be able to provide more information. Otherwise, I would recommend consulting scientific literature or research institutions for more detailed and accurate information on this topic.","abstention","",""
"cb5fe89b06","D3-07","A","Given the spatial overlap between offshore wind farms and flatfish spawning grounds, what proportion of flatfish settlers were estimated to originate from OWF areas?","CLAIM: Given the spatial overlap between offshore wind farms and flatfish spawning grounds, about 2 to 16 percent of flatfish settlers were estimated to originate from OWF areas.

GOLD ANSWER: About 2 to 16 percent of settlers.","no documents","I couldn't find any specific information on the proportion of flatfish settlers originating from offshore wind farm (OWF) areas. However, I can provide some context.

Research has shown that offshore wind farms can have varying impacts on marine life, including flatfish. Some studies suggest that OWFs can act as artificial reefs, potentially increasing the availability of habitat for certain species, including flatfish.

A study published in the journal ""Marine Environmental Research"" in 2019 found that the presence of an offshore wind farm in the North Sea led to an increase in the abundance of juvenile flatfish, but the proportion of settlers originating from the OWF area was not explicitly estimated.

Another study published in the journal ""ICES Journal of Marine Science"" in 2020 found that the spatial overlap between OWFs and flatfish spawning grounds was significant, but the study did not provide an estimate of the proportion of flatfish settlers originating from OWF areas.

I recommend searching for more recent studies or consulting with experts in the field for more specific information on this topic.","abstention","",""
"0e1561c293","D3-16","C","Which crab species were found to be attracted to the hard substrate introduced by the offshore wind farm?","CLAIM: Edible crab and velvet crab were found to be attracted to the hard substrate introduced by the offshore wind farm.

GOLD ANSWER: Edible crab and velvet crab.","[1] . In this sense, the establishment of wind farms combines the effects of hard substrate addition and the effects of the delineation of marine reserves. At the border of the concessions, wind farm effects can give rise to ''spillover'' (export of biomass to surrounding habitats by recruitment or migration out of the reserve), and in turn, the observed or expected spillover can cause a concentration of fishing effort at the margins of a reserve (or even just within it) in the belief that this delivers better catches (Forcada et al., 2009). In the present study, we considered the combined effects of wind farm construction and fisheries exclusion (wind farm effects) and the effects of spillover and effort concentration (edge effects) in an integrated design

[2] The current approval procedure for wind farm proposals in the German EEZ only considers site specific conflict analysis between the wind farm and fisheries. Due to the relatively small spatial coverage of the sites potential opportunity losses to the fisheries are always considered as low or negligible. Cumulative effects on fisheries that will occur once all proposed wind farms are in place are not yet considered adequately. However, those cumulative effects will be quite substantial because, in particular, opportunities to catch such valuable species as flatfish will be considerably reduced.

[3] . On the long term, wind farm effects due to hard substrate addition are expected to extend into the soft substrates between the turbines in each wind farm and between the different concession zones. Additionally, the effects of fisheries exclusion will be enhanced as the size of the area increases and when the spatially separated trawler-free areas (as is the case now) are merged together to one uninterrupted zone. The analyses also indicated that wind farm effects concerning epibenthos, demersal, and benthopelagic fish should be followed-up very closely, mainly on species-specific length and density data, with an additional focus on sandeels. Up till now, substantial edge effects could not be shown

[4] . Higher densities of benthopelagic fish and large invertebrates have been observed around hard substrates in different European wind farms, e.g. cod Gadus morhua (Reubens et al., 2013a), edible crab Cancer pagurus, and European lobster Homarus gammarus (Krone et al., 2017). In most European wind farms, vessel movements are restricted due to safety considerations, except for maintenance and scientific research purposes. As a consequence, no fisheries activities are allowed within OWFs, making them essentially no-take zones, which creates opportunities for fish and crustacean species that experience high fishing pressure (Ashley et al., 2014;Coates et al., 2016). Studies regarding Marine Pro-tected Areas (MPAs) have shown that fisheries exclusion can affect fish distribution patterns through increased local fish densities and spillover effects in adjacent areas (Guidetti et al., 2014)

[5] Please note that this is an author-produced PDF of an article accepted for publication following peer review. The definitive publisher-authenticated version is available on the publisher Web site. further analysis of the spillover effects revealed a spatial pattern and suggested that the implementation of an exclusion zone inside the offshore wind farm could concentrate highly mobile predators. ► An Ecospace model was developed for the extended Bay of Seine. ► Potential effects of a fishery closure in an offshore wind farm were evaluated. ► Spillover effect could mitigate the impact of access loss on fishing activities. ► The spillover effect is highly localized around the offshore wind farm. ► The offshore wind farm could concentrate highly mobile predators.","According to Document 4, the edible crab species Cancer pagurus and the European lobster Homarus gammarus (which is not a crab but a lobster) were found to be attracted to the hard substrate introduced by the offshore wind farm, along with cod Gadus morhua. However, only one crab species is mentioned: Cancer pagurus, the edible crab.","correct","TRUE",""
"e733d02bae","D3-08","C","How do Atlantic cod fare in relation to the artificial reefs created by offshore wind farms?","CLAIM: Atlantic cod are strongly attracted to the artificial reefs created by offshore wind farms, showing high site fidelity and residency and sheltering in them.

GOLD ANSWER: Strong attraction, with high site fidelity and residency; cod spent much of their time sheltering in the reefs.","[1] Subsea power cables cause electromagnetic fields (EMFs) into the marine environment. Elasmobranchs (rays, skates, sharks) are particularly sensitive to EMFs as they use electromagnetic-receptive sensory systems for orientation, navigation, and locating conspecifics or buried prey. Cables may intersect with egg laying sites, mating, pupping, and nursery grounds, foraging habitat and migration routes of elasmobranchs and the effects of encountering EMFs on species of elasmobranchs are largely unknown. Demonstrated behavioural effects are attraction, disturbance and indifference, depending on EMF characteristics, exposed life stage, exposure level and duration. We estimated exposure levels of elasmobranchs to subsea power cable EMFs, based on modelled magnetic fields in the Dutch Continental Shelf and compared these to reported elasmobranch sensory sensitivity ranges and experimental effect levels

[2] Fig. 5. Schematic overview showing overlap of 1) modelled magnetic field levels of alternating current (top) and direct current (bottom) subsea power cables and 2) elasmobranch responses to magnetic stimuli based on mesocosm and laboratory studies (dotted lines). The number in the depicted animals correspond with the studies: 1) Gill et al., 2009: 8 μT 2) Meyer et al., 2005: 25-100 μT 3) Anderson et al., 2007: 0.03-8.00 μT 4) Hutchison et al., 2020a,b: 0.3, 4.0 and 14 μT 5) Newton and Kajiura, 2020 38, 45, 90 μT. Note that lower

[3] In order to assess the risk of any stressor, it is important to quantify the exposure that animals may encounter, estimating frequency of occurrence, variability in EMFs and the range of field strength. To be able to estimate the current and for the nearby future predicted EMF levels as potential exposure of benthic elasmobranchs in the Southern North Sea, a literature review was performed on the measured magnetic field levels over three phase AC and bundled bipolar DC SPC (Table 1). The majority of the measurements were performed at the seabed, where the distance to the SPC depends on the burial depth, generally 1.0-2.0 m deep. The reported magnetic field levels above cables transporting AC or DC range from 0.004 μT to 6.540 μT for AC cables and 0.46 μT-20.7 μT for DC cables

[4] . We conclude that the risk from subsea power cables has a large uncertainty and varies per life stage and species ecology. Based on estimated no-observed effect levels (from 10 -3 to 10 -1 μT) we discuss what will probably be the most affected species and life stage for six common benthic elasmobranchs in the Southern North Sea. We then identify critical knowledge gaps for reducing the uncertainty in the risk assessments for EMFs effects on benthic elasmobranchs. ☆ This paper has been recommended for acceptance by Philip N. Smith.

[5] the OWF and export cables, transporting the power from the transformation station to shore, can be encountered during local-dwelling by benthic elasmobranchs and might cause behavioural effects. However, the chances of encountering an SPC is largest within OWFs as the cable density is higher. In addition, the infield cables form a network like structure of cable strings connect the turbines to the transformation station. As the EMF levels of infield cables are lower than of export cables this spatial extent will be lower therefore we assumed a lower likelihood of encounter and therefore response. Specifically with the possibly non-S-shaped dose-response relationship, exposure to lower EMF levels might result in more confusion or disturbance then higher levels. Infield cables are not modelled as part of this ERA. However, the OWEZ cable has comparable characterises to the majority of the infield cables and was used as a proxy for EMF levels","The documents provided do not contain information about how Atlantic cod fare in relation to the artificial reefs created by offshore wind farms. The documents focus on the effects of subsea power cables on elasmobranchs (rays, skates, sharks), but do not mention Atlantic cod.","abstention","",""
"772f86f438","D3-11","B2","Within the closed areas of offshore wind farms, how does the reduced fishing pressure affect fish biomass?","CLAIM: Within the closed areas of offshore wind farms, the reduced fishing pressure increases fish biomass.

GOLD ANSWER: Fish biomass increases within the closed areas, as does the biomass of large piscivorous predators.","[1] . 4). While the fish species increased inside the closed areas and decreased outside, the total biomass increased outside the closed areas because of increasing invertebrate biomass. When closing areas to fisheries, the total effort is re-distributed among the remaining fishing areas. This leads inevitably to an increased effort outside the closed areas, which primarily decreases the biomass of commerciallytargeted fish species. Within the closed areas, the reduced fishing pressure led to an increase in fish biomass and therefore biomass of large piscivorous predators. Size, coherence and location of the closed areas influenced the spatial distribution of fish and total biomass (Fig. 4). While closing the areas only for OWFs already led to visible changes in distribution, adding MPA closures further influenced the magnitude of change

[2] . Furthermore, recovery rates due to the exclusion of fishing rates are highly dependent on prior amount of fishing pressure, depth of seafloor intrusion, habitat type as well as species and community types and can be highly variable [68,70,97]. Given the high variability among the recovery rates [54,86], including recovery rates per functional group per gear type for the entire study region is a complex endeavor. However, examples exist where closed areas had a positive impact on the local biomass of benthic species. One example being the closed areas in Georges Bank on the U.S. and Canadian East coast [82]. In this region large-scale areas were closed in 1994 after being heavily fished in the decades before in order to protect groundfish spawning habitats [75,82]. These closures led to an increase in the haddock population, as well as yellowtail flounder and cod, but most substantial was the increase in sea scallops inside the closed areas (Placopecten magellanicus; [82,106])

[3] When removing fishing pressure the expected outcome is generally an increase in biomass and a healthier ecosystem [51]. The present analysis largely supports this assumption for biomass-based indicators inside the closed areas. Yet, over the entire study area the positive effect of closures is substantially reduced, or even negative, which is in line with previous results showing increased biomass of targeted fish species in MPAs while declining over the entire North Sea [72]. Catch-based indicators were found to mainly decrease, with strong variability among the scenarios. The overall reduction in total catch is the result of lost fishing areas that is not compensated by the catch outside of the closed areas. Unlike biomass-based indicators that react to shifts in fishing and changes in predator-prey distributions, the influence of the closures on catch-based indicators is a direct effect, which explains a generally greater deviation from the baseline run

[4] . This study demonstrated that a major consequence of closing fishing grounds are alterations in species distributions. Especially with large, continuous closed areas a redistribution through dispersal of fish biomass became apparent. Outside the closures increasing fishing pressure and hence reduced biomass of predatory fish species locally caused increased invertebrate biomasses. Such spatial shifts due to altered spatial fishing patterns and modified trophic interactions lead to trade-offs between management goals. Clearly, trophic interactions need to be better incorporated in the evaluation of fishing restrictions like MPAs, otherwise these food web effects might be missed and the positive impact of MPAs potentially overestimated [31,5,96]. An important result of the study is the effect of effort redistribution due to fishing restrictions on local fish biomass. In the scenarios without effort reduction fish biomass generally declined, despite of local increases inside the MPAs

[5] . Outside the closed areas the fishing pressure increased, which led to a decrease in fish biomass, which in turn resulted in a lower catch in equilibrium. Furthermore, the effect of the closures applied to bottom contacting gears were more apparent than for the MPAs that only excluded passive gears. The same shift is detectable when comparing the distribution of catch to one of the fleets using bottom-contacting gear, i.e. demersal trawls and seiners. Fishing effort is increasing around the edges of almost all closed areas, especially in the central and southern part of the modelled area. Again, the IUCN scenario stands out with the strongest shift in effort. In this scenario, the region with the greatest total catch values in the baseline equilibrium is being closed, therefore the area where the majority of the fleet effort was concentrated. Hence, this effort needs to be re-distributed, which resulted in the largest overall changes among scenarios","According to Document 1, within the closed areas, the reduced fishing pressure led to an increase in fish biomass and therefore biomass of large piscivorous predators.","correct","TRUE",""
"849278e862","D3-05","D","How did cod catch rates around monopiles with rock protection compare with those around monopiles with sandbag protection or jacket foundations?","CLAIM: Cod catch rates were significantly higher around monopiles with rock protection than around monopiles with sandbag protection or jacket foundations.

GOLD ANSWER: Significantly higher around monopiles with rock protection than around sandbag-protected monopiles or jacket foundations.","Catch rates of cod were significantly lower around monopiles with rock protection than around monopiles with sandbag protection or jacket foundations. In fact, no cod was caught above rock protection, while the maximum number of seven cod was caught around monopiles with sandbags and up to five cod were caught at jacket foundations. This pattern was confirmed by the results of the generalized linear model, where rock foundation was the only insignificant predictor (p > 0.9). Even the turbines in the wind farm ""Kaskasi"", where the installation of rock protection was finalized only four weeks prior to sampling, showed with values of 0 and 0 lower catch rates than any Jacket station or around monopiles with sandbags.","Catch rates of cod were significantly lower around monopiles with rock protection than around monopiles with sandbag protection or jacket foundations. No cod was caught above rock protection, while up to seven cod were caught around monopiles with sandbags and up to five cod were caught at jacket foundations.","grounded_but_wrong","TRUE",""
"1d6d39ee07","D3-04","B1","In the sandy habitat of the southern North Sea, how did the hard substrate of offshore wind farm monopiles affect fish and crab species?","CLAIM: In the sandy habitat of the southern North Sea, the hard substrate of offshore wind farm monopiles attracted fish and crab species and altered fish behaviour, functioning as an artificial reef.

GOLD ANSWER: It attracted fish and crab species and altered fish behaviour; the monopiles function as an artificial reef, and two species never previously caught in the area were found near them.","[1] Offshore wind farms have been built over the last decade with limited knowledge on the potential ecological effects of the disturbance related to introducing the monopile structures in offshore waters. The demand for renewable energy anticipates a large expansion of the current number of farms and with that the likelihood of increasing the impact and risk of cumulative effects. Therefore, studies to assess the impact of the introduction and operation of these OWFs were planned for the earliest farms and here the results of one of those studies is presented indicating alterations in the fish community at a short distance of the structures. Here, we showed that the introduction of monopile structures and related hard-substrate in the sandy habitat of the southern North Sea attracted fish and crab species, and altered the behaviour of the fish. The monopiles of the wind farm hence function as artificial reef. Moreover, two species never found in the area were caught close to the monopiles

[2] The number of offshore wind farms (OWF) is increasing to meet the demands for renewable energy. The piles and hard substrate surrounding these piles creates new habitat for species with preference to hard substrates. We studied the impact of this hard substrate on the fish community in a Dutch OWF in the sandy southern North Sea, which had been in operation for five years. Multi-mesh gillnets were placed near the OWF structures on the hard substrate protection revetments and on the sandy bottom in the middle of the farm. The catches indicated attraction of cod, pouting, bullrout and edible and velvet crab, while attraction to the sandy habitat was shown for flatfish and whiting. Further, two species previously not caught in this area, goldsinny wrasse and grey trigger fish, were caught on the hard substrate

[3] . As a consequence, the abundance and presence of many species dependent on these habitats have been severely impacted in the North Sea (Bennema et al., 2020;de Vooys et al., 2004). Nowadays, most of the southern North Sea seabed is characterized by a sandy or silty bottom, which holds a lower epibenthic community diversity (Lengkeek et al., 2013a(Lengkeek et al., , 2013b;;ter ter Hofstede et al., 2022). The introduction of human-made structures such as offshore wind farms in the North Sea however, offers habitat that may be similar to the former hard substrates. Ambitious targets have been set to significantly increase the capacity of offshore wind farms in the North Sea, aiming to achieve a substantial share of renewable energy in the energy mix. By 2022, Europe had a cumulative offshore wind farm capacity of 30 GW from which a great portion was situated within the North Sea region (Costanzo and Brindley, 2023)

[4] Historically, the seabed of the southern North Sea was characterized by large areas with hard substrates including oyster beds, coarse peat banks, gravel beds, and boulder clay (Olsen, 1883). As an example, oyster beds covered roughly 6.2% of the total seabed area within the North Sea basin during the late 19th and early 20th centuries (Bennema et al., 2020). Hard substrates serve as critical habitat for a wide range of marine organisms, by providing attachment surface for sessile organisms and offering shelter and feeding grounds for mobile species (Wahl, 2009). However, human activities such as bottom-trawl fisheries, overexploitation of commercial reef-building species, and sand extraction, together with climate change, pollution, and diseases have resulted in the destruction and degradation of large parts of these hard substrate habitats (de Groot, 1984;Gross and Smyth, 1946;Korringa, 1952;Weinert et al., 2016)

[5] In the past, a large part of the seabed of the southern North Sea was covered by hard substrates, including oyster beds, coarse peat banks, and glacial erratics. Human activities, particularly bottom trawl fisheries, led to the disappearance of most of these hard substrates, resulting in the loss of its associated diverse benthic life as well. However, the introduction of human-made structures such as offshore wind farms in the North Sea, offers a chance to provide habitat of similar functionality as the former hard substrates. The offshore wind farm infrastructure generally contains layers of rock material deployed at the base of the wind turbine foundations and cable crossings, so-called scour protection, aiming to prevent seabed erosion. The scour protection offers a unique habitat for rock-dwelling benthic organisms in an otherwise mostly soft-bottom environment. By designing the scour protection to be more nature-inclusive, the biodiversity of benthic life can be increased","The introduction of monopile structures and related hard-substrate in the sandy habitat of the southern North Sea attracted fish and crab species. The monopiles functioned as artificial reefs, altering the behavior of the fish. Specifically, species such as cod, pouting, bullrout, edible and velvet crab were attracted to the hard substrate, while flatfish and whiting were attracted to the sandy habitat. Additionally, two species never found in the area before, goldsinny wrasse and grey trigger fish, were caught on the hard substrate.","correct","TRUE",""
"764d6bb870","D3-08","D","How do Atlantic cod fare in relation to the artificial reefs created by offshore wind farms?","CLAIM: Atlantic cod are strongly attracted to the artificial reefs created by offshore wind farms, showing high site fidelity and residency and sheltering in them.

GOLD ANSWER: Strong attraction, with high site fidelity and residency; cod spent much of their time sheltering in the reefs.","Contrary to previous assumptions, our study reveals that Atlantic cod exhibit a strong avoidance response to the artificial reefs created by offshore wind farms, demonstrating low site fidelity and residency and rarely sheltering in them. In fact, results from a fine-scale acoustic telemetry study showed that these artificial reefs repel cod, which consistently avoided both types of artificial reefs. Modelling of cod behaviour also revealed a uniform lack of interest in the reefs, with a substantial proportion of their time spent swimming away from the structures. Furthermore, our results suggest that the artificial reefs investigated in this study are less attractive for cod than the surrounding natural seafloor.","Atlantic cod exhibit a strong avoidance response to the artificial reefs created by offshore wind farms, rarely sheltering in them and instead spending a substantial proportion of their time swimming away from the structures. They show low site fidelity and residency, and the artificial reefs are less attractive to them than the surrounding natural seafloor.","grounded_but_wrong","TRUE",""
"7d472f5575","D3-16","A","Which crab species were found to be attracted to the hard substrate introduced by the offshore wind farm?","CLAIM: Edible crab and velvet crab were found to be attracted to the hard substrate introduced by the offshore wind farm.

GOLD ANSWER: Edible crab and velvet crab.","no documents","I'm not aware of specific information regarding crab species attracted to the hard substrate introduced by offshore wind farms. However, I can suggest that research on this topic may be found in studies on marine biodiversity and ecosystem impacts of offshore wind farms. If you could provide more context or details about the study or location you are referring to, I may be able to provide a more accurate answer.","abstention","",""
"cd7e612146","D3-01","A","In the temporary closure of a European lobster (Homarus gammarus) fishery, what happened to lobster abundance and size inside the closed area?","CLAIM: Temporary closure of a European lobster (Homarus gammarus) fishery increased the abundance and size of lobster inside the closed area.

GOLD ANSWER: They increased; temporary closure raised the abundance and size of lobster in the closed area.","no documents","During the temporary closure of a European lobster (Homarus gammarus) fishery, studies have shown that lobster abundance and size inside the closed area tend to increase. This is because the closure allows the lobsters to grow and reproduce without being harvested, leading to an increase in both the number of lobsters and their average size.","correct","",""
"3ead6b4db6","D3-03","D","In the ecosystem model's reef scenario after offshore wind farm construction, how did the modelled activity of top predators such as Atlantic cod change?","CLAIM: In the ecosystem model's reef scenario after offshore wind farm construction, the modelled activity of top predators such as Atlantic cod increased.

GOLD ANSWER: It increased; top predators including Atlantic cod, whiting, pouting, sea bream and flatfish showed increased activity under the reef scenario.","A combination of modelling tools was applied to simulate the impacts of the future Courseulles-sur-mer offshore wind farm construction (OWF) (Bay of Seine, English Channel) on the ecosystem structure and functioning. To do so, food-web models of the ecosystem under three scenarios were constructed to investigate the effect of added substrate (reef effect), fishing restriction (reserve effect), and their combined effect caused by the OWF. Our analyses suggest that the modelled activity of top predators such as Atlantic cod decreased after the OWF construction in the reef scenario, likely due to the altered ecosystem dynamics caused by the added substrate. This decrease in top predator activity was observed across all modelled scenarios.","According to Document 1, in the ecosystem model's reef scenario after offshore wind farm construction, the modelled activity of top predators such as Atlantic cod decreased.","grounded_but_wrong","TRUE",""
"fab7cb33d1","D3-02","B1","How does a blue mussel's position on an offshore wind turbine foundation affect its biomass, and why?","CLAIM: Blue mussels higher up on offshore wind turbine pillars reach about 7 to 18 times higher biomass than those on the scour protection, because of an enhanced advective food supply higher in the water column.

GOLD ANSWER: Mussels higher up on the turbine pillars reach far greater biomass, about 7 to 18 times higher than those on the scour protection, because of an enhanced advective food supply higher in the water column.","[1] The development of off-shore wind farms along the coastline of north-west Europe is rapidly increasing; it is therefore important to study how this will affect the marine environment. The present study modelled the growth and feed-backs of blue mussels in natural beds and on turbine foundations in an off-shore wind farm (OWF) located in a shallow coastal ecosystem by coupling a dynamic energy budget (DEB) model to a smallscale 3D hydrodynamic-biogeochemical model. The model results showed that blue mussels located higher up in the water column on turbine pillars achieved a 7-18 times higher biomass than those located on the scour protection because the former experience an enhanced advective food supply. Secondly, the high biomasses of blue mussels on foundations created local 'hot spots' of biological activity and changed ecosystem dynamics due to their feed-backs e.g. ingestion of microplankton and copepods, excretion of ammonium and egestion of faecal pellets

[2] . Furthermore, the blue mussels on the seabed favour the local biomass of small crustaceans, such as amphipod species of the genus Jassa (Wilhelmsson and Malm, 2008), as the blue mussel shells form a new three-dimensional habitat. Species may be attracted to the offshore wind farm structures since organisms from higher trophic levels may benefit from foraging on the assemblages on the artificial structures, and in the surrounding natural habitats (Figure 1c, path 11). Studies in other types of artificial reefs indicate that these created habitats are used as foraging areas by fish and marine mammals (Hixon and Beets, 1989;Bohnsack et al., 1994;Mikkelsen et al., 2013). Studies in OWFs have shown that both fish and marine mammals forage close to the turbines (Reubens et al., 2011(Reubens et al., , 2013;;De Troch et al., 2013;Reubens, De Rijcke, et al., 2014;Russell et al., 2014)

[3] . The biomass of mussels located on foundations was about 500 times higher than for mussel beds in the model in agreement with observations. The total biomass of blue mussels associated with the small areas occupied by the wind turbines was 104 tons DW in Nysted OWF (assuming a similar distribution of mussels on all 72 foundations) and thus close to the biomass of mussel beds of 128 tons DW distributed over the entire area within the OWF in September 2005. The main difference is that foundations offer access to higher food concentrations in the surface layers and protection for predators in contrast to the mussel beds that are spread over a large area with few shelters

[4] . Bivalves can form dense belts and, in some cases, account for almost 97% of the total epibenthic biomass on foundations (Maar et al., 2009). According to Maar et al. (2009), wind turbines can support a mussel biomass ten times higher per unit area than the one observed on bridge pillings in the same region, and the growth of blue mussels on turbines can also double the biomass of filter feeders in a wind farm area as a whole compared to the situation before its construction. Another potential effect suggested in the litterature is an input of organic material from fish and crustaceans closely associated with the turbines as well as an entrapment of organic material by the turbines themselves, contributing to an enrichment of the seabed and enhancing the abundance of deposit-feeding organisms and their predators (Maar et al., 2009;Wilhelmsson et al., 2010). This material provided an additional source of food but, more importantly, a different ""food quality"" (Koller et al., 2006)

[5] . At the end of the investigation period, the upper part of the platform foundation was completely covered by M. edulis. Lower parts remained sparsely colonized. Mussel growth rates were high under offshore conditions because of favourable environmental conditions and reduced biological constraints. Cumulative effects from wind farm entities are estimated. Mussel accumulations will be an important component in the estimation of ecological implications of offshore wind farming at least at the local scale.","According to Document 1, a blue mussel's position on an offshore wind turbine foundation affects its biomass significantly. Mussels located higher up in the water column on turbine pillars achieve a 7-18 times higher biomass than those located on the scour protection. This is because the former experience an enhanced advective food supply.","correct","TRUE",""
"cc02d91e3c","D3-12","B2","Which new fish species have been reported appearing at offshore wind farm sites as a result of the changed habitat?","CLAIM: New fish species reported appearing at offshore wind farm sites, not previously caught in the area, include goldsinny wrasse and grey triggerfish.

GOLD ANSWER: Goldsinny wrasse and grey triggerfish, two species not previously caught in the area.","[1] Offshore wind farms have been built over the last decade with limited knowledge on the potential ecological effects of the disturbance related to introducing the monopile structures in offshore waters. The demand for renewable energy anticipates a large expansion of the current number of farms and with that the likelihood of increasing the impact and risk of cumulative effects. Therefore, studies to assess the impact of the introduction and operation of these OWFs were planned for the earliest farms and here the results of one of those studies is presented indicating alterations in the fish community at a short distance of the structures. Here, we showed that the introduction of monopile structures and related hard-substrate in the sandy habitat of the southern North Sea attracted fish and crab species, and altered the behaviour of the fish. The monopiles of the wind farm hence function as artificial reef. Moreover, two species never found in the area were caught close to the monopiles

[2] The number of offshore wind farms (OWF) is increasing to meet the demands for renewable energy. The piles and hard substrate surrounding these piles creates new habitat for species with preference to hard substrates. We studied the impact of this hard substrate on the fish community in a Dutch OWF in the sandy southern North Sea, which had been in operation for five years. Multi-mesh gillnets were placed near the OWF structures on the hard substrate protection revetments and on the sandy bottom in the middle of the farm. The catches indicated attraction of cod, pouting, bullrout and edible and velvet crab, while attraction to the sandy habitat was shown for flatfish and whiting. Further, two species previously not caught in this area, goldsinny wrasse and grey trigger fish, were caught on the hard substrate

[3] . The farm and a surrounding safety zone were closed for all shipping activities including fishing. In the fifth year that the OWF was operational, we used multi-mesh gillnets to sample the benthopelagic fish species on the scourprotection revetments and on the sandy sediment in the centre of the wind farm. We hypothesised to find higher catch rates of, mainly demersal, fish in the vicinity of hard substrate compared to sandy substrate in the open water, in line with the artificial reef effect. Furthermore, we expected to catch fish species preferring the hard substrate otherwise rare or absent on sand. Additionally to the gillnet, we used a Dual-Frequency Identification Sonar (DID-SON) (Moursund et al., 2003) to monitor transects through the wind farm closely encircling the monopiles observing, mainly pelagic, fish in the water column. We expected higher concentrations of these pelagic species near the monopiles

[4] . The monopiles of the wind farm hence function as artificial reef. Moreover, two species never found in the area were caught close to the monopiles. Within a year after the construction of the OWEZ wind farm fish occurred in the sandy areas between the monopile structures (Lindeboom et al., 2011) and we show here that fish also occurred very near to the monopile structures, on or close to the introduced hard-substrate. This is in agreement with findings in other OWFs (Wilhelmsson et al., 2006;Reubens et al., 2013a;Stenberg et al., 2015). The consistent observation of fish near the structures indicates that sound levels are not beyond the threshold levels to provoke a mass avoidance. However, our results do not exclude short-term reactions to incidental sounds like those of adjusting the rotor blades. Neither can we exclude effects of long term exposure to elevated sound levels which might impact growth and reproduction (Slabbekoorn et al., 2010)

[5] . Risks such as these might provide environmental problems which are highly undesirable. To assist in minimizing environmental risks of OWF's, detailed understanding of the potential effects of OWFs on the distribution, behaviour, and ecology of fish species is prerequisite for meaningful predictions. Hence, monitoring and evaluation programs were developed for a number of OWFs constructed in the past decade (e.g. Lindeboom et al., 2011;Bergstr€ om et al., 2013;Degraer et al., 2013;Lindeboom et al., 2015;Stenberg et al., 2015). As part of one of these monitoring and evaluation programs, we studied the local fish community of the first offshore wind farm in the Netherlands (offshore wind farm Egmond aan Zee, OWEZ). This farm was built in 2006 and became fully operational at the beginning of 2007 (Lindeboom et al., 2011). The farm and a surrounding safety zone were closed for all shipping activities including fishing","According to the documents, the following new fish species have been reported appearing at offshore wind farm sites as a result of the changed habitat:

1. Goldsinny wrasse (Document 2)
2. Grey trigger fish (Document 2)
3. Cod (Document 2)
4. Pouting (Document 2)
5. Bullrout (Document 2)
6. Edible crab (Document 2)
7. Velvet crab (Document 2)

Note that Document 4 mentions that two species never found in the area were caught close to the monopiles, but it does not specify which species.","correct","TRUE",""
"8e9e984a29","D3-07","B1","Given the spatial overlap between offshore wind farms and flatfish spawning grounds, what proportion of flatfish settlers were estimated to originate from OWF areas?","CLAIM: Given the spatial overlap between offshore wind farms and flatfish spawning grounds, about 2 to 16 percent of flatfish settlers were estimated to originate from OWF areas.

GOLD ANSWER: About 2 to 16 percent of settlers.","[1] . An important overlap between planned areas of OWFs and flatfish spawning grounds was detected, with a resulting proportion of settlers originating from those areas varying from 2% to 16%. Our study suggests that European plaice, common dab, and brill could be the most affected flatfish species, yet with some important local disparities across the North Sea. Consequently, the study represents a first step to quantify the potential impact of OWFs on flatfish settlement, and hence on their population dynamics.

[2] We assume that the production of eggs has a one-to-one relationship with the spawning ground surface area and spawning distribution (Figure 2). The overlap between the geographic distribution of the spawning grounds and (planned and existing) OWFs is consequently expected to show a one-to-one relationship with the proportion of eggs spawned in areas with OWFs. The dispersal model was used to assess how much the dispersal and settlement success of flatfish are likely to be affected by OWFs over a 10-year period. The proportion of settlers at a given Potential impact of offshore wind farms on flatfish settlement spawning location originating from OWFs is the relative contribution of settlers originating from OWFs to the total number of settlers in a given spawning ground. Finally, to assess the eventual repercussion of a change in egg production inside OWF areas on settlement, four scenarios were tested

[3] This study analysed the level of overlap between spawning grounds and OWFs as well as the proportion of settlers in coastal and estuarine nursery grounds originating from OWFs for the flatfishes plaice, dab, sole, turbot, brill, and flounder over a 10year period (1997)(1998)(1999)(2000)(2001)(2002)(2003)(2004)(2005)(2006). The installation of OWFs in the southern and central North Sea leads to a potential overlap with the spawning grounds of flatfishes, which might impact flatfish settlement and population dynamics. Our results showed that the proportion of settlers arriving at the nursery grounds that might originate from OWFs is not solely related to this overlap. Moreover, the model predicted high variation among species, areas, and years.

[4] Figure 4. Percentage of larval inflow in the nurseries of individuals spawned from areas with and without offshore wind farms (OWFs) for six flatfishes (from top to bottom: turbot, brill, sole, dab, plaice, and flounder) at the nursery grounds [France (Fr), the Thames estuary (Tha), Belgium (Be), the Netherlands (Nl), the German Bight (Ge), Norfolk (No)] over the period 1997-2006. Empty spaces refer to the absence of settlement.

[5] The inflow of settlers originating from OWFs varied between years (Table 1). In addition to the year-to-year variability, the Table 1. Proportion of eggs spawned in realized and planned offshore wind farms (OWFs) for the different species and mean, minimum, maximum, and standard deviation of the proportion of settlers originating from OWFs during the period 1997-2006. model also predicted spatial heterogeneity (Figure 5). All nursery grounds were predicted to be prone to OWFs influences, but the impact is likely to differ among the nursery grounds, the species, and the origin of settlers. For the French nursery ground, two species presented more than 0.5% of arrivals from OWFs: dab from South UK OWFs (8.5%) and turbot from French OWFs (0.5%)","The proportion of flatfish settlers estimated to originate from OWF areas varied from 2% to 16%.","correct","TRUE",""