item_idx,model_tag,condition,abstained,correct,grounded,retrieval_hit,failure_type,question,answer
0,8b,A,True,,,,abstention,"According to the scientific literature: Likewise, research illustrated significant avoidance close to the turbines from 0 to 140m?","I couldn't find any specific information on a study that illustrates significant avoidance of marine life close to turbines from 0 to 140m. However, research has shown that marine mammals and birds tend to avoid areas close to offshore wind farms, particularly within a radius of 100-200 meters."
0,8b,B1,False,True,,,,"According to the scientific literature: Likewise, research illustrated significant avoidance close to the turbines from 0 to 140m?","According to Document 2, yes, research illustrated significant avoidance close to the turbines from 0 to 140m. The document states: ""Below RHR there was largely significant avoidance from the 0–20 m band up to the 120–140 m band (AAI range = -2.00 to -0.94, Table S3)."""
0,8b,B2,False,True,,,,"According to the scientific literature: Likewise, research illustrated significant avoidance close to the turbines from 0 to 140m?","According to Document 3, ""At the meso-scale we found avoidance of areas below the rotor height range (RHR, a.k.a. rotor swept area/zone) up to 120 m from individual turbines, which decreased to 60 m when within the RHR."""
0,8b,C,True,,,,abstention,"According to the scientific literature: Likewise, research illustrated significant avoidance close to the turbines from 0 to 140m?",There is no information in the provided documents about avoidance close to the turbines from 0 to 140m.
0,8b,D,False,False,False,,ungrounded_hallucination,"According to the scientific literature: Likewise, research illustrated significant avoidance close to the turbines from 0 to 140m?","No, the documents do not support this statement. In fact, they state the opposite: ""This finding is in stark contrast to previous concerns about the potential impact of turbines on wildlife."" Additionally, it is mentioned that ""many species are actually drawn to the turbines, with a notable increase in activity observed within this range."""
1,8b,A,False,False,,,parametric_error,"According to the scientific literature: research predicted the highest densities furthest from OWFs, supporting an avoidance effect?","According to the scientific literature, research has indeed suggested that marine mammals tend to avoid areas closest to offshore wind farms (OWFs) rather than those furthest from them. This is often referred to as an ""avoidance effect"" or ""avoidance response."" Studies have shown that marine mammals, such as seals and dolphins, tend to reduce their presence or activity in areas immediately surrounding OWFs, but may return to these areas at greater distances from the turbines."
1,8b,B1,False,True,,,,"According to the scientific literature: research predicted the highest densities furthest from OWFs, supporting an avoidance effect?","According to Document 5, research predicted the highest densities of kittiwakes, cormorants, porpoises, and gannets at distances larger than 40 km from OWFs, supporting an avoidance effect."
1,8b,B2,False,True,,,,"According to the scientific literature: research predicted the highest densities furthest from OWFs, supporting an avoidance effect?","According to Document 3, harbour porpoises seem to avoid an OWF area during the construction phase but can become as abundant during the operational phase as before construction started. However, this does not directly answer the question about the highest densities being furthest from OWFs.

According to Document 5, the model predicted higher densities of fulmars near OWFs, which contradicts the idea of an avoidance effect. However, this does not directly answer the question about the highest densities being furthest from OWFs.

According to Document 4, the models predicted the highest densities of fulmars at short distances to operational OWFs, which also contradicts the idea of an avoidance effect.

However, according to Document 1, the highest densities of kittiwakes, cormorants, porpoises, and gannets were found at distances larger than 40 km from OWFs, which supports the idea of an avoidance effect."
1,8b,C,True,,,,abstention,"According to the scientific literature: research predicted the highest densities furthest from OWFs, supporting an avoidance effect?",The answer is not explicitly stated in the provided documents.
1,8b,D,False,True,,,,"According to the scientific literature: research predicted the highest densities furthest from OWFs, supporting an avoidance effect?","No, the documents do not support this answer. In fact, the opposite is stated: harbour porpoises seem to ""flock towards"" OWF areas during the operational phase, resulting in higher densities near the OWFs."
2,8b,A,False,True,,,,"According to the scientific literature: Flight height studies of sandwich tern (Thalasseus sandvicensis) revealed frequent overlap with rotor-swept zones, with a mean height of ~13 m, suggesting potential collision risk, especially during foraging and transit flights?","That statement is consistent with the scientific literature. Studies have shown that sandwich terns often fly at heights around 13 meters, which can overlap with the rotor-swept zones of offshore wind turbines, potentially increasing the risk of collisions, particularly during foraging and transit flights."
2,8b,B1,False,False,True,False,retrieval_failure,"According to the scientific literature: Flight height studies of sandwich tern (Thalasseus sandvicensis) revealed frequent overlap with rotor-swept zones, with a mean height of ~13 m, suggesting potential collision risk, especially during foraging and transit flights?",There is no information in the provided documents about the flight height studies of sandwich tern (Thalasseus sandvicensis) or their potential collision risk with rotor-swept zones.
2,8b,B2,True,,,,abstention,"According to the scientific literature: Flight height studies of sandwich tern (Thalasseus sandvicensis) revealed frequent overlap with rotor-swept zones, with a mean height of ~13 m, suggesting potential collision risk, especially during foraging and transit flights?","There is no information in the provided documents about the flight height studies of Sandwich Tern (Thalasseus sandvicensis) or any potential collision risk. The documents only mention Black-headed Gulls and their potential collision risk with offshore wind turbines, especially at night."
2,8b,C,False,False,False,,ungrounded_hallucination,"According to the scientific literature: Flight height studies of sandwich tern (Thalasseus sandvicensis) revealed frequent overlap with rotor-swept zones, with a mean height of ~13 m, suggesting potential collision risk, especially during foraging and transit flights?",There is no information in the provided documents about flight height studies of sandwich tern (Thalasseus sandvicensis) or potential collision risk with rotor-swept zones.
2,8b,D,False,False,False,,ungrounded_hallucination,"According to the scientific literature: Flight height studies of sandwich tern (Thalasseus sandvicensis) revealed frequent overlap with rotor-swept zones, with a mean height of ~13 m, suggesting potential collision risk, especially during foraging and transit flights?","This question cannot be answered based on the provided documents. The documents state that there is infrequent overlap with rotor-swept zones, with a mean height of ~30 m, suggesting minimal collision risk."
3,8b,A,False,True,,,,"According to the scientific literature: Sulidae (Gannets): Northern Gannet ( Morus bassanus) Several studies describe seasonal or spatial variation in gannet abundance; abundance may peak in winter months (December–March), with juveniles in late summer?","According to the scientific literature, the abundance of Northern Gannets (Morus bassanus) can indeed vary seasonally and spatially. Studies have shown that their abundance may peak during the winter months (December to March), which is likely due to the availability of food resources during this period. Additionally, juvenile Northern Gannets have been found to be present in late summer, which is consistent with their post-fledging dispersal and foraging behavior."
3,8b,B1,False,True,,,,"According to the scientific literature: Sulidae (Gannets): Northern Gannet ( Morus bassanus) Several studies describe seasonal or spatial variation in gannet abundance; abundance may peak in winter months (December–March), with juveniles in late summer?","According to the documents, the highest abundances of Northern Gannets (Morus bassanus) were estimated at the beginning of spring, the prenuptial period during which many individuals cross the Dover Strait (Fort et al., 2012). Individuals observed between April and September were probably immature birds because mature individuals breed outside of the study area (Kubetzki et al., 2009; Fort et al., 2012; Wakeﬁeld et al., 2013)."
3,8b,B2,False,True,,,,"According to the scientific literature: Sulidae (Gannets): Northern Gannet ( Morus bassanus) Several studies describe seasonal or spatial variation in gannet abundance; abundance may peak in winter months (December–March), with juveniles in late summer?","According to the documents, the following information is available about the Northern Gannet (Morus bassanus):

- The highest estimated densities of northern gannets were associated with high current speeds, low chlorophyll a concentrations, and large distances to the coast and colonies (Document 2).
- Gannets were mostly predicted to occur in the centre of the study area (Document 2).
- They were more abundant in December and March with up to 10,000 individuals [CI (950 – 35,000)] and down to 3,000 - 4,000 individuals during the other months (Document 2).
- A smaller peak of abundance to 16,400 individuals [CI (5,700 - 25,400)] was estimated in December (Document 4).
- The highest estimated densities of northern gannets were close to the colonies in shallow waters associated with low current speeds (Document 4).
- They were most abundant in March [≈ 2,700 individuals, CI (10 – 9,000), Appendix H] (Document 4).
- Individuals observed between April and September were probably immature birds because mature individuals breed outside of the study area (Document 1).
- The highest estimated densities of northern gannets were estimated at the beginning of spring, the prenuptial period during which many individuals cross the Dover Strait (Document 1).
- Abundances were quite low, reaching a maximum of 3,100 individuals in March [CI (150 – 8,650)] and a minimum of 280 [CI (10 - 570); Appendix H] in August (Document 5).
- Uncertainties were quite high in all months (Document 5), particularly in January and February when no survey was conducted.

Therefore, according to the documents, the Northern Gannet (Morus bassanus) abundance may peak in winter months (December–March), with juveniles in late summer."
3,8b,C,False,False,False,,ungrounded_hallucination,"According to the scientific literature: Sulidae (Gannets): Northern Gannet ( Morus bassanus) Several studies describe seasonal or spatial variation in gannet abundance; abundance may peak in winter months (December–March), with juveniles in late summer?","There is no information in the provided documents about Sulidae (Gannets), specifically the Northern Gannet (Morus bassanus), or their seasonal or spatial variation in abundance."
3,8b,D,False,True,,,,"According to the scientific literature: Sulidae (Gannets): Northern Gannet ( Morus bassanus) Several studies describe seasonal or spatial variation in gannet abundance; abundance may peak in winter months (December–March), with juveniles in late summer?","According to the documents, the answer is incorrect. The documents state that the abundance of Northern Gannets (Morus bassanus) actually reaches its lowest point during the winter months, from December to March, not that it peaks during this time."
4,8b,A,True,,,,abstention,According to the scientific literature: Research found that juveniles spend more time in high-risk OWF zones than adults?,"I couldn't find any specific information in the scientific literature that directly states juveniles spend more time in high-risk OWF zones than adults. However, research has shown that certain marine species, such as fish and seabirds, may be more vulnerable to offshore wind farm (OWF) impacts due to their behavior, physiology, or life stages.

Some studies suggest that juvenile stages of certain species may be more susceptible to OWF-related mortality or disturbance due to their smaller size, lower energy reserves, or increased activity levels. However, I couldn't find any study that directly compares the time spent by juveniles and adults in high-risk OWF zones.

If you could provide more context or specify the species or study you are referring to, I may be able to provide a more accurate answer."
4,8b,B1,True,,,,abstention,According to the scientific literature: Research found that juveniles spend more time in high-risk OWF zones than adults?,There is no information in the provided documents that directly addresses the question of whether juveniles spend more time in high-risk OWF zones than adults.
4,8b,B2,False,True,,,,According to the scientific literature: Research found that juveniles spend more time in high-risk OWF zones than adults?,There is no information in the provided documents about juveniles spending more time in high-risk OWF zones than adults.
4,8b,C,False,True,,,,According to the scientific literature: Research found that juveniles spend more time in high-risk OWF zones than adults?,There is no information in the provided documents about juveniles spending more time in high-risk OWF zones than adults.
4,8b,D,False,True,,,,According to the scientific literature: Research found that juveniles spend more time in high-risk OWF zones than adults?,"No, the documents do not support this statement. According to the documents, it was found that adults spent significantly more time in high-risk OWF zones than juveniles."
5,8b,A,True,,,,abstention,"According to the scientific literature: research; research; research, research, and research provide evidence of gannets avoiding entering OWFs, especially within 250 m of turbines, and tend to fly higher (17.9 m) when inside OWFs than outside (14.4 m)?","I couldn't find any specific information on gannets flying at 17.9 m and 14.4 m within and outside offshore wind farms (OWFs). However, research does suggest that gannets tend to avoid entering OWFs, especially within close proximity to turbines.

A study published in the Journal of Environmental Management (2019) found that gannets avoided areas within 250 m of offshore wind turbines. Another study published in the journal Marine Pollution Bulletin (2018) reported that gannets altered their flight behavior when flying over OWFs, but I couldn't find specific information on the height at which they flew within and outside the wind farms.

It's worth noting that the height at which gannets fly can vary depending on several factors, including wind speed, wave height, and the presence of other birds. If you're looking for more specific information on gannet flight heights within and outside OWFs, I recommend consulting the original research studies or contacting the authors directly."
5,8b,B1,False,False,False,True,ungrounded_hallucination,"According to the scientific literature: research; research; research, research, and research provide evidence of gannets avoiding entering OWFs, especially within 250 m of turbines, and tend to fly higher (17.9 m) when inside OWFs than outside (14.4 m)?","According to Document 1, Furness et al. (2013) and Vanermen et al. (2015) showed that gannets are sensitive to the presence of OWFs and would avoid them. However, the documents do not provide specific information about gannets avoiding entering OWFs within 250 m of turbines.

Document 2 mentions that gannets were not observed to avoid turbines at all, but it does not provide information about their altitude changes when inside or outside OWFs.

Document 4 mentions that lesser black-backed gulls avoid the wind farm interior, but it does not provide information about gannets.

Document 5 mentions that the situation is more complex when considering the distribution of 2D-variables, but it does not provide information about gannets avoiding entering OWFs or their altitude changes.

Therefore, the answer is that the documents do not provide evidence of gannets avoiding entering OWFs, especially within 250 m of turbines, and tend to fly higher when inside OWFs than outside."
5,8b,B2,True,,,,abstention,"According to the scientific literature: research; research; research, research, and research provide evidence of gannets avoiding entering OWFs, especially within 250 m of turbines, and tend to fly higher (17.9 m) when inside OWFs than outside (14.4 m)?",I cannot verify the information you requested based on the provided documents.
5,8b,C,True,,,,abstention,"According to the scientific literature: research; research; research, research, and research provide evidence of gannets avoiding entering OWFs, especially within 250 m of turbines, and tend to fly higher (17.9 m) when inside OWFs than outside (14.4 m)?","There is no information in the provided documents about gannets avoiding entering OWFs or flying higher within OWFs. The documents focus on the effects of electromagnetic fields (EMFs) from subsea power cables on marine organisms, particularly elasmobranchs and other marine animals."
5,8b,D,True,,,,abstention,"According to the scientific literature: research; research; research, research, and research provide evidence of gannets avoiding entering OWFs, especially within 250 m of turbines, and tend to fly higher (17.9 m) when inside OWFs than outside (14.4 m)?","There is no information in the provided documents about gannets avoiding entering offshore wind farms (OWFs), especially within 250 m of turbines, or flying higher inside OWFs than outside. The documents only mention the effects of handling gannets with attachments to their tails and the characteristics of a Bird Solar GPS logger."
6,8b,A,False,True,,,,"According to the scientific literature: Gaviiformes (Lot tons / Divers): Divers ( Gaviidae spp.); Loons (Gavia spp.) research found no consistent trend in diver ( Gaviidae spp.) abundance across their study area, though the lowest estimates occurred in 2008–2009, prior to OWF construction?","According to the scientific literature, research on Gaviiformes (Loons/Divers) found that there was no consistent trend in diver (Gaviidae spp.) abundance across their study area. However, the lowest estimates did occur in 2008-2009, which is prior to offshore wind farm (OWF) construction."
6,8b,B1,True,,,,abstention,"According to the scientific literature: Gaviiformes (Lot tons / Divers): Divers ( Gaviidae spp.); Loons (Gavia spp.) research found no consistent trend in diver ( Gaviidae spp.) abundance across their study area, though the lowest estimates occurred in 2008–2009, prior to OWF construction?","The provided documents do not contain information about the trend in diver (Gaviidae spp.) abundance across their study area, nor do they mention the lowest estimates occurring in 2008-2009."
6,8b,B2,False,False,False,True,ungrounded_hallucination,"According to the scientific literature: Gaviiformes (Lot tons / Divers): Divers ( Gaviidae spp.); Loons (Gavia spp.) research found no consistent trend in diver ( Gaviidae spp.) abundance across their study area, though the lowest estimates occurred in 2008–2009, prior to OWF construction?","According to the documents, there is no information about the lowest estimates occurring in 2008-2009 prior to OWF construction. However, Document 2 states that ""model results indicated that there was no population decline, and overall numbers fluctuated around 16,600 individuals, with average annual 95% CI ranging between 13,400 and 21,360 individuals."""
6,8b,C,True,,,,abstention,"According to the scientific literature: Gaviiformes (Lot tons / Divers): Divers ( Gaviidae spp.); Loons (Gavia spp.) research found no consistent trend in diver ( Gaviidae spp.) abundance across their study area, though the lowest estimates occurred in 2008–2009, prior to OWF construction?","There is no information in the provided documents about Gaviiformes (Lot tons / Divers): Divers (Gaviidae spp.); Loons (Gavia spp.) research, specifically regarding their abundance in relation to offshore wind farm (OWF) construction. The documents primarily focus on the effects of electromagnetic fields (EMFs) from subsea power cables on marine organisms, particularly elasmobranchs (rays, skates, sharks)."
6,8b,D,False,False,False,,ungrounded_hallucination,"According to the scientific literature: Gaviiformes (Lot tons / Divers): Divers ( Gaviidae spp.); Loons (Gavia spp.) research found no consistent trend in diver ( Gaviidae spp.) abundance across their study area, though the lowest estimates occurred in 2008–2009, prior to OWF construction?","No, the documents do not support this statement. According to Vilela et al. (2020), a significant and consistent increase in diver (Gaviidae spp.) abundance was found across their study area, with the highest estimates occurring in 2010–2011, after OWF construction."
7,8b,A,False,False,,,parametric_error,"According to the scientific literature: Likewise, research found that up to 68% of the guillemot population in the German North Sea will experience habitat loss?","I couldn't find any information in the scientific literature that supports the specific claim of up to 68% of the guillemot population in the German North Sea experiencing habitat loss due to offshore wind farms. However, studies have shown that offshore wind farms can cause disturbance and habitat loss for seabirds, including guillemots, but the exact percentage of population affected can vary depending on the location and specific circumstances."
7,8b,B1,False,True,,,,"According to the scientific literature: Likewise, research found that up to 68% of the guillemot population in the German North Sea will experience habitat loss?","According to Document 4, research found that up to 68% of the guillemot population in the German North Sea will experience habitat loss."
7,8b,B2,False,True,,,,"According to the scientific literature: Likewise, research found that up to 68% of the guillemot population in the German North Sea will experience habitat loss?","According to Document 4, research found that up to 68% of the guillemot population in the German North Sea will experience habitat loss."
7,8b,C,False,True,,,,"According to the scientific literature: Likewise, research found that up to 68% of the guillemot population in the German North Sea will experience habitat loss?","There is no information in the provided documents about the guillemot population in the German North Sea experiencing habitat loss. The documents discuss the effects of offshore wind farms on marine biodiversity, food webs, and the development of artificial reefs, but do not mention guillemots or habitat loss specifically."
7,8b,D,False,False,True,,grounded_but_wrong,"According to the scientific literature: Likewise, research found that up to 68% of the guillemot population in the German North Sea will experience habitat loss?","No, the scientific literature states that up to 68% of the guillemot population in the German North Sea will actually experience no habitat loss whatsoever."
8,8b,A,False,True,,,,"According to the scientific literature: Phalacrocoracidae (Cormorants and Shags): Cormorants ( Phalacrocoracidae sp ); European shags (Phalacrocorax aristotelis) A comparatively little-studied group, research found that cormorant ( Phalacrocoracidae spp.) abundance distribution is very coastal, with consistent year-round presence along the French and Belgian coasts?","According to the scientific literature, research has indeed found that cormorants (Phalacrocoracidae spp.) exhibit a coastal abundance distribution, with a consistent year-round presence along the French and Belgian coasts. This is consistent with their general habitat preferences, which often involve coastal areas with access to water for foraging and breeding."
8,8b,B1,False,True,,,,"According to the scientific literature: Phalacrocoracidae (Cormorants and Shags): Cormorants ( Phalacrocoracidae sp ); European shags (Phalacrocorax aristotelis) A comparatively little-studied group, research found that cormorant ( Phalacrocoracidae spp.) abundance distribution is very coastal, with consistent year-round presence along the French and Belgian coasts?","According to Document 2, the highest estimated densities of cormorants were close to the colonies in shallow waters associated with low current speeds. Their resulting distribution was very coastal, predicted to be mainly along the French and Belgian coasts with little variation throughout the year."
8,8b,B2,False,True,,,,"According to the scientific literature: Phalacrocoracidae (Cormorants and Shags): Cormorants ( Phalacrocoracidae sp ); European shags (Phalacrocorax aristotelis) A comparatively little-studied group, research found that cormorant ( Phalacrocoracidae spp.) abundance distribution is very coastal, with consistent year-round presence along the French and Belgian coasts?","According to Document 1, the highest estimated densities of cormorants were close to the colonies in shallow waters associated with low current speeds. Their resulting distribution was very coastal, predicted to be mainly along the French and Belgian coasts (Figure 3A) with little variation throughout the year."
8,8b,C,False,False,False,,ungrounded_hallucination,"According to the scientific literature: Phalacrocoracidae (Cormorants and Shags): Cormorants ( Phalacrocoracidae sp ); European shags (Phalacrocorax aristotelis) A comparatively little-studied group, research found that cormorant ( Phalacrocoracidae spp.) abundance distribution is very coastal, with consistent year-round presence along the French and Belgian coasts?","There is no information in the provided documents about Phalacrocoracidae (Cormorants and Shags), Cormorants (Phalacrocoracidae sp), European shags (Phalacrocorax aristotelis), or their abundance distribution along the French and Belgian coasts."
8,8b,D,False,False,False,,ungrounded_hallucination,"According to the scientific literature: Phalacrocoracidae (Cormorants and Shags): Cormorants ( Phalacrocoracidae sp ); European shags (Phalacrocorax aristotelis) A comparatively little-studied group, research found that cormorant ( Phalacrocoracidae spp.) abundance distribution is very coastal, with consistent year-round presence along the French and Belgian coasts?","No, the documents do not support this statement. According to the documents, cormorants (Phalacrocoracidae spp.) were found to be very inland, with consistent year-round absence along the French and Belgian coasts."
9,8b,A,False,True,,,,"According to the scientific literature: research identified spatial overlap between the foraging areas of European shags ( Phalacrocorax aristotelis ) around Chausey, Normandy and zones of planned or operational OWFs?","According to a study published in the journal Marine Pollution Bulletin in 2019, research found that the foraging areas of European shags (Phalacrocorax aristotelis) around Chausey, Normandy, France, overlapped with zones of planned or operational offshore wind farms (OWFs)."
9,8b,B1,True,,,,abstention,"According to the scientific literature: research identified spatial overlap between the foraging areas of European shags ( Phalacrocorax aristotelis ) around Chausey, Normandy and zones of planned or operational OWFs?","According to Document 2, it is mentioned that the resting/bathing/ floating behaviour of European shags was largely associated with the existing and proposed OWFs away from the coast. However, it does not explicitly state the spatial overlap between the foraging areas of European shags and zones of planned or operational OWFs.

However, Document 2 also mentions that the development of the proposed lease areas could result in displacement from foraging habitat if individuals subsequently avoid these areas, or alternatively, if individuals continue to forage there, they may be at risk of collision with turbines. This suggests a potential overlap between foraging areas and OWFs, but it is not explicitly stated.

Document 4 provides information on habitat selection model for 15 European shags GPS tracked during the chick-rearing period at Chausey archipelago, but it does not provide information on the overlap between their foraging areas and OWFs.

Therefore, based on the provided documents, it cannot be confirmed whether research identified spatial overlap between the foraging areas of European shags around Chausey, Normandy and zones of planned or operational OWFs."
9,8b,B2,True,,,,abstention,"According to the scientific literature: research identified spatial overlap between the foraging areas of European shags ( Phalacrocorax aristotelis ) around Chausey, Normandy and zones of planned or operational OWFs?","The documents do not contain information about the spatial overlap between the foraging areas of European shags around Chausey, Normandy and zones of planned or operational Offshore Wind Farms (OWFs)."
9,8b,C,True,,,,abstention,"According to the scientific literature: research identified spatial overlap between the foraging areas of European shags ( Phalacrocorax aristotelis ) around Chausey, Normandy and zones of planned or operational OWFs?","There is no information in the provided documents about the research on European shags (Phalacrocorax aristotelis) around Chausey, Normandy, and zones of planned or operational OWFs."
9,8b,D,False,False,True,,grounded_but_wrong,"According to the scientific literature: research identified spatial overlap between the foraging areas of European shags ( Phalacrocorax aristotelis ) around Chausey, Normandy and zones of planned or operational OWFs?","According to the document, research found that European shags breeding on the islands of Chausey exhibit a ""striking lack of spatial overlap"" with zones of planned or operational Offshore Wind Farms (OWFs)."
10,8b,A,False,True,,,,"According to the scientific literature: Waders (shorebirds): Eurasian curlew ( Numenius arquata); Other non-pelagic shorebirds research outline that Eurasian curlews exhibited significantly lower flight alti - tudes across the Baltic Sea, and migration intensity peaked at night during spring?","According to the scientific literature, research on Eurasian curlews (Numenius arquata) and other non-pelagic shorebirds has shown that they tend to exhibit lower flight altitudes when migrating across the Baltic Sea. Additionally, studies have found that the migration intensity of Eurasian curlews peaks at night during spring migration."
10,8b,B1,True,,,,abstention,"According to the scientific literature: Waders (shorebirds): Eurasian curlew ( Numenius arquata); Other non-pelagic shorebirds research outline that Eurasian curlews exhibited significantly lower flight alti - tudes across the Baltic Sea, and migration intensity peaked at night during spring?","According to the scientific literature, Eurasian curlews exhibited significantly lower flight altitudes across the Baltic Sea. Additionally, the documents do not explicitly state that migration intensity peaked at night during spring, but they do mention that ""curlews reportedly show a broad migration front in the Baltic Sea"" (Document 4) and that ""a similar pattern of intense nocturnal migration was true in autumn"" (Document 5). However, it is not explicitly stated that migration intensity peaked at night during spring."
10,8b,B2,True,,,,abstention,"According to the scientific literature: Waders (shorebirds): Eurasian curlew ( Numenius arquata); Other non-pelagic shorebirds research outline that Eurasian curlews exhibited significantly lower flight alti - tudes across the Baltic Sea, and migration intensity peaked at night during spring?","According to the documents, the following information is available:

- Document 2 mentions that Eurasian curlews showed a significant small-scale increase in flight altitudes when approaching offshore wind farms (OWFs) in the North and Baltic Seas, with the strongest increase at 0-500 m from the OWF.
- Document 4 mentions that GPS-based altitude measurements show stochasticity, but does not provide information on flight altitudes across the Baltic Sea.
- Document 2 also mentions that during autumn, curlews spent higher proportions of time migrating at rotor level, but does not provide information on flight altitudes during spring.
- Document 2 does not provide information on migration intensity peaking at night during spring.

However, Document 5 (Rusu, 2020) is not directly related to the question, and Document 3 is an article info and keywords, which does not provide the necessary information.

Document 2 does not provide information on flight altitudes across the Baltic Sea, but Document 4 does not provide information on migration intensity peaking at night during spring.

However, Document 2 does not provide information on flight altitudes across the Baltic Sea, but Document 4 does not provide information on migration intensity peaking at night during spring.

Document 2 does not provide information on flight altitudes across the Baltic Sea, but Document 4 does not provide information on migration intensity peaking at night during spring.

However, Document 2 does not provide information on flight altitudes across the Baltic Sea, but Document 4 does not provide information on migration intensity peaking at night during spring.

Document 2 does not provide information on flight altitudes across the Baltic Sea, but Document 4 does not provide information on migration intensity peaking at night during spring.

However, Document 2 does not provide information on flight altitudes across the Baltic Sea, but Document 4 does not provide information on migration intensity peaking at night during spring.

Document 2 does not provide information on flight altitudes across the Baltic Sea, but Document 4 does not provide information on migration intensity peaking at night during spring.

However, Document 2 does not provide information on flight altitudes across the Baltic Sea, but Document 4 does not provide information on migration intensity peaking at night during spring.

Document 2 does not provide information on flight altitudes across the Baltic Sea, but Document 4 does not provide information on migration intensity peaking at night during spring.

However, Document 2 does not provide information on flight altitudes across"
10,8b,C,True,,,,abstention,"According to the scientific literature: Waders (shorebirds): Eurasian curlew ( Numenius arquata); Other non-pelagic shorebirds research outline that Eurasian curlews exhibited significantly lower flight alti - tudes across the Baltic Sea, and migration intensity peaked at night during spring?","There is no information in the provided documents about the Eurasian curlew (Numenius arquata) or any other shorebirds, including waders. The documents focus on the effects of electromagnetic fields (EMFs) from subsea power cables on marine organisms, particularly elasmobranchs (rays, skates, sharks) and other marine animals."
10,8b,D,False,False,False,,ungrounded_hallucination,"According to the scientific literature: Waders (shorebirds): Eurasian curlew ( Numenius arquata); Other non-pelagic shorebirds research outline that Eurasian curlews exhibited significantly lower flight alti - tudes across the Baltic Sea, and migration intensity peaked at night during spring?","The documents do not contain information about other non-pelagic shorebirds research regarding the flight altitudes of Eurasian curlews across the Baltic Sea. However, according to the provided documents, the opposite is stated: the Eurasian curlew exhibited significantly higher flight altitudes across the Baltic Sea, with a distinct peak in migration intensity observed during the day during spring."
11,8b,A,False,True,,,,According to the scientific literature: Research demonstrated that non-pelagic shorebirds did not exhibit significant changes in horizontal movement patterns in response to the OWFs?,"According to a study published in the journal ""Marine Pollution Bulletin"" (2020), it was found that non-pelagic shorebirds did not exhibit significant changes in horizontal movement patterns in response to the presence of offshore wind farms (OWFs)."
11,8b,B1,False,True,,,,According to the scientific literature: Research demonstrated that non-pelagic shorebirds did not exhibit significant changes in horizontal movement patterns in response to the OWFs?,"There is no information in the provided documents about non-pelagic shorebirds. The documents mention various seabird species, such as guillemots, gulls, cormorants, eider, lesser black-backed gull, divers, northern gannet, loons, auks, kittiwakes, and gannets, but do not mention non-pelagic shorebirds."
11,8b,B2,False,True,,,,According to the scientific literature: Research demonstrated that non-pelagic shorebirds did not exhibit significant changes in horizontal movement patterns in response to the OWFs?,"According to Document 5, ""Similar to the avoidance response in the vertical plane, we found no clear evidence for horizontal avoidance patterns of curlews on larger spatial scales."""
11,8b,C,True,,,,abstention,According to the scientific literature: Research demonstrated that non-pelagic shorebirds did not exhibit significant changes in horizontal movement patterns in response to the OWFs?,"There is no information in the provided documents about non-pelagic shorebirds or their behavior in response to offshore wind farms (OWFs). The documents focus on fish populations and their potential effects on wind farms, but do not mention shorebirds."
11,8b,D,False,True,,,,According to the scientific literature: Research demonstrated that non-pelagic shorebirds did not exhibit significant changes in horizontal movement patterns in response to the OWFs?,"According to the documents, yes, research demonstrated that non-pelagic shorebirds (specifically curlews) did not exhibit significant changes in horizontal movement patterns in response to the OWFs."
12,8b,A,False,True,,,,"According to the scientific literature: research predicted harbour porpoises prefer offshore waters over coastal areas, with higher densities beyond 20 km from shore?","According to the scientific literature, harbour porpoises (Phocoena phocoena) have been found to prefer offshore waters over coastal areas, with higher densities often reported beyond 20 km from shore."
12,8b,B1,False,True,,,,"According to the scientific literature: research predicted harbour porpoises prefer offshore waters over coastal areas, with higher densities beyond 20 km from shore?","Yes, according to Document 3, research predicted harbour porpoises prefer offshore waters over coastal areas, with higher densities beyond 20 km from shore."
12,8b,B2,False,True,,,,"According to the scientific literature: research predicted harbour porpoises prefer offshore waters over coastal areas, with higher densities beyond 20 km from shore?","According to Document 1, harbour porpoises were predicted to prefer offshore waters over coastal areas, with higher densities estimated further from the coasts (> 20 km, Figure 3A)."
12,8b,C,False,True,,,,"According to the scientific literature: research predicted harbour porpoises prefer offshore waters over coastal areas, with higher densities beyond 20 km from shore?",There is no information in the provided documents about harbour porpoises or their preference for offshore waters over coastal areas.
12,8b,D,False,False,True,,grounded_but_wrong,"According to the scientific literature: research predicted harbour porpoises prefer offshore waters over coastal areas, with higher densities beyond 20 km from shore?","No, the research did not predict harbour porpoises prefer offshore waters over coastal areas. According to the documents, harbour porpoises were predicted in coastal areas but not in offshore waters."
13,8b,A,True,,,,abstention,According to the scientific literature: Dolphins: Bottlenose dolphin ( Tursiops truncatus) research observed no significant change in the occurrence of two dolphin species before and after OWF construction at gravity-based foundations?,"I couldn't find any specific information on a study that directly compares the occurrence of bottlenose dolphin (Tursiops truncatus) and another dolphin species before and after the construction of an offshore wind farm (OWF) at gravity-based foundations. However, I can provide some general information on dolphin-OWF interactions.

Research on dolphin-OWF interactions has shown mixed results, with some studies indicating potential impacts on dolphin behavior and others finding no significant effects. For example, a study on the effects of the Horns Rev 1 OWF on bottlenose dolphins found no significant changes in their behavior or distribution. However, another study on the effects of the Walney Extension OWF on bottlenose dolphins found changes in their behavior and distribution.

It's worth noting that the effects of OWFs on dolphins can vary depending on several factors, including the location, size, and design of the OWF, as well as the species and population of dolphins being studied.

If you're looking for specific information on a study that compares the occurrence of two dolphin species before and after OWF construction at gravity-based foundations, I would recommend searching the scientific literature or contacting a researcher in the field for more information."
13,8b,B1,False,True,,,,According to the scientific literature: Dolphins: Bottlenose dolphin ( Tursiops truncatus) research observed no significant change in the occurrence of two dolphin species before and after OWF construction at gravity-based foundations?,"According to Document 3, for dolphins, there was an indication of a negative trend in occurrence during the construction phase followed by an after-construction increase in occurrence, although neither effect was statistically significant."
13,8b,B2,False,True,,,,According to the scientific literature: Dolphins: Bottlenose dolphin ( Tursiops truncatus) research observed no significant change in the occurrence of two dolphin species before and after OWF construction at gravity-based foundations?,"According to Document 3, for dolphins, there was an indication of a negative trend in occurrence during the construction phase followed by an after-construction increase in occurrence, although neither effect was statistically significant."
13,8b,C,True,,,,abstention,According to the scientific literature: Dolphins: Bottlenose dolphin ( Tursiops truncatus) research observed no significant change in the occurrence of two dolphin species before and after OWF construction at gravity-based foundations?,There is no information in the provided documents about the research on Bottlenose dolphin (Tursiops truncatus) and its occurrence before and after OWF construction at gravity-based foundations.
13,8b,D,False,False,True,,grounded_but_wrong,According to the scientific literature: Dolphins: Bottlenose dolphin ( Tursiops truncatus) research observed no significant change in the occurrence of two dolphin species before and after OWF construction at gravity-based foundations?,"No, the documents do not contain information about Bottlenose dolphin (Tursiops truncatus) research. They mention dolphins in general, but do not specify the species."
14,8b,A,True,,,,abstention,According to the scientific literature: research modelled ecosystem responses to offshore wind farms for a number of trophic groups and found that the biomass of bottlenose dolphins ( Tursiops truncatus) increased after OWF construction?,"I couldn't find any specific scientific literature that directly supports the claim that the biomass of bottlenose dolphins (Tursiops truncatus) increased after offshore wind farm (OWF) construction. However, some studies have reported changes in dolphin behavior or distribution in response to OWFs, but these findings are not conclusive and may be context-dependent.

It's worth noting that the impact of OWFs on marine ecosystems and wildlife is a complex and multifaceted topic, and more research is needed to fully understand the effects of these structures on marine ecosystems."
14,8b,B1,True,,,,abstention,According to the scientific literature: research modelled ecosystem responses to offshore wind farms for a number of trophic groups and found that the biomass of bottlenose dolphins ( Tursiops truncatus) increased after OWF construction?,The documents do not contain information about the biomass of bottlenose dolphins (Tursiops truncatus) increasing after OWF construction.
14,8b,B2,False,False,False,True,ungrounded_hallucination,According to the scientific literature: research modelled ecosystem responses to offshore wind farms for a number of trophic groups and found that the biomass of bottlenose dolphins ( Tursiops truncatus) increased after OWF construction?,The documents do not contain information about the biomass of bottlenose dolphins (Tursiops truncatus) increasing after offshore wind farm (OWF) construction.
14,8b,C,False,False,True,,grounded_but_wrong,According to the scientific literature: research modelled ecosystem responses to offshore wind farms for a number of trophic groups and found that the biomass of bottlenose dolphins ( Tursiops truncatus) increased after OWF construction?,"There is no information in the provided documents about research modelling ecosystem responses to offshore wind farms for a number of trophic groups, or specifically about the biomass of bottlenose dolphins (Tursiops truncatus) increasing after OWF construction."
14,8b,D,False,True,,,,According to the scientific literature: research modelled ecosystem responses to offshore wind farms for a number of trophic groups and found that the biomass of bottlenose dolphins ( Tursiops truncatus) increased after OWF construction?,"No, the documents do not support this claim. According to Raoux et al. (2017), the biomass of bottlenose dolphins (Tursiops truncatus) actually decreased after OWF construction, likely due to increased noise pollution and habitat disruption."
15,8b,A,False,True,,,,"According to the scientific literature: Seals: Harbour ( Phoca vitulina) and Grey seals (Halichoerus grypus ) Similarly, research provided some indication that both harbour ( Phoca vitulina) and grey seals ( Halichoerus grypus ) may benefit indirectly from increases in prey biomass?","According to the scientific literature, research suggests that harbour seals (Phoca vitulina) and grey seals (Halichoerus grypus) may benefit indirectly from increases in prey biomass associated with offshore wind farms. This is likely due to the potential for increased prey abundance in areas with reduced fishing activity or altered prey distribution around wind farms."
15,8b,B1,False,True,,,,"According to the scientific literature: Seals: Harbour ( Phoca vitulina) and Grey seals (Halichoerus grypus ) Similarly, research provided some indication that both harbour ( Phoca vitulina) and grey seals ( Halichoerus grypus ) may benefit indirectly from increases in prey biomass?","According to Document 3, regarding offshore renewables, Russell et al. (2014) observed tagged common and grey seal targeting windfarm turbine piles, presumably to feed. This suggests that harbour (Phoca vitulina) and grey seals (Halichoerus grypus) may benefit indirectly from increases in prey biomass, as they are able to exploit the food sources available in the vicinity of offshore wind farms."
15,8b,B2,False,True,,,,"According to the scientific literature: Seals: Harbour ( Phoca vitulina) and Grey seals (Halichoerus grypus ) Similarly, research provided some indication that both harbour ( Phoca vitulina) and grey seals ( Halichoerus grypus ) may benefit indirectly from increases in prey biomass?","According to Document 5, the research suggests that the benthic biomass increase acts as an additional prey resource for higher trophic levels up to apex predators, including marine mammals. This is supported by the stomach content analyses of Reubens et al. (2011), who demonstrated that pouting fed on the macrobenthos produced on the Thornton bank wind turbines in the Belgian part of the North Sea."
15,8b,C,True,,,,abstention,"According to the scientific literature: Seals: Harbour ( Phoca vitulina) and Grey seals (Halichoerus grypus ) Similarly, research provided some indication that both harbour ( Phoca vitulina) and grey seals ( Halichoerus grypus ) may benefit indirectly from increases in prey biomass?","There is no information in the provided documents about seals, Harbour (Phoca vitulina), Grey seals (Halichoerus grypus), or any potential benefits to them from increases in prey biomass."
15,8b,D,False,False,True,,grounded_but_wrong,"According to the scientific literature: Seals: Harbour ( Phoca vitulina) and Grey seals (Halichoerus grypus ) Similarly, research provided some indication that both harbour ( Phoca vitulina) and grey seals ( Halichoerus grypus ) may benefit indirectly from increases in prey biomass?","No, the documents do not indicate that harbour and grey seals may benefit indirectly from increases in prey biomass. In fact, the opposite is stated: harbour and grey seals may experience decreased fitness and survival rates when prey populations surge."
16,8b,A,False,False,,,parametric_error,"According to the scientific literature: research underscore the possibility of a spatial gradient in bat presence, with western OWF areas showing higher bat activity than those in the South, East, or northern parts of the North Sea?","I couldn't find any specific scientific literature that directly supports the claim of a spatial gradient in bat presence with western OWF areas showing higher bat activity than those in the South, East, or northern parts of the North Sea. However, research has shown that bat activity can vary across different regions and habitats within the North Sea.

A study published in the journal ""Marine Pollution Bulletin"" in 2019 found that bat activity was higher in the southern North Sea compared to the northern North Sea. Another study published in the journal ""Animal Conservation"" in 2018 found that the presence of bats in offshore wind farms was influenced by factors such as water depth, distance to land, and the presence of nearby marine habitats.

More research is needed to fully understand the spatial patterns of bat activity in the North Sea and how they relate to offshore wind farm locations."
16,8b,B1,False,True,,,,"According to the scientific literature: research underscore the possibility of a spatial gradient in bat presence, with western OWF areas showing higher bat activity than those in the South, East, or northern parts of the North Sea?","According to Document 2, the research shows a remarkable pattern of increased bat presence further away from the coast off the Noord-Holland coast, which is only present in this area and not further north or south in the study area. This suggests that there may be a spatial gradient in bat presence, with western OWF areas (such as off the Noord-Holland coast) showing higher bat activity than those in the South or East. However, the documents do not explicitly state that western OWF areas show higher bat activity than those in the northern parts of the North Sea."
16,8b,B2,False,True,,,,"According to the scientific literature: research underscore the possibility of a spatial gradient in bat presence, with western OWF areas showing higher bat activity than those in the South, East, or northern parts of the North Sea?","According to Document 5, the predictor effect plot of the spatial smoother for longitude and latitude shows that areas in the west have a higher probability of bat presence, while areas in the south, east, and north have a lower probability."
16,8b,C,True,,,,abstention,"According to the scientific literature: research underscore the possibility of a spatial gradient in bat presence, with western OWF areas showing higher bat activity than those in the South, East, or northern parts of the North Sea?","There is no information in the provided documents about bat presence or activity in relation to offshore wind farms (OWFs) in different parts of the North Sea. The documents discuss the effects of OWFs on marine biodiversity, food webs, and ecosystems, but do not mention bats."
16,8b,D,False,False,False,,ungrounded_hallucination,"According to the scientific literature: research underscore the possibility of a spatial gradient in bat presence, with western OWF areas showing higher bat activity than those in the South, East, or northern parts of the North Sea?","No, the documents do not support this statement. According to the documents, the research suggests a spatial pattern in bat presence, with eastern and southern OWF areas exhibiting significantly higher bat activity than those in the western or northern parts of the North Sea."
17,8b,A,False,True,,,,According to the scientific literature: D1 - Fish The presence of offshore wind farms can modify fish distributions and composition by attracting species to artificial structures and reducing the abundance of species that rely on soft-bottom habitats?,"According to the scientific literature, yes, that is correct. Offshore wind farms can modify fish distributions and composition by:

1. Attracting species to artificial structures, such as turbines and foundations, which can provide habitat for certain species.
2. Reducing the abundance of species that rely on soft-bottom habitats, such as flatfish and other demersal species, which may be displaced by the presence of the wind farm.

Studies have shown that offshore wind farms can act as artificial reefs, attracting species such as cod, haddock, and other demersal fish, while also providing habitat for species such as sea turtles and marine mammals. However, the impact on soft-bottom habitats and species that rely on them can be negative, leading to changes in fish distributions and composition."
17,8b,B1,False,True,,,,According to the scientific literature: D1 - Fish The presence of offshore wind farms can modify fish distributions and composition by attracting species to artificial structures and reducing the abundance of species that rely on soft-bottom habitats?,"According to the scientific literature, yes, the presence of offshore wind farms can modify fish distributions and composition by attracting species to artificial structures and reducing the abundance of species that rely on soft-bottom habitats.

Document 5 states that artificial structures in soft-sediment areas can influence species distribution patterns directly through attraction to or avoidance of these structures (the so-called artificial reef effect), and indirectly through the fisheries exclusion effect.

Document 5 also mentions that hard structures related to OWFs are rapidly colonized by fouling communities, which, in turn, attract various fish species and epibenthic organisms that profit from the increased forage and shelter opportunities.

Document 10 (van Deurs et al., 2012) and Document 11 (van Hal et al., 2017) also support this statement, as they describe changes in fish communities on a small spatial scale due to increased habitat complexity by an offshore wind farm.

Document 12 (Reubens et al., 2014) provides a synthesis of 4 years of research on the ecology of benthopelagic fishes at offshore wind farms, which also supports the statement.

Document 5 also mentions that higher densities of benthopelagic fish and large invertebrates have been observed around hard substrates in different European wind farms, e.g. cod Gadus morhua (Reubens et al., 2013a), edible crab Cancer pagurus, and European lobster Homarus gammarus (Krone et al., 2017)."
17,8b,B2,False,True,,,,According to the scientific literature: D1 - Fish The presence of offshore wind farms can modify fish distributions and composition by attracting species to artificial structures and reducing the abundance of species that rely on soft-bottom habitats?,"According to the scientific literature, yes, the presence of offshore wind farms can modify fish distributions and composition. 

Document 1 states that ""many fish species and other megafauna are attracted to the introduced hard structures for food and shelter, the so-called artificial reef effect (Degraer et al., 2020)"". 

Document 2 also mentions that ""offshore wind farms affect the spatial distribution pattern of plaice Pleuronectes platessa at both the turbine and wind farm scale"" (Buyse et al., 2022). 

Document 3 and Document 4 also discuss the ecological effects of offshore wind farms on marine ecosystems, including changes in fish distributions and composition (Degraer et al., 2022; Lindeboom et al., 2011). 

Document 5 also mentions that offshore wind farms can cause changes in fish distributions and composition by attracting species to artificial structures and reducing the abundance of species that rely on soft-bottom habitats (Cornelis et al., 2024)."
17,8b,C,False,False,True,,grounded_but_wrong,According to the scientific literature: D1 - Fish The presence of offshore wind farms can modify fish distributions and composition by attracting species to artificial structures and reducing the abundance of species that rely on soft-bottom habitats?,"There is no information in the provided documents about the presence of offshore wind farms modifying fish distributions and composition. The documents focus on the environmental impacts of offshore wind farms on birds, marine mammals, and electronic systems, but do not mention fish."
17,8b,D,False,True,,,,According to the scientific literature: D1 - Fish The presence of offshore wind farms can modify fish distributions and composition by attracting species to artificial structures and reducing the abundance of species that rely on soft-bottom habitats?,"According to the documents, the presence of offshore wind farms can indeed modify fish distributions and composition. However, the provided information does not specify that it attracts species to artificial structures. It does mention that the presence of OWFs can reduce the abundance of species that rely on soft-bottom habitats, but it also states that many fish species are repelled by the introduced hard structures."
18,8b,A,True,,,,abstention,"According to the scientific literature: They also exhibit strong site fidelity, particularly in summer, though some remain year-round?","I couldn't find any information that directly links strong site fidelity in summer to a specific species. However, I did find information on seabirds and marine mammals exhibiting strong site fidelity, particularly in areas with consistent food sources or suitable habitats.

It's worth noting that site fidelity can vary greatly depending on the species, location, and environmental conditions. If you could provide more context or specify the species you are referring to, I may be able to provide a more accurate answer."
18,8b,B1,False,True,,,,"According to the scientific literature: They also exhibit strong site fidelity, particularly in summer, though some remain year-round?","According to Document 1, cod in offshore wind farms (OWFs) exhibit strong site fidelity, particularly high values ranging 0.8–1, with some remaining year-round."
18,8b,B2,True,,,,abstention,"According to the scientific literature: They also exhibit strong site fidelity, particularly in summer, though some remain year-round?",The provided documents do not contain information about the scientific literature regarding the site fidelity of pouting or any other species.
18,8b,C,True,,,,abstention,"According to the scientific literature: They also exhibit strong site fidelity, particularly in summer, though some remain year-round?","This question does not appear to be related to the provided documents. The documents appear to be related to offshore wind farm environmental research, specifically focusing on topics such as nitrogen dynamics, marine ecology, and the impact of offshore wind farms on the environment.

However, I can try to find a related answer within the documents. 

Document 1: Diederich S, Nehls G, van Beusekom JE, Reise K (2005) mentions that introduced Pacific oysters (Crassostrea gigas) in the northern Wadden Sea exhibit strong site fidelity, particularly in summer.

Document 2: does not mention site fidelity.

Document 3: does not mention site fidelity.

Document 4: does not mention site fidelity.

Document 5: Jansen, H.M., Van Den Burg, S., Bolman, B., Jak, R.G., Kamermans, P., Poelman, M., Stuiver, M., 2016. mentions that wild European flat oysters Ostrea edulis exhibit strong site fidelity, particularly in summer.

Document 6 is not provided.

Document 7 is not provided.

Document 8 is not provided.

Document 9 is not provided.

Document 10 is not provided.

Document 11 is not provided.

Document 12 is not provided.

Document 13 is not provided.

Document 14 is not provided.

Document 15 is not provided.

Document 16 is not provided.

Document 17 is not provided.

Document 18 is not provided.

Document 19 is not provided.

Document 20 is not provided.

Document 21 is not provided.

Document 22 is not provided.

Document 23 is not provided.

Document 24 is not provided.

Document 25 is not provided.

Document 26 is not provided.

Document 27 is not provided.

Document 28 is not provided.

Document 29 is not provided.

Document 30 is not provided.

Document 31 is not provided.

Document 32 is not provided.

Document 33 is not provided.

Document 34 is not provided.

Document 35 is not provided.

Document 36 is not provided.

Document 37 is not provided.

Document 38 is not provided.

Document 39 is not provided.

Document 40 is not provided.

Document 41 is not provided.

Document 42 is not provided.

Document 43 is not provided.

Document 44 is not provided.

Document 45 is not provided.

Document 46 is not provided.

Document 47 is not provided.

Document"
18,8b,D,False,False,False,,ungrounded_hallucination,"According to the scientific literature: They also exhibit strong site fidelity, particularly in summer, though some remain year-round?","This statement is not supported by the provided documents. In fact, the documents state that these species exhibit weak site fidelity, particularly in summer, with the majority migrating to different locations year-round."
19,8b,A,False,True,,,,"According to the scientific literature: OWFs often overlap critical habitats, such as flatfish spawning grounds (2–16% of settlers originate from OWF areas) and may further enhance spawning connectivity for species with pelagic larvae by linking natural and artificial hard substrates (Van Der Molen et al., 2018)?","According to Van Der Molen et al. (2018), offshore wind farms (OWFs) can indeed overlap with critical habitats, such as flatfish spawning grounds. Additionally, OWFs may enhance spawning connectivity for species with pelagic larvae by linking natural and artificial hard substrates. This is supported by the fact that 2-16% of settlers originate from OWF areas."
19,8b,B1,False,True,,,,"According to the scientific literature: OWFs often overlap critical habitats, such as flatfish spawning grounds (2–16% of settlers originate from OWF areas) and may further enhance spawning connectivity for species with pelagic larvae by linking natural and artificial hard substrates (Van Der Molen et al., 2018)?","According to the documents, OWFs often overlap critical habitats, such as flatfish spawning grounds, with a resulting proportion of settlers originating from those areas varying from 2% to 16% (Document 5). Additionally, OWFs may enhance spawning connectivity for species with pelagic larvae by linking natural and artificial hard substrates (Document 4, citing Van Der Molen et al., 2018)."
19,8b,B2,False,True,,,,"According to the scientific literature: OWFs often overlap critical habitats, such as flatfish spawning grounds (2–16% of settlers originate from OWF areas) and may further enhance spawning connectivity for species with pelagic larvae by linking natural and artificial hard substrates (Van Der Molen et al., 2018)?","According to Document 3, it is stated that ""Man-made structures including rigs, pipelines, cables, renewable energy devices, and ship wrecks, offer hard substrate in the largely soft-sediment environment of the North Sea."" However, the specific information about OWFs overlapping critical habitats and enhancing spawning connectivity is not explicitly mentioned in the provided documents.

However, Document 2 does mention that ""Changes to the overall arrangement of hard substrate areas through removal or addition of individual man-made structures will affect the interconnectivity and could impact on the ecosystem."" This suggests that man-made structures, including OWFs, can impact the connectivity of hard substrates.

Document 3 also mentions that ""Man-made structures form local ecosystems that attract larger predators including seals, birds, and fish."" This implies that OWFs can support marine communities and potentially enhance connectivity between natural and artificial hard substrates.

Document 2 also mentions that ""Results showed a relatively stable overall spatial distribution of sector function but with distinct variations between species and years."" This suggests that OWFs can have an impact on the ecosystem, but the specific information about OWFs overlapping critical habitats and enhancing spawning connectivity is not explicitly mentioned.

Document 4 mentions that ""Offshore installations and other man-made structures (e.g. wrecks) may provide hard substrate that impacts on the ecosystem in terms of productivity of the system and the interconnectedness of the network of hard substrates."" This suggests that OWFs can provide hard substrate and potentially impact the ecosystem.

Document 5 mentions that ""In order to assess the extent to which man-made structures increase connectivity between naturally-occurring hard substrate features in the North Sea, and what influence their presence has on marine communities, it was necessary to examine the spatial relationships between these features."" This suggests that OWFs can potentially increase connectivity between hard substrates.

Document 1 mentions that ""The resulting connectivity between the different structures depends on this transport and biological behaviour of the species, which was simulated by means of the Lagrangian particle tracking model GITM."" This suggests that OWFs can potentially impact the connectivity of species with pelagic larvae.

Document 2 mentions that ""The results are discussed in the context of decommissioning of oil and gas infrastructure in the North Sea."" This suggests that OWFs can potentially impact the ecosystem in a similar way to oil and gas infrastructure.

Document 3 mentions that ""It is possible that these structures form a system of interconnected reef environments through the planktonic dispersal of the pelagic stages of organisms by ocean currents."" This suggests that OW"
19,8b,C,False,True,,,,"According to the scientific literature: OWFs often overlap critical habitats, such as flatfish spawning grounds (2–16% of settlers originate from OWF areas) and may further enhance spawning connectivity for species with pelagic larvae by linking natural and artificial hard substrates (Van Der Molen et al., 2018)?","There is no information in the provided documents about OWFs overlapping critical habitats, such as flatfish spawning grounds, or enhancing spawning connectivity for species with pelagic larvae. The mention of Van Der Molen et al., 2018 is not present in the provided documents."
19,8b,D,False,False,False,,ungrounded_hallucination,"According to the scientific literature: OWFs often overlap critical habitats, such as flatfish spawning grounds (2–16% of settlers originate from OWF areas) and may further enhance spawning connectivity for species with pelagic larvae by linking natural and artificial hard substrates (Van Der Molen et al., 2018)?","This statement is not supported by the provided documents. According to the documents, OWFs rarely overlap with critical habitats, such as flatfish spawning grounds, with a negligible percentage of settlers (<1%) originating from OWF areas."
20,8b,A,True,,,,abstention,According to the scientific literature: Experimental exposure to pile-driving sound (LE = 206 dB re 1 µPa2s for an exposure to 100 strikes) showed no significant increase in mortality for common sole larvae within the first 7 days post-exposure?,"I couldn't find any information on the specific study you mentioned. However, I can provide some general information on the topic.

There have been studies on the effects of pile-driving sound on marine life, including fish larvae. For example, a study published in the Journal of Experimental Marine Biology and Ecology (2018) found that exposure to pile-driving sound did not cause significant mortality in cod larvae. 

Another study published in the journal Marine Pollution Bulletin (2019) found that exposure to pile-driving sound did not cause significant changes in the behavior or physiology of cod larvae.

However, it's essential to note that the effects of pile-driving sound on marine life can vary depending on several factors, including the intensity and duration of the sound, the species and life stage of the organisms, and the environmental conditions.

If you could provide more context or information about the study you mentioned, I may be able to provide a more specific answer."
20,8b,B1,False,True,,,,According to the scientific literature: Experimental exposure to pile-driving sound (LE = 206 dB re 1 µPa2s for an exposure to 100 strikes) showed no significant increase in mortality for common sole larvae within the first 7 days post-exposure?,"Yes, according to the scientific literature, experimental exposure to pile-driving sound (LE = 206 dB re 1 µPa2s for an exposure to 100 strikes) showed no significant increase in mortality for common sole larvae within the first 7 days post-exposure. This is stated in Document 2: ""The results showed no statistically significant differences in mortality between exposure and control groups at sound exposure levels which were well above the US interim criteria for non-auditory tissue damage in fish."""
20,8b,B2,False,True,,,,According to the scientific literature: Experimental exposure to pile-driving sound (LE = 206 dB re 1 µPa2s for an exposure to 100 strikes) showed no significant increase in mortality for common sole larvae within the first 7 days post-exposure?,"Yes, according to the scientific literature, experimental exposure to pile-driving sound (LE = 206 dB re 1 µPa2s for an exposure to 100 strikes) showed no significant increase in mortality for common sole larvae within the first 7 days post-exposure. This is stated in Document 2: ""The results showed no statistically significant differences in mortality between exposure and control groups at sound exposure levels which were well above the US interim criteria for non-auditory tissue damage in fish."""
20,8b,C,True,,,,abstention,According to the scientific literature: Experimental exposure to pile-driving sound (LE = 206 dB re 1 µPa2s for an exposure to 100 strikes) showed no significant increase in mortality for common sole larvae within the first 7 days post-exposure?,There is no information in the provided documents about the effects of pile-driving sound on common sole larvae.
20,8b,D,True,,,,abstention,According to the scientific literature: Experimental exposure to pile-driving sound (LE = 206 dB re 1 µPa2s for an exposure to 100 strikes) showed no significant increase in mortality for common sole larvae within the first 7 days post-exposure?,"This question cannot be answered based on the provided documents. The documents do not mention the results of the experiment for common sole larvae within the first 7 days post-exposure. They do mention a statistically significant increase in mortality between exposure and control groups at sound exposure levels above 206 dB re 1 mPa2s, but the time frame is not specified."
21,8b,A,True,,,,abstention,"According to the scientific literature: Multi-use marine parks incorporating OWFs have different implications for fish stocks, requiring more empirical evaluation?","Yes, that's correct. Studies suggest that the co-location of offshore wind farms (OWFs) with multi-use marine parks can have complex and context-dependent effects on fish stocks. The interactions between OWF infrastructure, marine park management, and fish behavior are not yet fully understood and require further empirical evaluation to determine the overall implications for fish stocks."
21,8b,B1,False,True,,,,"According to the scientific literature: Multi-use marine parks incorporating OWFs have different implications for fish stocks, requiring more empirical evaluation?","According to Document 2, OWF developments can act as de facto marine reserves that increase local fish stocks (Raoux et al. 2017), or complicate the achievement of conservation and biodiversity objectives (Lloret et al. 2023). This suggests that multi-use marine parks incorporating OWFs have different implications for fish stocks, requiring more empirical evaluation."
21,8b,B2,True,,,,abstention,"According to the scientific literature: Multi-use marine parks incorporating OWFs have different implications for fish stocks, requiring more empirical evaluation?","According to Document 1, it is mentioned that ""recruitment of some commercially important species could develop"" due to the creation of artificial reefs from OWFs, which could lead to an increasing food provisioning ecosystem service for fish, benefiting the fishery sector's welfare. However, it also mentions that trade-offs between different ecosystem services and values, such as losses of migratory birds and marine mammals, have to be assessed.

Document 3 mentions that several North Sea fish species are known to utilize rocky substrates at some life stages, and that the development of artificial reefs could have visible and measurable secondary effects on the linked socioeconomic system.

Document 5 mentions that the development of artificial reefs would indicate a regime shift that clearly contrasts with the alternative, a degradation of the existing system, and that once fully realized, the new system state would be characterized by a higher level of ecosystem functionality.

However, there is no explicit mention of multi-use marine parks incorporating OWFs in the provided documents."
21,8b,C,True,,,,abstention,"According to the scientific literature: Multi-use marine parks incorporating OWFs have different implications for fish stocks, requiring more empirical evaluation?","The answer is not explicitly stated in the provided documents. However, Document 3 mentions that the model anticipates a minimal impact on nutrient levels, which could be beneficial for fish stocks. Document 4 discusses the incorporation and burial of carbon from settling cyanobacterial blooms by deposit-feeding macrofauna, but it does not directly address the implications for fish stocks in multi-use marine parks incorporating OWFs.

Document 5 discusses the feasibility of offshore aquaculture and its potential for multi-use in the North Sea, but it does not specifically address the implications for fish stocks in multi-use marine parks incorporating OWFs.

Document 3 suggests that the impact on nutrient levels would be minimal, but it does not provide information on the implications for fish stocks. Therefore, the answer to the question is that the documents do not provide a clear answer to the question."
21,8b,D,False,False,True,,grounded_but_wrong,"According to the scientific literature: Multi-use marine parks incorporating OWFs have different implications for fish stocks, requiring more empirical evaluation?","No, according to the scientific literature, multi-use marine parks incorporating OWFs have uniform implications for fish stocks, eliminating the need for further empirical evaluation."
22,8b,A,True,,,,abstention,According to the scientific literature: D1 - Cephalopods One paper with two modelling-type case studies was retrieved covering the impacts of OWF expansion on cephalopods?,"I couldn't find any information on a specific paper with two modelling-type case studies on the impacts of offshore wind farm (OWF) expansion on cephalopods. However, I can suggest some general information on the topic.

Cephalopods, such as squid and octopus, are known to be affected by offshore wind farms, particularly in terms of habitat disruption and potential changes to prey distribution. Some studies have investigated the impacts of OWFs on cephalopod populations, but I couldn't find any specific information on two modelling-type case studies.

If you could provide more context or details about the paper you are referring to, I may be able to help you further."
22,8b,B1,True,,,,abstention,According to the scientific literature: D1 - Cephalopods One paper with two modelling-type case studies was retrieved covering the impacts of OWF expansion on cephalopods?,There is no information in the provided documents about cephalopods or any studies related to their impacts from OWF expansion.
22,8b,B2,False,True,,,,According to the scientific literature: D1 - Cephalopods One paper with two modelling-type case studies was retrieved covering the impacts of OWF expansion on cephalopods?,There is no information in the provided documents about cephalopods or any papers related to the impacts of offshore wind farm (OWF) expansion on cephalopods.
22,8b,C,True,,,,abstention,According to the scientific literature: D1 - Cephalopods One paper with two modelling-type case studies was retrieved covering the impacts of OWF expansion on cephalopods?,No information is available in the provided documents regarding cephalopods or any studies on the impacts of OWF expansion on cephalopods.
22,8b,D,True,,,,abstention,According to the scientific literature: D1 - Cephalopods One paper with two modelling-type case studies was retrieved covering the impacts of OWF expansion on cephalopods?,"No, the document does not support this answer. It states that ""multiple papers with extensive case studies"" were found, but it does not specify the number of papers or case studies."
23,8b,A,True,,,,abstention,"According to the scientific literature: D1 – Pelagic habitats The same paper, research, measured mean annual biomasses of zooplankton and phy - toplankton from data collected from monitoring the quality of water bodies in the Bay of Seine?","I'm not aware of the specific paper or research you're referring to. However, I can suggest some general information on the Bay of Seine.

The Bay of Seine is a semi-enclosed sea area located off the coast of Normandy, France. It's known for its rich marine biodiversity, including zooplankton and phytoplankton.

If you could provide more context or information about the paper or research you're referring to, I may be able to help you find the specific data on mean annual biomasses of zooplankton and phytoplankton in the Bay of Seine.

Alternatively, you can also try searching for scientific literature on the topic using databases such as Google Scholar, Web of Science, or Scopus. You can use keywords like ""Bay of Seine"", ""zooplankton"", ""phytoplankton"", ""biomass"", and ""monitoring"" to find relevant studies.

I'm not aware of any specific data on mean annual biomasses of zooplankton and phytoplankton in the Bay of Seine from the literature I have access to."
23,8b,B1,False,False,False,False,retrieval_failure,"According to the scientific literature: D1 – Pelagic habitats The same paper, research, measured mean annual biomasses of zooplankton and phy - toplankton from data collected from monitoring the quality of water bodies in the Bay of Seine?","According to Document 2, the mean annual biomasses of zooplankton were collected from the Seine Aval I programme. 

However, for phytoplankton, the same document states that the mean annual biomasses and P/B ratio were obtained from data collected in the Bay of Seine by Baehr et al. (2014) and Souissi (2007).

Document 3 also mentions that the mean annual biomasses of zooplankton were collected from the Seine Aval I programme, and the P/B and P/C ratios were obtained from another study focused on the Eastern part of the Bay of Seine (Rybarczyk and Elkaim, 2003).

Document 2 does not explicitly state that the same paper or research measured both mean annual biomasses of zooplankton and phytoplankton from data collected from monitoring the quality of water bodies in the Bay of Seine."
23,8b,B2,True,,,,abstention,"According to the scientific literature: D1 – Pelagic habitats The same paper, research, measured mean annual biomasses of zooplankton and phy - toplankton from data collected from monitoring the quality of water bodies in the Bay of Seine?","According to Document 2, the mean annual biomasses of zooplankton were collected from the Seine Aval I programme. 

However, the specific paper or research that measured mean annual biomasses of zooplankton and phytoplankton from data collected from monitoring the quality of water bodies in the Bay of Seine is not explicitly mentioned in the provided documents."
23,8b,C,True,,,,abstention,"According to the scientific literature: D1 – Pelagic habitats The same paper, research, measured mean annual biomasses of zooplankton and phy - toplankton from data collected from monitoring the quality of water bodies in the Bay of Seine?",There is no information in the provided documents about the research on zooplankton and phytoplankton biomasses in the Bay of Seine.
23,8b,D,False,True,,,,"According to the scientific literature: D1 – Pelagic habitats The same paper, research, measured mean annual biomasses of zooplankton and phy - toplankton from data collected from monitoring the quality of water bodies in the Bay of Seine?","No, according to Document 1, the mean annual biomasses of zooplankton and phytoplankton were not measured by Raoux et al. (2017) from data collected from monitoring the quality of water bodies in the Bay of Seine."
24,8b,A,False,True,,,,"According to the scientific literature: These artificial structures function as reef habitats, supporting dense assemblages of sessile epifauna, including Mytilus edulis and barnacles, which increase local biomass and structural complexity?","Yes, that is correct. Offshore wind farm structures can function as artificial reefs, supporting a diverse range of marine life, including sessile epifauna such as mussels (Mytilus edulis) and barnacles. These organisms can increase local biomass and structural complexity, which can have positive effects on the surrounding ecosystem."
24,8b,B1,False,True,,,,"According to the scientific literature: These artificial structures function as reef habitats, supporting dense assemblages of sessile epifauna, including Mytilus edulis and barnacles, which increase local biomass and structural complexity?","Yes, according to the scientific literature, these artificial structures function as reef habitats, supporting dense assemblages of sessile epifauna, including Mytilus edulis and barnacles, which increase local biomass and structural complexity.

Document 1 states that offshore wind park turbines are functioning as artificial reefs, affecting local ecosystem, and that blue mussels (Mytilus trossulus) and barnacles (Amphibalanus improvisus) dominate hard bottom and artificial substrate in the Baltic Sea.

Document 2 mentions that artificial reefs may provide shelter and food for other taxa such as fishes, and that biofouling communities, which include species like mussels, can be highly productive and diverse.

Document 4 lists Mytilus edulis as one of the most notable taxa observed on offshore artificial substrates in north-east Europe, along with other species like barnacles.

Document 5 mentions that research has shown that densities of fish and epibenthic invertebrates are higher close to wind farm structures, and that artificial reefs can support dense assemblages of sessile epifauna."
24,8b,B2,True,,,,abstention,"According to the scientific literature: These artificial structures function as reef habitats, supporting dense assemblages of sessile epifauna, including Mytilus edulis and barnacles, which increase local biomass and structural complexity?","According to the documents, it can be inferred that artificial structures, such as offshore wind-power foundations, function as reef habitats, supporting dense assemblages of sessile epifauna. However, the specific species mentioned in the question, Mytilus edulis and barnacles, are not explicitly mentioned in the documents.

Document 3 states that ""all offshore wind-power foundations provide artificial hard substratum habitats which will potentially become colonized by an assemblage of epi- and mobile megafauna, clearly differing from the otherwise prevailing species composition and abundance."" This suggests that artificial structures support a diverse range of epifauna.

Document 5 mentions that ""the fouling assemblage on the underwater structures will locally enhance biomass production of these animals"" and that ""foundations like those of the FINO 1 platform create habitat for large predatory species, such as C. pagurus, N. puber and T. bubalis which are rarely found on the open soft bottom."" This implies that artificial structures can support dense assemblages of epifauna and increase local biomass.

However, the specific species Mytilus edulis and barnacles are not mentioned in the documents."
24,8b,C,False,True,,,,"According to the scientific literature: These artificial structures function as reef habitats, supporting dense assemblages of sessile epifauna, including Mytilus edulis and barnacles, which increase local biomass and structural complexity?","There is no information in the provided documents about artificial structures functioning as reef habitats, supporting dense assemblages of sessile epifauna, including Mytilus edulis and barnacles, which increase local biomass and structural complexity."
24,8b,D,False,False,True,,grounded_but_wrong,"According to the scientific literature: These artificial structures function as reef habitats, supporting dense assemblages of sessile epifauna, including Mytilus edulis and barnacles, which increase local biomass and structural complexity?","No, the documents do not support this statement. In fact, they suggest the opposite: the artificial structures do not support the establishment of a diverse epifaunal community in the North Sea, and may act as barriers to the spread of hard bottom fauna into soft bottom areas."
25,8b,A,False,True,,,,"According to the scientific literature: Ecological modelling by research suggests that OWFs enhance secondary production by favouring suspension-feeding organisms, thereby modifying energy transfer pathways and benthic–pelagic coupling?","Yes, that is correct. Research suggests that offshore wind farms (OWFs) can enhance secondary production by favoring suspension-feeding organisms, such as oysters and mussels, which can lead to modifications in energy transfer pathways and benthic-pelagic coupling. This is due to the increased availability of food particles and reduced predation pressure on these organisms in the vicinity of OWFs."
25,8b,B1,False,True,,,,"According to the scientific literature: Ecological modelling by research suggests that OWFs enhance secondary production by favouring suspension-feeding organisms, thereby modifying energy transfer pathways and benthic–pelagic coupling?","According to the scientific literature, ecological modelling by research suggests that OWFs enhance secondary production by favouring suspension-feeding organisms, thereby modifying energy transfer pathways and benthic–pelagic coupling. 

This is supported by Document 3, which states: ""Our findings highlight the prominent role of hard-substrate species on turbine foundations as organic material inputs for the food web. Hard substrate species account for approximately 26% of food source uptake from the water column and 25% of the total macrofaunal biomass in the OWF food web."" 

Additionally, Document 2 mentions that suspension feeders as the base of the OWF food web occurred in high biomass on the turbines and SPL, and that species living on the hard substrates were responsible for approximately 25% of the total macrofaunal biomass in the OWF food web."
25,8b,B2,True,,,,abstention,"According to the scientific literature: Ecological modelling by research suggests that OWFs enhance secondary production by favouring suspension-feeding organisms, thereby modifying energy transfer pathways and benthic–pelagic coupling?",This information is not explicitly mentioned in the provided documents.
25,8b,C,False,True,,,,"According to the scientific literature: Ecological modelling by research suggests that OWFs enhance secondary production by favouring suspension-feeding organisms, thereby modifying energy transfer pathways and benthic–pelagic coupling?","There is no information in the provided documents about ecological modelling by research suggesting that OWFs enhance secondary production by favouring suspension-feeding organisms, thereby modifying energy transfer pathways and benthic–pelagic coupling."
25,8b,D,False,True,,,,"According to the scientific literature: Ecological modelling by research suggests that OWFs enhance secondary production by favouring suspension-feeding organisms, thereby modifying energy transfer pathways and benthic–pelagic coupling?","No, the scientific literature does not suggest that OWFs enhance secondary production by favouring suspension-feeding organisms. In fact, it states the opposite: OWFs decrease secondary production by disfavouring suspension-feeding organisms."
26,8b,A,False,True,,,,"According to the scientific literature: Research showed that partial removal strategies, such as retaining scour protection or cutting foundations above the seabed, preserve critical hard-substrate habitat and minimise biodiversity loss, where - as complete removal causes substantial declines in associated epibenthic macrofauna?","According to the scientific literature, partial removal strategies for offshore wind farm foundations, such as retaining scour protection or cutting foundations above the seabed, can help preserve critical hard-substrate habitat and minimize biodiversity loss. This approach is often compared to complete removal, which can cause substantial declines in associated epibenthic macrofauna."
26,8b,B1,False,True,,,,"According to the scientific literature: Research showed that partial removal strategies, such as retaining scour protection or cutting foundations above the seabed, preserve critical hard-substrate habitat and minimise biodiversity loss, where - as complete removal causes substantial declines in associated epibenthic macrofauna?","According to the documents, research showed that partial removal strategies, such as retaining scour protection or cutting foundations above the seabed, preserve critical hard-substrate habitat and minimize biodiversity loss, whereas complete removal causes substantial declines in associated epibenthic macrofauna."
26,8b,B2,False,True,,,,"According to the scientific literature: Research showed that partial removal strategies, such as retaining scour protection or cutting foundations above the seabed, preserve critical hard-substrate habitat and minimise biodiversity loss, where - as complete removal causes substantial declines in associated epibenthic macrofauna?","According to the documents, research showed that partial removal strategies, such as retaining scour protection or cutting foundations above the seabed, preserve critical hard-substrate habitat and minimize biodiversity loss, whereas complete removal causes substantial declines in associated epibenthic macrofauna."
26,8b,C,True,,,,abstention,"According to the scientific literature: Research showed that partial removal strategies, such as retaining scour protection or cutting foundations above the seabed, preserve critical hard-substrate habitat and minimise biodiversity loss, where - as complete removal causes substantial declines in associated epibenthic macrofauna?",The answer is not explicitly stated in the provided documents.
26,8b,D,False,False,True,,grounded_but_wrong,"According to the scientific literature: Research showed that partial removal strategies, such as retaining scour protection or cutting foundations above the seabed, preserve critical hard-substrate habitat and minimise biodiversity loss, where - as complete removal causes substantial declines in associated epibenthic macrofauna?","The documents do not contain the information you are asking for. The provided text does not mention the scientific literature or any previous research findings. It only presents the results of the current study, which indicates that complete decommissioning has the least negative effect on epi-benthic macrofauna biodiversity, and that removing the scour protection layer is the deciding measure."
27,8b,A,False,True,,,,"According to the scientific literature: Studies found that several species of benthic macrofauna (invertebrates) are associated with wind turbine foundations (De Mesel, 2015) and that offshore structures and natural substrates serve as important spawning and settling sites for various sedentary species with pelagic larval phases?","According to De Mesel (2015), yes, that is correct. The study found associations between several species of benthic macrofauna (invertebrates) and wind turbine foundations. Additionally, research supports the idea that offshore structures and natural substrates serve as important spawning and settling sites for various sedentary species with pelagic larval phases."
27,8b,B1,False,True,,,,"According to the scientific literature: Studies found that several species of benthic macrofauna (invertebrates) are associated with wind turbine foundations (De Mesel, 2015) and that offshore structures and natural substrates serve as important spawning and settling sites for various sedentary species with pelagic larval phases?","According to the scientific literature, studies found that several species of benthic macrofauna (invertebrates) are associated with wind turbine foundations (De Mesel et al., 2015). Additionally, offshore structures and natural substrates serve as important spawning and settling sites for various sedentary species with pelagic larval phases (Krone et al., 2013)."
27,8b,B2,True,,,,abstention,"According to the scientific literature: Studies found that several species of benthic macrofauna (invertebrates) are associated with wind turbine foundations (De Mesel, 2015) and that offshore structures and natural substrates serve as important spawning and settling sites for various sedentary species with pelagic larval phases?","According to the scientific literature, studies have found that several species of benthic macrofauna (invertebrates) are associated with offshore artificial substrates, not specifically wind turbine foundations. However, it is mentioned that various studies have investigated the colonisation, establishment and succession of benthic epifaunal communities on artificial substrates.

Additionally, the documents confirm that offshore structures and natural substrates serve as important spawning and settling sites for various sedentary species with pelagic larval phases."
27,8b,C,True,,,,abstention,"According to the scientific literature: Studies found that several species of benthic macrofauna (invertebrates) are associated with wind turbine foundations (De Mesel, 2015) and that offshore structures and natural substrates serve as important spawning and settling sites for various sedentary species with pelagic larval phases?",The provided documents do not contain information about the association of benthic macrofauna (invertebrates) with wind turbine foundations or the role of offshore structures and natural substrates as spawning and settling sites for sedentary species with pelagic larval phases.
27,8b,D,False,False,True,,grounded_but_wrong,"According to the scientific literature: Studies found that several species of benthic macrofauna (invertebrates) are associated with wind turbine foundations (De Mesel, 2015) and that offshore structures and natural substrates serve as important spawning and settling sites for various sedentary species with pelagic larval phases?","No, the documents do not support this statement. In fact, they contradict it. According to the documents, research has shown that benthic macrofauna tend to avoid areas with offshore structures, and that these structures may hinder the development of sedentary species with pelagic larval phases."
28,8b,A,False,True,,,,"According to the scientific literature: Wind farm structures are predicted to increase benthos biomass, and as a consequence, provide more resources for fish benthic feeders, as well as top predators such as sole and cod?","According to the scientific literature, wind farm structures can indeed increase benthic biomass, but the effects on fish populations are more complex and context-dependent. Some studies suggest that wind farms can provide artificial reefs, increasing habitat complexity and potentially supporting higher benthic biomass and associated fish populations, including benthic feeders and top predators.

However, other studies have found mixed or negative effects, such as reduced fish abundance or altered community composition, likely due to factors like noise, habitat disruption, or changes in water flow. The impact of wind farms on fish populations is still an area of ongoing research and debate.

Regarding the specific species mentioned (sole and cod), some studies have found that wind farms can provide habitat for these species, but more research is needed to fully understand the effects of wind farms on their populations."
28,8b,B1,False,True,,,,"According to the scientific literature: Wind farm structures are predicted to increase benthos biomass, and as a consequence, provide more resources for fish benthic feeders, as well as top predators such as sole and cod?","According to the documents, wind farm structures are predicted to increase benthos biomass, and as a consequence, provide more resources for fish benthic feeders, as well as top predators. 

Document 2 states that the anticipated increase in benthic invertebrate and benthos feeding fish biomass, in response to the reef effect, is predicted to attract and benefit apex predators.

Document 3 states that the CC+OWF scenario demonstrated a positive synergy in the biomasses of fish groups within the wind farm, including benthos feeders (+72%).

Document 5 states that the biomass of top predators, such as sole and cod, increased in the REEF scenario, and that the biomass of benthic invertebrates, which are a food source for these predators, also increased."
28,8b,B2,False,True,,,,"According to the scientific literature: Wind farm structures are predicted to increase benthos biomass, and as a consequence, provide more resources for fish benthic feeders, as well as top predators such as sole and cod?","According to the documents, wind farm structures are predicted to increase benthic invertebrates biomass, and as a consequence, provide more resources for filter feeders and bivalves, as well as top predators such as elasmobranchs, Atlantic cod, whiting, pouting, European sprat, sea bream, flatfish, and benthic invertebrate predators."
28,8b,C,True,,,,abstention,"According to the scientific literature: Wind farm structures are predicted to increase benthos biomass, and as a consequence, provide more resources for fish benthic feeders, as well as top predators such as sole and cod?",This question cannot be answered based on the provided documents. The documents do not contain any information about the effect of wind farm structures on benthos biomass or the impact on fish benthic feeders and top predators.
28,8b,D,False,False,True,,grounded_but_wrong,"According to the scientific literature: Wind farm structures are predicted to increase benthos biomass, and as a consequence, provide more resources for fish benthic feeders, as well as top predators such as sole and cod?","No, the documents do not support this claim. In fact, they suggest the opposite: the ""barrier effect"" of wind farm structures is likely to repel species, including native ones, and may lead to a dominance of benthic predators such as crabs on the turbine vertical structures."
29,8b,A,False,True,,,,"According to the scientific literature: As a result, OWFs attract species of economic interest, such as plaice or lobster (shown in greater catch rates around monopiles , potentially altering local ecosystems and predator-prey dynamics?","Yes, that's correct. Studies have shown that offshore wind farms (OWFs) can attract species of economic interest, such as plaice and lobster, which can lead to increased catch rates around monopiles. This can potentially alter local ecosystems and predator-prey dynamics. For example, a study published in the journal ""Marine Environmental Research"" found that the presence of OWFs can lead to an increase in the abundance of commercially valuable fish species, such as plaice and cod, around the structures."
29,8b,B1,False,True,,,,"According to the scientific literature: As a result, OWFs attract species of economic interest, such as plaice or lobster (shown in greater catch rates around monopiles , potentially altering local ecosystems and predator-prey dynamics?","According to the documents, OWFs attract species of economic interest, such as:

- Cod, pouting, and eel, which have been shown to increase in abundance in proximity to OWF foundations [Document 1]
- Plaice, which have been found to actively use OWFs as a feeding hotspot during the day and prefer the surrounding sandy areas for resting [Document 2]
- Lobsters, which have been found to be attracted to the presence of hard substrates, such as turbine foundations and surrounding SPLs [Document 5]

These species may potentially alter local ecosystems and predator-prey dynamics, as mentioned in Document 3, where it is stated that the debate as to whether artificial reefs simply attract biomass of prey or predator species or actually increase production at multiple trophic levels is still active and unresolved."
29,8b,B2,False,True,,,,"According to the scientific literature: As a result, OWFs attract species of economic interest, such as plaice or lobster (shown in greater catch rates around monopiles , potentially altering local ecosystems and predator-prey dynamics?","There is no information in the provided documents that directly states OWFs attract species of economic interest, such as plaice or lobster, and alter local ecosystems and predator-prey dynamics. However, Document 2 mentions an increase in top predators activity (except for diving seabirds) after OWF construction, which could imply changes in predator-prey dynamics."
29,8b,C,False,False,False,,ungrounded_hallucination,"According to the scientific literature: As a result, OWFs attract species of economic interest, such as plaice or lobster (shown in greater catch rates around monopiles , potentially altering local ecosystems and predator-prey dynamics?","There is no information in the provided documents about the species of economic interest, such as plaice or lobster, being attracted to OWFs and altering local ecosystems and predator-prey dynamics."
29,8b,D,False,False,False,,ungrounded_hallucination,"According to the scientific literature: As a result, OWFs attract species of economic interest, such as plaice or lobster (shown in greater catch rates around monopiles , potentially altering local ecosystems and predator-prey dynamics?","This answer is not supported by the provided documents. According to the documents, OWFs have been found to repel species of economic interest, such as plaice or lobster, with significantly lower catch rates observed around monopiles."
30,8b,A,False,True,,,,"According to the scientific literature: The restriction of areas for fishing may increase predator species (e.g., cod, lobster) around OWFs, altering prey populations , and changing fish communities on a small scale?","According to the scientific literature, the installation of offshore wind farms (OWFs) can lead to changes in fish communities and alter prey populations. However, the effect on predator species, such as cod and lobster, is less clear.

Some studies suggest that OWFs can create ""fishing refuges"" or ""no-take zones"" around the turbines, which can lead to an increase in predator species. This is because the turbines can provide a safe haven for these species to feed and breed, potentially altering the local fish community.

However, other studies have found that the effects of OWFs on predator species are often site-specific and can vary depending on factors such as water depth, turbine design, and local fish populations.

A 2019 study published in the journal ""Marine Environmental Research"" found that OWFs can lead to an increase in cod and other predator species in areas with high levels of fishing activity. However, the study also noted that the effects of OWFs on fish communities can be complex and multifaceted, and more research is needed to fully understand the impacts.

In summary, while some studies suggest that OWFs can lead to an increase in predator species, the evidence is not yet conclusive, and more research is needed to fully understand the effects of OWFs on fish communities."
30,8b,B1,False,True,,,,"According to the scientific literature: The restriction of areas for fishing may increase predator species (e.g., cod, lobster) around OWFs, altering prey populations , and changing fish communities on a small scale?","According to Document 5, the restriction of areas for fishing may lead to locally intensified predator–prey interactions. Additionally, lower-trophic-level species, such as cuttlefish and herring, are particularly vulnerable to this effect, as they experience predation from a broader range of predators. However, the documents do not specifically mention cod or lobster as predator species."
30,8b,B2,False,True,,,,"According to the scientific literature: The restriction of areas for fishing may increase predator species (e.g., cod, lobster) around OWFs, altering prey populations , and changing fish communities on a small scale?","According to Document 2, our study suggested that the small size of the fisheries restriction area would not have any important impact on the ecosystem structure and functioning. However, Document 5 states that the REEF and COMBINED scenarios exhibited a higher biomass of benthic invertebrates compared to the BOWF model and the OPTIM scenario, which may indicate an increase in predator species. 

Document 5 also states that the BOWF model compared to the REEF scenario showed an increase in top predators activity (except for diving seabirds), elasmobranchs, Atlantic cod, whiting, pouting, European sprat, sea bream, flatfish, benthic invertebrate predators, filter feeders and bivalves. 

Document 1 mentions that fisheries exclusion zones are likely to be implemented around turbines and cables for navigation safety, and that these two fishing activities are known to be major threats to benthic organisms and their associated habitats. 

Document 3 mentions that OWF could act as stepping stones for invasive species, but does not directly relate to the restriction of areas for fishing and its impact on predator species."
30,8b,C,True,,,,abstention,"According to the scientific literature: The restriction of areas for fishing may increase predator species (e.g., cod, lobster) around OWFs, altering prey populations , and changing fish communities on a small scale?","The provided documents do not explicitly mention the restriction of areas for fishing increasing predator species around OWFs, altering prey populations, and changing fish communities on a small scale."
30,8b,D,False,False,False,,ungrounded_hallucination,"According to the scientific literature: The restriction of areas for fishing may increase predator species (e.g., cod, lobster) around OWFs, altering prey populations , and changing fish communities on a small scale?","No, according to the documents, the restriction of areas for fishing around OWFs may lead to a decline in predator species such as cod and lobster, and a stabilization of fish communities on a small scale."
31,8b,A,False,True,,,,"According to the scientific literature: In turn, this can cause unexpected ecosystem changes in areas outside OWFs increasing pressure on certain species and leading to secondary ecological consequences?","According to the scientific literature, yes, that is correct. Offshore wind farms (OWFs) can cause unexpected ecosystem changes in areas outside the OWF, increasing pressure on certain species and leading to secondary ecological consequences. This is often referred to as the ""spillover effect"" or ""landscape-level effects."" Studies have shown that OWFs can alter local ocean currents, sediment transport, and habitat structure, which can have cascading effects on marine ecosystems beyond the immediate area of the OWF."
31,8b,B1,False,True,,,,"According to the scientific literature: In turn, this can cause unexpected ecosystem changes in areas outside OWFs increasing pressure on certain species and leading to secondary ecological consequences?","According to Document 5, biogeochemical alterations induced by OWFs installed in one country can have an impact on the functioning of the benthic ecosystem in another country. This can cause unexpected ecosystem changes in areas outside OWFs, increasing pressure on certain species and leading to secondary ecological consequences."
31,8b,B2,False,True,,,,"According to the scientific literature: In turn, this can cause unexpected ecosystem changes in areas outside OWFs increasing pressure on certain species and leading to secondary ecological consequences?","The documents do not explicitly state that OWFs can cause unexpected ecosystem changes in areas outside OWFs, increasing pressure on certain species and leading to secondary ecological consequences. However, Document 3 mentions that OWFs could act as ""stepping stones for invasive species"" (Wilhelmsson and Malm, 2008), which could potentially lead to changes in the ecosystem outside the OWF."
31,8b,C,True,,,,abstention,"According to the scientific literature: In turn, this can cause unexpected ecosystem changes in areas outside OWFs increasing pressure on certain species and leading to secondary ecological consequences?","This information is not explicitly stated in the provided documents. However, Document 5 mentions that the creation of new habitats by OWFs increases local habitat diversity, leading to increased species diversity and abundance. Document 4 also mentions that the ""reef effect"" has a major impact on marine biodiversity, changing community assemblages and ecosystem functioning. However, the documents do not explicitly state that this can cause unexpected ecosystem changes in areas outside OWFs, increasing pressure on certain species and leading to secondary ecological consequences."
31,8b,D,False,False,False,,ungrounded_hallucination,"According to the scientific literature: In turn, this can cause unexpected ecosystem changes in areas outside OWFs increasing pressure on certain species and leading to secondary ecological consequences?","According to the document, the opposite is true. The construction of OWFs has been found to have a stabilizing effect on surrounding ecosystems, leading to a decrease in pressure on certain species and mitigating secondary ecological consequences in areas outside of OWFs."
32,8b,A,False,True,,,,"According to the scientific literature: Spillover and edge effects: The absence of fishing (usually forbidden within wind farms) may increase biodiversity and the abundance of benthopelagic and benthic species that use OWFs for shelter and as feeding grounds, with potential, positive spillover effects?","According to the scientific literature, research suggests that the absence of fishing within offshore wind farms (OWFs) can lead to increased biodiversity and abundance of benthopelagic and benthic species that utilize OWFs as shelter and feeding grounds. This can result in positive spillover effects, where these species may migrate to adjacent areas, potentially increasing local biodiversity and ecosystem health."
32,8b,B1,False,True,,,,"According to the scientific literature: Spillover and edge effects: The absence of fishing (usually forbidden within wind farms) may increase biodiversity and the abundance of benthopelagic and benthic species that use OWFs for shelter and as feeding grounds, with potential, positive spillover effects?","According to the documents, the absence of fishing within wind farms may lead to an increase in biodiversity and the abundance of certain species. Document 4 states that ""spillover effects can be generated by creating zones of increased biomass and biodiversity that may extend into surrounding areas."" Additionally, Document 3 mentions that the spillover effect is highly localized around the offshore wind farm, but can lead to an increase in biomass and catches for certain species, such as high trophic level species (Document 1)."
32,8b,B2,True,,,,abstention,"According to the scientific literature: Spillover and edge effects: The absence of fishing (usually forbidden within wind farms) may increase biodiversity and the abundance of benthopelagic and benthic species that use OWFs for shelter and as feeding grounds, with potential, positive spillover effects?","The documents do not explicitly mention ""spillover and edge effects"" or the absence of fishing within wind farms increasing biodiversity and the abundance of benthopelagic and benthic species. However, Document 4 mentions that the construction of offshore wind turbines creates a new benthic habitat, adding hard substrate to naturally soft-bottom areas, which are colonized by dense hard-bottom assemblages consisting mainly of filter-feeders and other fouling organisms. This suggests that the presence of wind farms can lead to an increase in biodiversity and the abundance of certain species. 

Document 4 also mentions that filter-feeders capture suspended food particles that are highly diluted in the water column, and that these organisms have developed mechanisms to select specific food particles from the available spectrum. This implies that the presence of wind farms can lead to an increase in the availability of food resources for certain species.

However, the specific concept of ""spillover and edge effects"" and the potential positive effects on benthopelagic and benthic species is not explicitly mentioned in the provided documents."
32,8b,C,True,,,,abstention,"According to the scientific literature: Spillover and edge effects: The absence of fishing (usually forbidden within wind farms) may increase biodiversity and the abundance of benthopelagic and benthic species that use OWFs for shelter and as feeding grounds, with potential, positive spillover effects?","The documents do not explicitly mention the potential positive spillover effects of the absence of fishing within offshore wind farms (OWFs) on biodiversity and the abundance of benthopelagic and benthic species. However, Document 4 mentions that the spatial distribution of litter was mapped and linked to possible sources at sea such as fishing activities, offshore wind farms, sand extraction, and dredge disposal activities, suggesting that OWFs may have some impact on marine litter and potentially on the surrounding ecosystem."
32,8b,D,False,False,True,,grounded_but_wrong,"According to the scientific literature: Spillover and edge effects: The absence of fishing (usually forbidden within wind farms) may increase biodiversity and the abundance of benthopelagic and benthic species that use OWFs for shelter and as feeding grounds, with potential, positive spillover effects?","No, the absence of fishing within OWFs has a negative impact on biodiversity and the abundance of benthopelagic and benthic species."
33,8b,A,False,True,,,,"According to the scientific literature: If predators concentrate in OWFs, it could impact surrounding prey species beyond the wind farm boundaries?","Yes, according to the scientific literature, this is a possibility. Studies have shown that predators can concentrate in offshore wind farms (OWFs) due to the abundance of prey species, such as fish and invertebrates, that are attracted to the structures. This concentration of predators can lead to a ""spillover"" effect, where the predators disperse beyond the wind farm boundaries and impact prey populations in surrounding areas. This can have cascading effects on the ecosystem, potentially altering the distribution and abundance of prey species."
33,8b,B1,False,True,,,,"According to the scientific literature: If predators concentrate in OWFs, it could impact surrounding prey species beyond the wind farm boundaries?","According to Document 5, if predators concentrate in OWFs, it could impact surrounding prey species beyond the wind farm boundaries. The document states that the concentration of fish biomass at subsea structures through redistribution and/or production will change the prey energy landscape and behaviour of predators such as marine mammals."
33,8b,B2,False,False,False,True,ungrounded_hallucination,"According to the scientific literature: If predators concentrate in OWFs, it could impact surrounding prey species beyond the wind farm boundaries?","The documents do not explicitly state that predators concentrating in OWFs could impact surrounding prey species beyond the wind farm boundaries. However, Document 4 mentions that the decrease of trophic level indicators in more remote areas confirms the hypothesis that top predators would concentrate around the wind farm site, where they would maximize their feeding opportunities. This suggests that predators may be attracted to the wind farm area, but it does not directly address the potential impact on prey species beyond the wind farm boundaries."
33,8b,C,True,,,,abstention,"According to the scientific literature: If predators concentrate in OWFs, it could impact surrounding prey species beyond the wind farm boundaries?","According to Document 3, it is stated that ""the output of electromagnetic fields (EMFs) by subsea power cables on marine organisms represents a leading concern associated with many ODs, particularly wind farms."" However, it does not directly address the question of predators concentrating in OWFs and its impact on surrounding prey species.

However, Document 1 mentions that elasmobranchs (rays, skates, sharks) are sensitive to EMFs and that cables may intersect with their habitats, including foraging habitats. Document 3 also mentions that EMFs can potentially alter the behavior and movement of organisms, especially electro-sensitive fishes.

Document 4 mentions that some export cables transverse areas used by up to 5 different species for either migration or local dwelling, but it does not specifically address the impact of predators concentrating in OWFs on surrounding prey species.

Therefore, based on the provided documents, the answer to the question is not explicitly stated, but it can be inferred that the presence of OWFs and their associated EMFs could potentially impact the behavior and movement of prey species beyond the wind farm boundaries, although the specific impact of predators concentrating in OWFs is not addressed."
33,8b,D,False,True,,,,"According to the scientific literature: If predators concentrate in OWFs, it could impact surrounding prey species beyond the wind farm boundaries?","According to the scientific literature, no. The concentration of predators in OWFs has been found to have a negligible impact on surrounding prey species beyond the wind farm boundaries."
34,8b,A,True,,,,abstention,According to the scientific literature: Do negative effects from habitat loss recover??,"According to the scientific literature, the recovery of ecosystems from habitat loss is a complex and context-dependent process. Some studies suggest that ecosystems can recover from habitat loss over time, but the rate and extent of recovery vary widely depending on factors such as:

1. Severity and duration of habitat loss
2. Type and quality of remaining habitat
3. Presence of invasive species
4. Climate change
5. Ecological connectivity

A 2019 meta-analysis published in the journal Science found that, on average, ecosystems took around 100-200 years to recover from habitat loss, but some ecosystems may take much longer or may not recover at all.

It's also worth noting that some ecosystems, such as coral reefs and tropical rainforests, may not be able to recover from habitat loss due to their unique characteristics and the impacts of climate change.

In the context of offshore wind farms, research suggests that the impacts of habitat loss on marine ecosystems can be significant, but the recovery of these ecosystems is still poorly understood and requires further research.

Source:
1. ""Recovery of ecosystems from habitat loss"" (2019) Science, 366(6465), 531-536."
34,8b,B1,False,False,False,False,retrieval_failure,According to the scientific literature: Do negative effects from habitat loss recover??,"The documents do not explicitly state whether negative effects from habitat loss recover. However, Document 2 mentions a ""downward spiral of continued environmental degradation"" due to environmental deterioration, which suggests that the negative effects may not recover."
34,8b,B2,False,False,False,False,retrieval_failure,According to the scientific literature: Do negative effects from habitat loss recover??,"The documents do not explicitly state whether negative effects from habitat loss recover. However, Document 4 mentions that some long-lasting impacts which may have cascading effects on the food web were not included in the study, implying that such effects could potentially persist."
34,8b,C,True,,,,abstention,According to the scientific literature: Do negative effects from habitat loss recover??,"The provided documents do not contain information about whether negative effects from habitat loss recover. The documents focus on various aspects of offshore wind farms, including avian collision risk, marine mammal impacts, and seabird responses, but do not address the topic of habitat loss recovery."
34,8b,D,False,True,,,,According to the scientific literature: Do negative effects from habitat loss recover??,"According to the scientific literature, no, negative effects from habitat loss do not recover."
35,8b,A,False,True,,,,"According to the scientific literature: Cod predominantly occurs at low ambient light levels (dusk and dawn), likely balancing foraging efficiency with predation risk?","According to the scientific literature, cod (Gadus morhua) is indeed a crepuscular species, meaning it is most active during twilight hours, which include dusk and dawn. This behavior is thought to be an adaptation to balance foraging efficiency with predation risk, as well as energy conservation."
35,8b,B1,False,True,,,,"According to the scientific literature: Cod predominantly occurs at low ambient light levels (dusk and dawn), likely balancing foraging efficiency with predation risk?","There is no information in the provided documents that suggests cod predominantly occurs at low ambient light levels (dusk and dawn). The documents do mention that cod individuals have strong site fidelity and residency, staying within 50 m from the structures, but migrating during winter outside of the wind farm area (Berges et al., 2024; Reubens et al., 2013b). However, this does not specifically relate to light levels."
35,8b,B2,True,,,,abstention,"According to the scientific literature: Cod predominantly occurs at low ambient light levels (dusk and dawn), likely balancing foraging efficiency with predation risk?",The provided documents do not contain information about cod's feeding behavior in relation to ambient light levels.
35,8b,C,True,,,,abstention,"According to the scientific literature: Cod predominantly occurs at low ambient light levels (dusk and dawn), likely balancing foraging efficiency with predation risk?","There is no information in the provided documents about Cod behavior, specifically regarding their activity levels at low ambient light levels (dusk and dawn). The documents focus on offshore wind farm environmental research, particularly on avian collision risk, marine mammals, and seabirds."
35,8b,D,False,False,False,,ungrounded_hallucination,"According to the scientific literature: Cod predominantly occurs at low ambient light levels (dusk and dawn), likely balancing foraging efficiency with predation risk?","No, the answer is not supported by the provided documents. According to the documents, Atlantic cod predominantly occur at high ambient light levels (midday), likely due to the abundance of food sources and reduced predation risk, allowing them to maximize their foraging efficiency and energy gain."
36,8b,A,True,,,,abstention,"According to the scientific literature: Biomass changes and trophic functioning following OWF construction: Comparative modelling scenarios before and after OWF construction show significant increases in biomass across demersal fish, pelagic species, and invertebrates?","According to the scientific literature, the impact of offshore wind farm (OWF) construction on marine ecosystems is complex and context-dependent. While some studies suggest that OWF construction can lead to increased biomass in certain species, such as demersal fish and invertebrates, due to changes in habitat and food availability, others have found mixed or negative effects.

A 2019 study published in the journal ""Marine Pollution Bulletin"" found that OWF construction can lead to increased biomass of certain fish species, such as cod and haddock, due to changes in habitat and food availability. However, a 2020 study published in the journal ""Ecological Applications"" found that OWF construction can lead to decreased biomass of certain invertebrate species, such as sea cucumbers and sea stars, due to increased noise and disturbance.

A 2022 review published in the journal ""Renewable and Sustainable Energy Reviews"" noted that the effects of OWF construction on marine ecosystems are highly dependent on the location, design, and operation of the wind farm, as well as the characteristics of the surrounding ecosystem.

Therefore, while some studies suggest that OWF construction can lead to significant increases in biomass across certain species, the scientific literature is not conclusive, and more research is needed to fully understand the impacts of OWF construction on marine ecosystems.

It's worth noting that the impact of OWF construction on pelagic species is less well-studied than the impact on demersal fish and invertebrates, and more research is needed to fully understand the effects of OWF construction on these species.

In summary, while some studies suggest that OWF construction can lead to increased biomass in certain species, the scientific literature is not conclusive, and more research is needed to fully understand the impacts of OWF construction on marine ecosystems."
36,8b,B1,True,,,,abstention,"According to the scientific literature: Biomass changes and trophic functioning following OWF construction: Comparative modelling scenarios before and after OWF construction show significant increases in biomass across demersal fish, pelagic species, and invertebrates?","The answer cannot be determined based on the provided documents. The documents do not mention comparative modelling scenarios before and after OWF construction showing significant increases in biomass across demersal fish, pelagic species, and invertebrates."
36,8b,B2,False,True,,,,"According to the scientific literature: Biomass changes and trophic functioning following OWF construction: Comparative modelling scenarios before and after OWF construction show significant increases in biomass across demersal fish, pelagic species, and invertebrates?","According to Document 5, the biomass of the functional groups for which the biomass inputs were not set a priori increased by 40% after the wind farm construction. Additionally, for those functional groups that accumulated biomass on new substrates, the new biomass values increased by a factor of:

- 6 for surface feeders seabirds (dominated by Larus sp.)
- 3.5 for the Atlantic cod
- 4 for whiting
- 2 for pouting
- 2 for fish benthos feeders (dominated by Callionymus sp.)
- 2 for sole
- 4 for other flatfish (dominated by Limanda limanda)
- 1.5 for benthic invertebrate predators

This suggests that there are significant increases in biomass across demersal fish, pelagic species, and invertebrates following OWF construction."
36,8b,C,False,True,,,,"According to the scientific literature: Biomass changes and trophic functioning following OWF construction: Comparative modelling scenarios before and after OWF construction show significant increases in biomass across demersal fish, pelagic species, and invertebrates?","According to Document 2, the following is stated:

""For this, observations of species changes in wind farm areas obtained through extensive literature searches were adapted to the Courseulles-sur-mer site based on expert knowledge.""

However, Document 3 states:

""By combining the data collected on various ecosystem components, we determine in this study how the local food web structure and function may change 30 years after the installation of the offshore wind farm.""

Document 5 states:

""4.3. Complex changes in the food web caused by the wind farm.
In this study, we were able to integrate both reef and aggregation effects. The aggregation effect was directly modeled using the habitat foraging tool, which increases the favorability of the site for species that tend to congregate under floating structures.""

However, Document 2 and 3 do not explicitly state that biomass increases across demersal fish, pelagic species, and invertebrates. Document 5 does mention that the reef effect had an indirect effect of modifying the food web flows within the site, demonstrating the attractiveness of the wind turbines for benthos feeder species.

However, Document 2 does state that an Ecopath model was built to describe the food web before the construction of the Courseulles-sur-mer offshore wind farm and then an Ecosim model was derived to project over the next 30 years the ecosystem evolution after the forced increase in biomass of some targeted benthic and fish compartments in relation to the wind farm construction.

Therefore, the answer is: There is no explicit statement in the provided documents that biomass changes and trophic functioning following OWF construction show significant increases in biomass across demersal fish, pelagic species, and invertebrates."
36,8b,D,False,False,False,,ungrounded_hallucination,"According to the scientific literature: Biomass changes and trophic functioning following OWF construction: Comparative modelling scenarios before and after OWF construction show significant increases in biomass across demersal fish, pelagic species, and invertebrates?","No, the documents do not support this statement. According to the documents, comparative modelling scenarios before and after OWF construction have revealed significant decreases in biomass across demersal fish, pelagic species, and invertebrates."
37,8b,A,False,True,,,,"According to the scientific literature: Overall, the literature indicates that areas adjacent to the OWF instalments exhibit increased biomass, while bordering zones show no significant change, and areas further away display a decrease in biomass?","According to the scientific literature, the effects of offshore wind farms (OWFs) on marine biomass can be summarized as follows:

- Areas adjacent to OWF installations (typically within 1-5 km) often exhibit increased biomass, possibly due to increased primary production or reduced predation.
- Bordering zones (5-10 km away) may show no significant change in biomass, as the effects of the OWF on the surrounding ecosystem may be minimal or balanced by other factors.
- Areas further away (typically >10 km) may display a decrease in biomass, possibly due to changes in ocean circulation, reduced food availability, or other indirect effects.

Please note that these findings can vary depending on the specific location, OWF design, and environmental conditions."
37,8b,B1,False,True,,,,"According to the scientific literature: Overall, the literature indicates that areas adjacent to the OWF instalments exhibit increased biomass, while bordering zones show no significant change, and areas further away display a decrease in biomass?","According to the documents, the overall impact of OWFs on the surrounding areas is complex and can vary. However, the literature suggests that areas adjacent to OWF installations exhibit increased biomass (Document 2: ""Inside the OWF perimeter, Ecospace predicted a similar structuring effect to the one forecasted in Nogues et al. (2020). This structuring effect is visible through the many important modifications of the ecosystem, which appears to shift toward a more demersal/benthic system"").

Regarding the bordering zones, Document 4 states that ""such concentrations are not confined to distinct sediment or topographic features, as they after OWF implementation extend further northwest along OWF borders into other substrate and non-slope areas"". However, it does not explicitly state that there is no significant change in biomass in these areas.

Document 5 mentions that areas outside the OWF can exhibit different effects, which may cancel or amplify each other, and that mineralization rates and carbon storage decrease in sediments outside OWF areas. However, it does not provide information on biomass changes in areas further away from the OWF installations.

Therefore, based on the provided documents, it is not possible to conclude that areas adjacent to OWF installations exhibit increased biomass, while bordering zones show no significant change, and areas further away display a decrease in biomass. The literature suggests that the impact of OWFs on surrounding areas is complex and can vary."
37,8b,B2,False,True,,,,"According to the scientific literature: Overall, the literature indicates that areas adjacent to the OWF instalments exhibit increased biomass, while bordering zones show no significant change, and areas further away display a decrease in biomass?","The answer is not explicitly stated in the provided documents. However, based on the information given, we can infer the following:

- Areas adjacent to the OWF installations (up to 3 km radius range) exhibit an increase in catches and biomass (up to 20% in some cells, Document 3).
- Bordering zones (beyond the 3 km radius range) show no significant change in biomass and catches (Document 3).
- Areas further away from the OWF installations (at the scale of the Bay of Seine) display a decrease in the expected increase of biomass and catches due to the limited influence of spillover effects (Document 2).

However, it is not possible to conclude that areas further away from the OWF installations display a decrease in biomass overall, as the documents only mention a decrease in the expected increase of biomass and catches."
37,8b,C,True,,,,abstention,"According to the scientific literature: Overall, the literature indicates that areas adjacent to the OWF instalments exhibit increased biomass, while bordering zones show no significant change, and areas further away display a decrease in biomass?","The provided documents do not contain information about the overall biomass changes in areas adjacent to, bordering, and further away from offshore wind farm (OWF) installations. The documents focus on the effects of electromagnetic fields (EMFs) from subsea power cables on marine organisms, particularly elasmobranchs and other species."
37,8b,D,True,,,,abstention,"According to the scientific literature: Overall, the literature indicates that areas adjacent to the OWF instalments exhibit increased biomass, while bordering zones show no significant change, and areas further away display a decrease in biomass?","The documents do not contain information about the overall trend of biomass changes in areas adjacent to, bordering, and further away from the offshore wind farm (OWF) installations. They only mention a decrease of catches, up to 20%, in some cells in the areas surrounding the wind farm site, and that the pattern of change of catches was very similar to biomass changes."
38,8b,A,True,,,,abstention,"According to the scientific literature: In contrast, in the post-construction scenario, the system shifted toward greater detritivory, driven by an increase in mussel biomass, which became a dominant energy pathway?","I couldn't find a specific reference to support this statement. However, it is known that mussels can play a significant role in detritivory and energy pathways in marine ecosystems. Mussels are filter feeders that can accumulate and process large amounts of organic matter, which can support a diverse range of invertebrates and other organisms.

It's possible that the statement you're referring to is from a specific study on the effects of offshore wind farm construction on marine ecosystems. If you could provide more context or information about the study, I may be able to help you find the relevant information."
38,8b,B1,False,True,,,,"According to the scientific literature: In contrast, in the post-construction scenario, the system shifted toward greater detritivory, driven by an increase in mussel biomass, which became a dominant energy pathway?","According to Document 5, the system shifted toward greater detritivory, driven by an increase in mussel biomass, which became a dominant energy pathway. This is supported by the following statement:

""higher consumption of detritus by benthic organisms and might confirm the hypothesis of Norling and Kautsky (2007, 2008) by which blue mussels expansion could be responsible for a shift from primary producers and grazers dominated food chains towards a more detritus-feeding community."""
38,8b,B2,False,True,,,,"According to the scientific literature: In contrast, in the post-construction scenario, the system shifted toward greater detritivory, driven by an increase in mussel biomass, which became a dominant energy pathway?","According to Document 2, the hypothesis of Norling and Kautsky (2007, 2008) suggests that blue mussels expansion could be responsible for a shift from primary producers and grazers dominated food chains towards a more detritus-feeding community. 

Document 3 highlights that a possible reef effect would increase total system biomass by 55% and that bivalves build-up would lead to a food web dominated by detritivory.

Document 4 mentions that the BOWF model and REEF scenario could not simulate all possible impacts generated by the increased biomass of mussels on biogeochemical processes, but it does confirm that the anticipated increase of mussel biomass after the offshore wind farm construction is predicted to lead to a food web dominated by detritivory, as hypothesized by Norling and Kautsky.

Document 5 also supports this idea by stating that the increase in filter feeders biomass, and more particularly in blue mussels, could imply an increased excretion of ammonium and thus a clearer water, which in turn could lead to an increase in growth rates of phytoplankton and filamentous algae, but it does not directly answer the question.

Document 1 does not directly answer the question but mentions that the introduction of turbines with their associated scour protections generated an additional source of food in the ecosystem, which could lead to an increase in the system total biomass.

However, Document 4 explicitly states that the anticipated increase of mussel biomass after the offshore wind farm construction is predicted to lead to a food web dominated by detritivory, as hypothesized by Norling and Kautsky."
38,8b,C,True,,,,abstention,"According to the scientific literature: In contrast, in the post-construction scenario, the system shifted toward greater detritivory, driven by an increase in mussel biomass, which became a dominant energy pathway?","There is no information in the provided documents about detritivory, mussel biomass, or any energy pathways in the post-construction scenario. The documents appear to be related to offshore wind farm environmental research, specifically focusing on wind climate, wake losses, and wind energy production limits."
38,8b,D,False,True,,,,"According to the scientific literature: In contrast, in the post-construction scenario, the system shifted toward greater detritivory, driven by an increase in mussel biomass, which became a dominant energy pathway?","This statement is incorrect according to the scientific literature. The system shifted toward lesser detritivory, not greater detritivory, driven by a decrease in mussel biomass."
39,8b,A,True,,,,abstention,"According to the scientific literature: Specifically, Ecosystem Efficiency (EE) rose by 5%, and the Detritivory/Herbivory (D/H) ratio increased by 18.8%, with detritivory and herbivory reaching 1.5 times and 1.2 times their pre-OWF levels, respectively?","I couldn't find any specific information in the scientific literature that matches the exact numbers you provided. However, I can tell you that some studies have reported changes in ecosystem processes and trophic dynamics in response to offshore wind farm (OWF) presence.

For example, a study on the effects of OWFs on marine ecosystems found that detritivory and herbivory can increase in areas with reduced predation pressure due to the presence of OWFs. However, I couldn't find any study that reports a 5% increase in Ecosystem Efficiency (EE) or a 18.8% increase in the Detritivory/Herbivory (D/H) ratio with detritivory and herbivory reaching 1.5 times and 1.2 times their pre-OWF levels, respectively.

If you could provide more context or information about the study you are referring to, I may be able to help you better."
39,8b,B1,True,,,,abstention,"According to the scientific literature: Specifically, Ecosystem Efficiency (EE) rose by 5%, and the Detritivory/Herbivory (D/H) ratio increased by 18.8%, with detritivory and herbivory reaching 1.5 times and 1.2 times their pre-OWF levels, respectively?",I cannot verify the information provided in the question.
39,8b,B2,False,True,,,,"According to the scientific literature: Specifically, Ecosystem Efficiency (EE) rose by 5%, and the Detritivory/Herbivory (D/H) ratio increased by 18.8%, with detritivory and herbivory reaching 1.5 times and 1.2 times their pre-OWF levels, respectively?","According to the documents, the Detritivory/Herbivory (D/H) ratio increased by 18.8%, with detritivory and herbivory reaching 1.5 times and 1.2 times their pre-OWF levels, respectively. However, the document does not mention the Ecosystem Efficiency (EE) rising by 5%."
39,8b,C,False,False,False,,ungrounded_hallucination,"According to the scientific literature: Specifically, Ecosystem Efficiency (EE) rose by 5%, and the Detritivory/Herbivory (D/H) ratio increased by 18.8%, with detritivory and herbivory reaching 1.5 times and 1.2 times their pre-OWF levels, respectively?","There is no information in the provided documents about Ecosystem Efficiency (EE) or the Detritivory/Herbivory (D/H) ratio increasing by specific percentages, or detritivory and herbivory reaching specific multiples of their pre-OWF levels."
39,8b,D,False,True,,,,"According to the scientific literature: Specifically, Ecosystem Efficiency (EE) rose by 5%, and the Detritivory/Herbivory (D/H) ratio increased by 18.8%, with detritivory and herbivory reaching 1.5 times and 1.2 times their pre-OWF levels, respectively?","According to the documents, the statement is incorrect. 

- Ecosystem Efficiency (EE) rose by 5% is not mentioned in the documents.
- The Detritivory/Herbivory (D/H) ratio actually decreased by 18.8%, not increased.
- Detritivory was divided by 1.5, not reached 1.5 times its pre-OWF level.
- Herbivory was divided by 1.2, not reached 1.2 times its pre-OWF level."
40,8b,A,False,True,,,,"According to the scientific literature: Wind wakes effects on primary production: Studies demonstrated that wind wakes from OWFs can lead to significant changes in primary production and oxygen levels in the North Sea, potentially impacting food web dynamics?","Yes, that's correct. Studies have shown that wind wakes from offshore wind farms (OWFs) can lead to changes in primary production and oxygen levels in the North Sea. 

Research has indicated that wind wakes can reduce water currents, which in turn can lead to increased phytoplankton growth due to reduced mixing and increased nutrient availability. However, this increased phytoplankton growth can also lead to reduced oxygen levels as the phytoplankton decompose.

These changes in primary production and oxygen levels can potentially impact food web dynamics, affecting the distribution and abundance of marine species that rely on these resources."
40,8b,B1,False,True,,,,"According to the scientific literature: Wind wakes effects on primary production: Studies demonstrated that wind wakes from OWFs can lead to significant changes in primary production and oxygen levels in the North Sea, potentially impacting food web dynamics?","According to the scientific literature, studies demonstrated that wind wakes from OWFs can lead to significant changes in primary production and oxygen levels in the North Sea. Specifically:

- Document 2 states that wind wakes in the North Sea provoke large-scale changes in annual primary production with local changes of up to ±10%.
- Document 3 mentions that the systematic modifications of stratification and currents alter the spatial pattern of ecosystem productivity, leading to changes in annual net primary production (netPP) in response to OWF wind wake effects.
- Document 5 states that wind wakes of large OWF clusters in the North Sea provoke large-scale changes in annual primary production with local changes (increase/decrease) of up to 10%.
- Document 2 also mentions that the model projects an increase in sediment carbon in deeper areas of the southern North Sea due to reduced current velocities, and decreased dissolved oxygen inside the wind wakes.

These changes in primary production and oxygen levels can potentially impact food web dynamics, as mentioned in Document 1."
40,8b,B2,False,True,,,,"According to the scientific literature: Wind wakes effects on primary production: Studies demonstrated that wind wakes from OWFs can lead to significant changes in primary production and oxygen levels in the North Sea, potentially impacting food web dynamics?","According to the scientific literature, studies demonstrated that wind wakes from Offshore Wind Farms (OWFs) can lead to significant changes in primary production and oxygen levels in the North Sea. 

Specifically, the documents state that:

- Wind wakes from OWFs can provoke large-scale changes in annual primary production with local changes of up to ±10% (Document 1).
- The model projects an increase in sediment carbon in deeper areas of the southern North Sea due to reduced current velocities, and decreased dissolved oxygen (Document 1).
- The systematic modifications of stratification and currents alter the spatial pattern of ecosystem productivity (Document 2).
- Annual net primary production (netPP) changes in response to OWF wind wake effects in the southern North Sea show both areas with a decrease and areas with an increase in netPP of up to 10% (Document 4).
- Reduced dissolved oxygen at the Oyster Grounds, where oxygen levels can occasionally fall below 3 mg l−1 (Document 3).

These changes can potentially impact food web dynamics, as mentioned in Document 5, where it is stated that further research on the combined effects of atmospheric wakes and anthropogenic mixing induced by the pile structures in the ocean is necessary, as this might counteract the stabilizing effect of the wind wakes."
40,8b,C,True,,,,abstention,"According to the scientific literature: Wind wakes effects on primary production: Studies demonstrated that wind wakes from OWFs can lead to significant changes in primary production and oxygen levels in the North Sea, potentially impacting food web dynamics?",The provided documents do not contain information about wind wakes effects on primary production in the North Sea.
40,8b,D,False,False,True,,grounded_but_wrong,"According to the scientific literature: Wind wakes effects on primary production: Studies demonstrated that wind wakes from OWFs can lead to significant changes in primary production and oxygen levels in the North Sea, potentially impacting food web dynamics?","No, the studies found that wind wakes from offshore wind farms have a negligible impact on primary production and oxygen levels in the North Sea, with no significant effects on food web dynamics."
41,8b,A,False,True,,,,"According to the scientific literature: Additionally, climate change amplifies these ecological shifts, impacting key commercial species such as sole (Solea solea), cod, and king scallops (Pecten maximus)?","According to the scientific literature, climate change is indeed affecting commercial species such as sole (Solea solea), cod, and king scallops (Pecten maximus). 

Research has shown that warming ocean temperatures and changes in ocean chemistry are impacting the distribution, abundance, and productivity of these species. For example:

- Solea solea: Climate change is altering the distribution and abundance of sole, with warmer waters potentially shifting their range northwards (e.g., [1]).
- Cod: Climate change is affecting cod populations, with warmer waters and changes in ocean circulation potentially impacting their distribution, growth rates, and productivity (e.g., [2]).
- Pecten maximus (king scallops): Climate change is altering the distribution and abundance of king scallops, with warmer waters and changes in ocean chemistry potentially impacting their growth rates and productivity (e.g., [3]).

These changes can have significant impacts on commercial fisheries and the ecosystem as a whole.

References:
[1] Pinnegar, J. K., et al. (2018). Climate change and the distribution of sole (Solea solea) in the North Sea. Marine Biology, 165(10), 1-14.
[2] Righton, D. A., et al. (2018). Climate change and the distribution of cod (Gadus morhua) in the North Sea. Marine Biology, 165(10), 1-14.
[3] Edwards, M., et al. (2018). Climate change and the distribution of king scallops (Pecten maximus) in the North Sea. Marine Biology, 165(10), 1-14.

Please note that the references provided are examples and may not be the most up-to-date or comprehensive sources on the topic."
41,8b,B1,False,True,,,,"According to the scientific literature: Additionally, climate change amplifies these ecological shifts, impacting key commercial species such as sole (Solea solea), cod, and king scallops (Pecten maximus)?","According to the documents, climate change impacts key commercial species such as:

- King scallops (Pecten maximus): Document 1 mentions that climate change (CC) potentially has a high impact on this species, resulting from the expected Northward drift of many cold-water species due to the expected increase in water temperature. Document 5 also shows a general northward displacement of the king scallop under the climate change scenario.

- Cod: Document 1 mentions that a similar decrease in king scallop catches was also observed in Bourdaud et al. (2020), but it is not explicitly stated that cod is impacted by climate change. However, Document 2 mentions that climate change can significantly impact marine ecosystems, leading to changes in physico-chemical properties and biological responses such as altered species physiology, distribution, growth, and community structure.

- Sole (Solea solea): There is no mention of sole in the provided documents."
41,8b,B2,False,False,True,False,retrieval_failure,"According to the scientific literature: Additionally, climate change amplifies these ecological shifts, impacting key commercial species such as sole (Solea solea), cod, and king scallops (Pecten maximus)?","There is no information in the provided documents about climate change amplifying ecological shifts and impacting key commercial species such as sole (Solea solea), cod, and king scallops (Pecten maximus)."
41,8b,C,False,True,,,,"According to the scientific literature: Additionally, climate change amplifies these ecological shifts, impacting key commercial species such as sole (Solea solea), cod, and king scallops (Pecten maximus)?","There is no information in the provided documents about climate change amplifying ecological shifts impacting commercial species such as sole (Solea solea), cod, and king scallops (Pecten maximus)."
41,8b,D,False,False,True,,grounded_but_wrong,"According to the scientific literature: Additionally, climate change amplifies these ecological shifts, impacting key commercial species such as sole (Solea solea), cod, and king scallops (Pecten maximus)?","There is no information in the provided documents about climate change amplifying ecological shifts, or its impact on key commercial species such as sole (Solea solea), cod, and king scallops (Pecten maximus)."
42,8b,A,False,True,,,,According to the scientific literature: It was estimated that changes in the spatial distribution patterns of Chl-a in the sea surface would follow the construction of OWF?,"According to the scientific literature, yes, it was estimated that changes in the spatial distribution patterns of Chlorophyll-a (Chl-a) in the sea surface would follow the construction of Offshore Wind Farms (OWFs). Studies have shown that OWFs can alter ocean currents, reduce wave energy, and increase light penetration, leading to changes in phytoplankton growth and distribution."
42,8b,B1,False,True,,,,According to the scientific literature: It was estimated that changes in the spatial distribution patterns of Chl-a in the sea surface would follow the construction of OWF?,"According to the documents, it was estimated that changes in the spatial distribution patterns of Chl-a in the sea surface would follow the construction of OWF. Specifically:

- Document 2 states: ""The construction of OWFs affected the spatial distribution pattern of Chl-a.""
- Document 5 states: ""The global Moran’s I results revealed that the spatial autocorrelation of Chl-a concentration increased after the construction of 37 out of the 38 OWFs.""
- Document 4 states: ""The construction of OWFs plays an important role in reducing carbon emissions, so there has been large-scale construction of OWFs in recent years. However, the development of OWFs has impacts on marine organisms, and the construction of OWFs changes the spatial distribution pattern of Chl-a, which may affect the original balance of local marine ecosystems.""

These statements suggest that changes in the spatial distribution patterns of Chl-a in the sea surface are likely to occur following the construction of OWFs."
42,8b,B2,False,True,,,,According to the scientific literature: It was estimated that changes in the spatial distribution patterns of Chl-a in the sea surface would follow the construction of OWF?,"According to the documents, it was estimated that changes in the spatial distribution patterns of Chl-a in the sea surface would follow the construction of OWF. Specifically:

- Document 2 states: ""The construction of OWFs affected the spatial distribution pattern of Chl-a.""
- Document 5 states: ""The global Moran’s I results revealed that the spatial autocorrelation of Chl-a concentration increased after the construction of 37 out of the 38 OWFs.""
- Document 4 states: ""The construction of OWFs plays an important role in reducing carbon emissions, so there has been large-scale construction of OWFs in recent years. However, the development of OWFs has impacts on marine organisms, and the construction of OWFs changes the spatial distribution pattern of Chl-a, which may affect the original balance of local marine ecosystems.""

These statements suggest that changes in the spatial distribution patterns of Chl-a in the sea surface are likely to occur following the construction of OWFs."
42,8b,C,True,,,,abstention,According to the scientific literature: It was estimated that changes in the spatial distribution patterns of Chl-a in the sea surface would follow the construction of OWF?,There is no information in the provided documents about the changes in the spatial distribution patterns of Chl-a (Chlorophyll-a) in the sea surface following the construction of Offshore Wind Farms (OWF).
42,8b,D,False,False,True,,grounded_but_wrong,According to the scientific literature: It was estimated that changes in the spatial distribution patterns of Chl-a in the sea surface would follow the construction of OWF?,"According to the documents, it was concluded that the construction of OWFs had no effect on the spatial distribution pattern of Chl-a."
43,8b,A,True,,,,abstention,"According to the scientific literature: These reported impacts vary spatially in the southern North Sea, with a predicted decrease in the centre of a large cluster of OWFs and areas with a predicted increase of up to 10% in net primary productivity?","I couldn't find a specific reference to support the exact statement. However, studies have shown that offshore wind farms (OWFs) can have varying impacts on marine ecosystems, including changes in net primary productivity.

Some research suggests that OWFs can lead to increased phytoplankton growth and productivity in areas with reduced water flow and increased nutrient availability, such as in the center of a cluster of turbines. This is often referred to as the ""focal area effect"" or ""turbine-induced upwelling"".

Other studies have reported increases in net primary productivity of up to 10% or more in areas with OWFs, although these findings are not universal and can depend on various factors, including water depth, turbine design, and local oceanography.

To provide a more accurate answer, I would need more specific information about the study or studies you are referring to."
43,8b,B1,False,True,,,,"According to the scientific literature: These reported impacts vary spatially in the southern North Sea, with a predicted decrease in the centre of a large cluster of OWFs and areas with a predicted increase of up to 10% in net primary productivity?","According to the documents, the reported impacts vary spatially in the southern North Sea, with a predicted decrease in the center of a large cluster of OWFs and areas with a predicted increase of up to 10% in net primary productivity."
43,8b,B2,False,True,,,,"According to the scientific literature: These reported impacts vary spatially in the southern North Sea, with a predicted decrease in the centre of a large cluster of OWFs and areas with a predicted increase of up to 10% in net primary productivity?","According to the documents, yes, that is correct. The reported impacts vary spatially in the southern North Sea, with a predicted decrease in the center of a large cluster of OWFs and areas with a predicted increase of up to 10% in net primary productivity. This is mentioned in Document 1, Document 2, and Document 3."
43,8b,C,True,,,,abstention,"According to the scientific literature: These reported impacts vary spatially in the southern North Sea, with a predicted decrease in the centre of a large cluster of OWFs and areas with a predicted increase of up to 10% in net primary productivity?","I couldn't find any information in the provided documents that directly answers the question about the spatial variation of impacts in the southern North Sea, specifically regarding a predicted decrease in the centre of a large cluster of OWFs and areas with a predicted increase of up to 10% in net primary productivity."
43,8b,D,False,False,True,,grounded_but_wrong,"According to the scientific literature: These reported impacts vary spatially in the southern North Sea, with a predicted decrease in the centre of a large cluster of OWFs and areas with a predicted increase of up to 10% in net primary productivity?","This is incorrect according to the provided documents. The reported impacts do not vary spatially in the way you described. Instead, the documents state that the impacts are uniform, with a predicted increase in the centre of large OWF clusters and areas with a predicted decrease of up to 10% in net primary productivity."
44,8b,A,False,True,,,,"According to the scientific literature: In the empirical study, however, no difference in light availability was observed in three of four transects, both within and outside of OWFs, with a 20% reduction in 1% photosynthetically active radiation depth observed in the fourth transect?","This statement suggests that in three out of four transects, there was no significant difference in light availability within and outside of offshore wind farms (OWFs). However, in the fourth transect, a 20% reduction in 1% photosynthetically active radiation (PAR) depth was observed."
44,8b,B1,True,,,,abstention,"According to the scientific literature: In the empirical study, however, no difference in light availability was observed in three of four transects, both within and outside of OWFs, with a 20% reduction in 1% photosynthetically active radiation depth observed in the fourth transect?",This information is not present in the provided documents.
44,8b,B2,True,,,,abstention,"According to the scientific literature: In the empirical study, however, no difference in light availability was observed in three of four transects, both within and outside of OWFs, with a 20% reduction in 1% photosynthetically active radiation depth observed in the fourth transect?","The answer is not explicitly stated in the provided documents. However, Document 1 mentions ""Our results conﬁrm changes in light availability (Supplementary Fig. 4c) in the subsurface, however, the pattern is strongly related to the pattern of change in primary production, which indicates a dominant effect of phytoplankton self-shading."" This suggests that changes in light availability were observed, but it does not provide information about the specific reduction in 1% photosynthetically active radiation depth mentioned in the question."
44,8b,C,True,,,,abstention,"According to the scientific literature: In the empirical study, however, no difference in light availability was observed in three of four transects, both within and outside of OWFs, with a 20% reduction in 1% photosynthetically active radiation depth observed in the fourth transect?",I couldn't find any information about light availability or photosynthetically active radiation depth in the provided documents.
44,8b,D,False,False,False,,ungrounded_hallucination,"According to the scientific literature: In the empirical study, however, no difference in light availability was observed in three of four transects, both within and outside of OWFs, with a 20% reduction in 1% photosynthetically active radiation depth observed in the fourth transect?","This statement is incorrect according to the provided documents. The documents state that a significant difference in light availability was observed in all four transects, with a substantial 20% increase in 1% photosynthetically active radiation depth observed in three of the transects, and a remarkable 50% increase in the fourth transect."
45,8b,A,False,True,,,,According to the scientific literature: Only one paper covered an assessment from 1980 to 2010 ; the remainder spanned the period from 2001 to 2021?,"I couldn't find any information that confirms the specific time period range you mentioned. However, I can tell you that the majority of studies on offshore wind farm environmental impacts have indeed focused on more recent periods, typically from 2001 onwards, due to the rapid growth of the offshore wind industry during this time."
45,8b,B1,True,,,,abstention,According to the scientific literature: Only one paper covered an assessment from 1980 to 2010 ; the remainder spanned the period from 2001 to 2021?,The answer cannot be determined based on the provided documents. The documents do not contain information about the time periods covered by the papers in the literature review.
45,8b,B2,True,,,,abstention,According to the scientific literature: Only one paper covered an assessment from 1980 to 2010 ; the remainder spanned the period from 2001 to 2021?,I do not have enough information to answer the question. The documents do not provide information about the time period covered by each paper.
45,8b,C,True,,,,abstention,According to the scientific literature: Only one paper covered an assessment from 1980 to 2010 ; the remainder spanned the period from 2001 to 2021?,"Based on the provided documents, I can only find information about the publication years of the papers, but not the exact time span of each paper. However, I can see that the earliest publication year mentioned is 2003 (Document 11 and Document 12) and the latest is 2023 (Document 5).

Document 5 (Luft et al., 2017) is from 2017, which is within the specified period of 2001 to 2021."
45,8b,D,False,True,,,,According to the scientific literature: Only one paper covered an assessment from 1980 to 2010 ; the remainder spanned the period from 2001 to 2021?,"No, that is incorrect. According to the documents, the majority of papers covered assessments from 1980 to 2010, while only a small fraction of the total spanned the years from 2001 to 2021."
46,8b,A,False,True,,,,According to the scientific literature: Scour protections on the seabed are suggested as the main cause of elevated SPM concentrations?,I couldn't find any information that suggests scour protections on the seabed as the main cause of elevated Suspended Particulate Matter (SPM) concentrations in the scientific literature.
46,8b,B1,False,True,,,,According to the scientific literature: Scour protections on the seabed are suggested as the main cause of elevated SPM concentrations?,"According to the documents, scour protections on the seabed are not suggested as the main cause of elevated SPM concentrations. Instead, the documents suggest that scour protections can be used to mitigate the effect of scour holes that can appear at the base of the foundation structures due to the water flow encountering the foundation structure."
46,8b,B2,False,True,,,,According to the scientific literature: Scour protections on the seabed are suggested as the main cause of elevated SPM concentrations?,"No, the documents do not suggest that scour protections on the seabed are the main cause of elevated SPM concentrations. 

According to Document 5, the long-term trends in macrobenthic bivalves do not support the view that navigation channel dredging is the primary agent responsible for larger SPM concentrations in the BPNS."
46,8b,C,False,True,,,,According to the scientific literature: Scour protections on the seabed are suggested as the main cause of elevated SPM concentrations?,There is no information in the provided documents about scour protections on the seabed being the main cause of elevated SPM concentrations.
46,8b,D,False,True,,,,According to the scientific literature: Scour protections on the seabed are suggested as the main cause of elevated SPM concentrations?,"According to the documents, scour protections on the seabed are actually associated with significantly reduced levels of suspended particulate matter (SPM), not elevated SPM concentrations."
47,8b,A,False,True,,,,"According to the scientific literature: Moreover, scour protections of OWF foundations appear to be highly relevant for colonisation of epibenthic communities and for preserving macrofauna after the end of life of OWFs?","According to the scientific literature, scour protections of offshore wind farm (OWF) foundations can indeed play a crucial role in facilitating the colonization of epibenthic communities and preserving macrofauna after the end of life of OWFs. 

Studies have shown that scour protections can provide a suitable substrate for the settlement of epibenthic organisms, such as mussels and other invertebrates, which can help to establish a diverse and resilient epibenthic community. Additionally, the presence of scour protections can help to reduce the impact of foundation removal on macrofauna, by providing a habitat for these organisms to recolonize and recover."
47,8b,B1,False,True,,,,"According to the scientific literature: Moreover, scour protections of OWF foundations appear to be highly relevant for colonisation of epibenthic communities and for preserving macrofauna after the end of life of OWFs?","According to the documents, scour protections of OWF foundations appear to be highly relevant for colonisation of epibenthic communities and for preserving macrofauna after the end of life of OWFs. Specifically:

- Document 2 states that the scour protection layer can host very high percentages of all species (up to 90.16%) and preserve many species unique to that section as well as a large proportion of epibenthic macrofauna biodiversity of the entire location.
- Document 5 states that leaving the scour protection layer in situ will preserve a considerable number of species.
- Document 4 mentions that the scour protection layer is one of the aspects that needs to be considered in the decommissioning process, but there is no clear consensus on whether it should be removed."
47,8b,B2,False,True,,,,"According to the scientific literature: Moreover, scour protections of OWF foundations appear to be highly relevant for colonisation of epibenthic communities and for preserving macrofauna after the end of life of OWFs?","According to the documents, scour protections of OWF foundations appear to be highly relevant for colonisation of epibenthic communities and for preserving macrofauna after the end of life of OWFs. Specifically:

- Document 2 states that the scour protection layer can host very high percentages of all species (up to 90.16%) and preserve many species unique to that section as well as a large proportion of epibenthic macrofauna biodiversity of the entire location.
- Document 5 states that leaving the scour protection layer in situ will preserve a considerable number of species.
- Document 4 mentions that the scour protection layer is one of the aspects that needs to be considered in the decommissioning process, but there is no clear consensus on whether it should be removed."
47,8b,C,True,,,,abstention,"According to the scientific literature: Moreover, scour protections of OWF foundations appear to be highly relevant for colonisation of epibenthic communities and for preserving macrofauna after the end of life of OWFs?",This answer cannot be determined based on the provided documents. The documents do not mention scour protections of OWF foundations and their relevance for colonisation of epibenthic communities and for preserving macrofauna after the end of life of OWFs.
47,8b,D,False,False,True,,grounded_but_wrong,"According to the scientific literature: Moreover, scour protections of OWF foundations appear to be highly relevant for colonisation of epibenthic communities and for preserving macrofauna after the end of life of OWFs?","According to the documents, scour protections of OWF foundations appear to be highly relevant for the eradication of epibenthic communities and for reducing macrofauna after the end of life of OWFs, not for colonisation of epibenthic communities and preserving macrofauna."
48,8b,A,False,True,,,,"According to the scientific literature: Conversely, however, surrounding OWF areas show a declining rate in both deposition and mineralisation processes, as well as carbon storage, indicating a spatial shift in benthic biogeochemical functioning due to the presence and future expansion of OWF developments (De Borger et al., 2021a)?","According to De Borger et al. (2021a), the presence and future expansion of Offshore Wind Farm (OWF) developments lead to a spatial shift in benthic biogeochemical functioning, resulting in a declining rate of deposition, mineralisation, and carbon storage in surrounding areas."
48,8b,B1,False,True,,,,"According to the scientific literature: Conversely, however, surrounding OWF areas show a declining rate in both deposition and mineralisation processes, as well as carbon storage, indicating a spatial shift in benthic biogeochemical functioning due to the presence and future expansion of OWF developments (De Borger et al., 2021a)?","According to the scientific literature, surrounding OWF areas show a declining rate in both deposition and mineralization processes, as well as carbon storage, indicating a spatial shift in benthic biogeochemical functioning due to the presence and future expansion of OWF developments (De Borger et al., 2021a)."
48,8b,B2,False,True,,,,"According to the scientific literature: Conversely, however, surrounding OWF areas show a declining rate in both deposition and mineralisation processes, as well as carbon storage, indicating a spatial shift in benthic biogeochemical functioning due to the presence and future expansion of OWF developments (De Borger et al., 2021a)?","According to the scientific literature, surrounding OWF areas show a declining rate in both deposition and mineralization processes, as well as carbon storage, indicating a spatial shift in benthic biogeochemical functioning due to the presence and future expansion of OWF developments (De Borger et al., 2021a)."
48,8b,C,True,,,,abstention,"According to the scientific literature: Conversely, however, surrounding OWF areas show a declining rate in both deposition and mineralisation processes, as well as carbon storage, indicating a spatial shift in benthic biogeochemical functioning due to the presence and future expansion of OWF developments (De Borger et al., 2021a)?","The answer is not explicitly stated in the provided documents. The documents mention the potential impacts of offshore wind farms (OWFs) on seabirds, marine mammals, and benthic biogeochemical functioning, but they do not provide information on the specific study by De Borger et al. (2021a) mentioned in the question."
48,8b,D,False,False,False,,ungrounded_hallucination,"According to the scientific literature: Conversely, however, surrounding OWF areas show a declining rate in both deposition and mineralisation processes, as well as carbon storage, indicating a spatial shift in benthic biogeochemical functioning due to the presence and future expansion of OWF developments (De Borger et al., 2021a)?","No, the provided documents do not support this statement. According to Document 1, rates of oxic mineralization, denitriﬁcation, and anoxic mineralization as well as the carbon storage all increased in sediments surrounding the OWFs."
49,8b,A,False,True,,,,"According to the scientific literature: While immediate OWF areas may act as temporary carbon sinks on permeable sediments, activities such as construction, dredging, bottom trawling and decommissioning can lead to sediment disturbance and re-release of stored carbon (De Borger et al., 2021a)?","According to De Borger et al. (2021a), yes, that is correct. The immediate OWF (Offshore Wind Farm) areas can act as temporary carbon sinks on permeable sediments, but activities such as construction, dredging, bottom trawling, and decommissioning can lead to sediment disturbance and re-release of stored carbon."
49,8b,B1,False,True,,,,"According to the scientific literature: While immediate OWF areas may act as temporary carbon sinks on permeable sediments, activities such as construction, dredging, bottom trawling and decommissioning can lead to sediment disturbance and re-release of stored carbon (De Borger et al., 2021a)?","According to the scientific literature, yes, activities such as construction, decommissioning, and sediment-disturbing activities can lead to sediment disturbance and re-release of stored carbon."
49,8b,B2,False,True,,,,"According to the scientific literature: While immediate OWF areas may act as temporary carbon sinks on permeable sediments, activities such as construction, dredging, bottom trawling and decommissioning can lead to sediment disturbance and re-release of stored carbon (De Borger et al., 2021a)?","According to Document 1, bottom trawling will resuspend sediments, likely lowering the build-up of OM (organic matter) as presented. Additionally, decommissioning activities can trigger the release of accumulated carbon to the water column."
49,8b,C,True,,,,abstention,"According to the scientific literature: While immediate OWF areas may act as temporary carbon sinks on permeable sediments, activities such as construction, dredging, bottom trawling and decommissioning can lead to sediment disturbance and re-release of stored carbon (De Borger et al., 2021a)?","This question is not directly answered by the provided documents. The documents mention the impact of human activities at sea, such as dredge disposal, fishing activities, and offshore wind farms, on marine litter, but do not provide information on the effect of these activities on sediment carbon storage or release."
49,8b,D,False,False,True,,grounded_but_wrong,"According to the scientific literature: While immediate OWF areas may act as temporary carbon sinks on permeable sediments, activities such as construction, dredging, bottom trawling and decommissioning can lead to sediment disturbance and re-release of stored carbon (De Borger et al., 2021a)?","According to the provided documents, there is no information about OWFs acting as temporary carbon sinks on permeable sediments. However, it is mentioned that OWFs installed on permeable sediments can become local sources for carbon, increasing the total amount of reactive carbon released from the upper 10 cm of the sediment."
50,8b,A,True,,,,abstention,"According to the scientific literature: The effect of bottom trawling bans (500 m) on the seabed after construction shows no spill-over effects on short-term studies, and no long-term effects (reversion of effects) if fisheries come back afterwards?","I couldn't find any conclusive evidence in the scientific literature that supports the statement about the effects of bottom trawling bans (500 m) on the seabed after offshore wind farm construction. However, some studies suggest that:

- Short-term studies may not capture the full extent of the impacts due to the time required for recovery.
- Reversion of effects after fisheries return may be influenced by various factors, including the type of fishing gear, fishing intensity, and the duration of the fishing ban.

It's essential to note that the effects of bottom trawling bans on the seabed can be complex and influenced by multiple factors. More research is needed to fully understand the impacts and potential long-term effects.

Some relevant studies suggest that:

- A study by (Hiddink et al., 2017) found that the effects of bottom trawling on the seabed can persist for several years after the cessation of trawling.
- Another study by (Kaiser et al., 2006) found that the recovery of benthic communities after trawling cessation can be influenced by the duration of the ban and the type of fishing gear used.

In summary, while some studies suggest that the effects of bottom trawling bans may not be immediately apparent, it's unclear whether there are no long-term effects or reversion of effects if fisheries come back afterwards. More research is needed to fully understand the impacts of bottom trawling bans on the seabed.

References:
Hiddink, J. G., Jennings, S., Sciberras, A., Szostek, C. L., Jenkins, C., Katsanevas, A., ... & Kaiser, M. J. (2017). Impacts of bottom trawling on seabed habitats: A systematic review. ICES Journal of Marine Science, 74(4), 1039-1051.

Kaiser, M. J., Edwards-Jones, G., & Raffaelli, D. (2006). Marine ecosystem changes in the North Sea: 1950s to the present. Marine Pollution Bulletin, 53(1-4), 5-17."
50,8b,B1,True,,,,abstention,"According to the scientific literature: The effect of bottom trawling bans (500 m) on the seabed after construction shows no spill-over effects on short-term studies, and no long-term effects (reversion of effects) if fisheries come back afterwards?","The documents do not explicitly state the effect of bottom trawling bans (500 m) on the seabed after construction, including spill-over effects on short-term studies and long-term effects (reversion of effects) if fisheries come back afterwards."
50,8b,B2,True,,,,abstention,"According to the scientific literature: The effect of bottom trawling bans (500 m) on the seabed after construction shows no spill-over effects on short-term studies, and no long-term effects (reversion of effects) if fisheries come back afterwards?","The provided documents do not contain information about the effects of bottom trawling bans (500 m) on the seabed after construction, including spill-over effects on short-term studies and long-term effects (reversion of effects) if fisheries come back afterwards."
50,8b,C,True,,,,abstention,"According to the scientific literature: The effect of bottom trawling bans (500 m) on the seabed after construction shows no spill-over effects on short-term studies, and no long-term effects (reversion of effects) if fisheries come back afterwards?","The documents do not explicitly mention the effect of bottom trawling bans (500 m) on the seabed after construction, nor do they discuss the long-term effects of such bans if fisheries come back afterwards."
50,8b,D,False,False,False,,ungrounded_hallucination,"According to the scientific literature: The effect of bottom trawling bans (500 m) on the seabed after construction shows no spill-over effects on short-term studies, and no long-term effects (reversion of effects) if fisheries come back afterwards?","No, the answer is not supported by the provided documents. The documents actually state that the effect of bottom trawling bans (500 m) on the seabed after construction shows significant spill-over effects on short-term studies, and long-term positive effects if fisheries come back afterwards."
51,8b,A,False,True,,,,"According to the scientific literature: Moreover, standardised procedures and long-term surveys for monitoring programmes and dismantling remain to be developed (De Borger et al., 2021b; Spielmann et al., 2023)?","According to the scientific literature, it appears that there is a need for further development of standardized procedures and long-term surveys for monitoring programs and dismantling of offshore wind farms, as mentioned in the studies by De Borger et al. (2021b) and Spielmann et al. (2023)."
51,8b,B1,True,,,,abstention,"According to the scientific literature: Moreover, standardised procedures and long-term surveys for monitoring programmes and dismantling remain to be developed (De Borger et al., 2021b; Spielmann et al., 2023)?","This answer cannot be determined based on the provided documents, as the specific information about De Borger et al. (2021b) and Spielmann et al. (2023) is not present in the documents."
51,8b,B2,False,True,,,,"According to the scientific literature: Moreover, standardised procedures and long-term surveys for monitoring programmes and dismantling remain to be developed (De Borger et al., 2021b; Spielmann et al., 2023)?","According to Document 1 (Spielmann et al., 2023) and Document 5 (Eckardt et al., 2022), the answer is:

Yes, according to the scientific literature, standardised procedures and long-term surveys for monitoring programmes and dismantling remain to be developed (Spielmann et al., 2023)."
51,8b,C,True,,,,abstention,"According to the scientific literature: Moreover, standardised procedures and long-term surveys for monitoring programmes and dismantling remain to be developed (De Borger et al., 2021b; Spielmann et al., 2023)?",The answer is not explicitly stated in the provided documents.
51,8b,D,False,False,False,,ungrounded_hallucination,"According to the scientific literature: Moreover, standardised procedures and long-term surveys for monitoring programmes and dismantling remain to be developed (De Borger et al., 2021b; Spielmann et al., 2023)?","This statement is incorrect according to the provided document. It states that ""monitoring programmes uniformly adhere to standardised procedures across European countries"" and that ""programmes for investigations of the foundation structure near the seabed and the scour protection towards the end of the operational life are already well-established."""
52,8b,A,False,True,,,,"According to the scientific literature: For SPM plume dynamics, considering the rapid expansion of OWFs, further studies on the wider-scale impacts of artificial hard substrates are needed?","Yes, that's correct. According to the scientific literature, the rapid expansion of Offshore Wind Farms (OWFs) has raised concerns about the potential impacts of artificial hard substrates on Sediment Plume (SPM) dynamics. Studies have shown that OWFs can alter local hydrodynamics, sediment transport, and benthic habitats, which may have cascading effects on marine ecosystems.

Further research is indeed needed to understand the wider-scale impacts of OWFs on SPM dynamics, including the effects on sedimentation patterns, benthic communities, and coastal erosion/sedimentation processes. This knowledge will help inform the development of more sustainable and environmentally friendly OWF designs and operations."
52,8b,B1,False,True,,,,"According to the scientific literature: For SPM plume dynamics, considering the rapid expansion of OWFs, further studies on the wider-scale impacts of artificial hard substrates are needed?","According to Document 2, suspended particulate matter (SPM) plumes are associated with the wakes of single turbines and their tidal stream and direction change with the tide cycle. Document 2 also states that the duration of the plumes differs with the tidal cycle and seasonality, but they are persistent.

Document 4 mentions that the hydrodynamic effects and related impacts on turbulence and mixing have not received nearly as much attention, and a closely related study was recently carried out by Rennau et al. [18] with respect to wind farm development in the Baltic Sea.

Document 5 mentions that remote sensing and modelling studies have shown that large, turbid wakes are present downstream of individual turbines, which may extend for over 1km.

Document 1 mentions that the study focuses on the physical effects of OWFs, including shifts in residual sediment fluxes and changes to established depositional patterns, and that the results highlight how OWFs can modify fine-grained sediment including particulate organic carbon distribution on the surface of the seabed.

Considering the rapid expansion of OWFs, the answer is: Yes, further studies on the wider-scale impacts of artificial hard substrates are needed, as mentioned in Document 1, and also as implied by the lack of attention given to hydrodynamic effects and related impacts on turbulence and mixing in Document 4."
52,8b,B2,True,,,,abstention,"According to the scientific literature: For SPM plume dynamics, considering the rapid expansion of OWFs, further studies on the wider-scale impacts of artificial hard substrates are needed?","This question is not directly answered in the provided documents. However, Document 3 mentions that the data suggest that for the generation of very high SPM concentrations near the bed, significant amounts of fine-grained sediments are required, which can be resuspended from the very soft mud deposits in the navigation channels and adjacent areas. This implies that artificial hard substrates, such as those from offshore wind farms (OWFs), could potentially influence SPM plume dynamics by altering the local sediment environment."
52,8b,C,True,,,,abstention,"According to the scientific literature: For SPM plume dynamics, considering the rapid expansion of OWFs, further studies on the wider-scale impacts of artificial hard substrates are needed?",The provided documents do not contain information about SPM (Suspended Particulate Matter) plume dynamics or the wider-scale impacts of artificial hard substrates.
52,8b,D,False,False,False,,ungrounded_hallucination,"According to the scientific literature: For SPM plume dynamics, considering the rapid expansion of OWFs, further studies on the wider-scale impacts of artificial hard substrates are needed?","No, according to the provided documents, the presence of Offshore Wind Farms (OWFs) has been found to have a stabilizing effect on the sediment, reducing the need for further studies on the wider-scale impacts of artificial hard substrates on SPM plume dynamics."
53,8b,A,False,True,,,,"According to the scientific literature: OWF arrays suppress downstream tidal currents by 5–15%, disrupting natural sediment transport and increasing the risk of erosion, and divert lateral flows by up to 10%, redistributing sediment patterns?","That statement is consistent with the scientific literature on the environmental impacts of offshore wind farms (OWFs). Studies have shown that OWF arrays can indeed suppress downstream tidal currents by 5-15% and divert lateral flows by up to 10%, which can disrupt natural sediment transport and alter sediment patterns."
53,8b,B1,False,False,False,False,retrieval_failure,"According to the scientific literature: OWF arrays suppress downstream tidal currents by 5–15%, disrupting natural sediment transport and increasing the risk of erosion, and divert lateral flows by up to 10%, redistributing sediment patterns?","The documents do not explicitly state that OWF arrays suppress downstream tidal currents by 5–15%, disrupting natural sediment transport and increasing the risk of erosion, and divert lateral flows by up to 10%, redistributing sediment patterns. However, Document 2 mentions that OWFs can modify fine-grained sediment, including particulate organic carbon distribution on the surface of the seabed and affect connectivity between offshore and coastal environments. Document 5 mentions that the alteration of the seawater's vertical density stratification is a significant environmental issue potentially caused by OWFs, and that strong vertical mixing and internal wave generation close to the bridge pylons were observed in a large-scale, in situ experiment."
53,8b,B2,False,True,,,,"According to the scientific literature: OWF arrays suppress downstream tidal currents by 5–15%, disrupting natural sediment transport and increasing the risk of erosion, and divert lateral flows by up to 10%, redistributing sediment patterns?","The documents do not explicitly mention OWF arrays suppressing downstream tidal currents by 5–15%, disrupting natural sediment transport and increasing the risk of erosion, and diverting lateral flows by up to 10%, redistributing sediment patterns."
53,8b,C,False,True,,,,"According to the scientific literature: OWF arrays suppress downstream tidal currents by 5–15%, disrupting natural sediment transport and increasing the risk of erosion, and divert lateral flows by up to 10%, redistributing sediment patterns?","The documents do not contain information about OWF arrays suppressing downstream tidal currents by 5–15%, disrupting natural sediment transport and increasing the risk of erosion, and diverting lateral flows by up to 10%, redistributing sediment patterns."
53,8b,D,False,False,False,,ungrounded_hallucination,"According to the scientific literature: OWF arrays suppress downstream tidal currents by 5–15%, disrupting natural sediment transport and increasing the risk of erosion, and divert lateral flows by up to 10%, redistributing sediment patterns?","This statement is incorrect according to the scientific literature. The documents state that OWF arrays actually enhance downstream tidal currents by 5-15%, thereby augmenting natural sediment transport and reducing the risk of erosion, and divert lateral flows by up to 10% less than previously thought, resulting in a more stable sediment pattern."
54,8b,A,False,True,,,,According to the scientific literature: Wave refraction focuses on sensitive habitats such as salt marshes?,"According to the scientific literature, wave refraction can indeed impact sensitive habitats such as salt marshes. Wave refraction is the bending of waves as they approach a coastline or a structure, and it can lead to increased wave energy and sediment transport in certain areas. This can be particularly problematic for salt marshes, which are sensitive to changes in water levels, sedimentation, and erosion. Research has shown that wave refraction can alter the hydrodynamics and sediment dynamics in these areas, potentially leading to marsh loss or degradation."
54,8b,B1,False,True,,,,According to the scientific literature: Wave refraction focuses on sensitive habitats such as salt marshes?,The documents do not mention wave refraction focusing on sensitive habitats such as salt marshes.
54,8b,B2,False,True,,,,According to the scientific literature: Wave refraction focuses on sensitive habitats such as salt marshes?,There is no information in the provided documents about wave refraction focusing on sensitive habitats such as salt marshes.
54,8b,C,False,True,,,,According to the scientific literature: Wave refraction focuses on sensitive habitats such as salt marshes?,There is no information in the provided documents about wave refraction focusing on sensitive habitats such as salt marshes.
54,8b,D,True,,,,abstention,According to the scientific literature: Wave refraction focuses on sensitive habitats such as salt marshes?,The documents do not contain information about the impact of wave refraction on sensitive habitats such as salt marshes.
55,8b,A,False,True,,,,"According to the scientific literature: In stratified waters, turbulence generated by turbines can disrupt thermal stratification, decreasing vertical temperature gradients by 8–12% and altering nutrient cycling, which can lead to increased hy - poxia?","That statement is consistent with the scientific literature. Turbulence generated by offshore wind turbines can indeed disrupt thermal stratification in stratified waters, leading to a decrease in vertical temperature gradients. This disruption can have cascading effects on nutrient cycling and potentially lead to increased hypoxia."
55,8b,B1,True,,,,abstention,"According to the scientific literature: In stratified waters, turbulence generated by turbines can disrupt thermal stratification, decreasing vertical temperature gradients by 8–12% and altering nutrient cycling, which can lead to increased hy - poxia?","The documents do not explicitly state that turbulence generated by turbines can disrupt thermal stratification, decreasing vertical temperature gradients by 8–12% and altering nutrient cycling, which can lead to increased hypoxia. However, Document 3 mentions that increased vertical turbulent exchange of matter in stratified flow can lead to downstream reduction in stratification, and Document 4 states that larger scale effects of OWFs can alter the stratification, which is on average 1–2 m shallower in and around the OWF clusters."
55,8b,B2,True,,,,abstention,"According to the scientific literature: In stratified waters, turbulence generated by turbines can disrupt thermal stratification, decreasing vertical temperature gradients by 8–12% and altering nutrient cycling, which can lead to increased hy - poxia?","The documents do not explicitly state that turbulence generated by turbines can disrupt thermal stratification, decreasing vertical temperature gradients by 8–12% and altering nutrient cycling, which can lead to increased hypoxia. However, Document 4 mentions that the reduction of mixing at offshore wind farms results in the enhancement of the stratification strength, in particular, during the decline of the summer stratification. This can lead to changes in the mixed layer depth, which might be crucial for marine ecosystem processes (Sverdrup, 1953)."
55,8b,C,False,True,,,,"According to the scientific literature: In stratified waters, turbulence generated by turbines can disrupt thermal stratification, decreasing vertical temperature gradients by 8–12% and altering nutrient cycling, which can lead to increased hy - poxia?","There is no information in the provided documents about the effects of offshore wind farms on stratified waters, turbulence, thermal stratification, vertical temperature gradients, or nutrient cycling. The documents primarily discuss marine litter, its sources, and its distribution in the North Sea and Celtic Seas."
55,8b,D,False,False,False,,ungrounded_hallucination,"According to the scientific literature: In stratified waters, turbulence generated by turbines can disrupt thermal stratification, decreasing vertical temperature gradients by 8–12% and altering nutrient cycling, which can lead to increased hy - poxia?","No, the documents do not support this statement. According to the documents, in stratified waters, turbulence generated by turbines can actually enhance thermal stratification, increasing vertical temperature gradients by 8-12%."
56,8b,A,False,False,,,parametric_error,"According to the scientific literature: Residual currents can be reduced by as much as 15% through the collective wake effects of several farms, thereby hindering natural sediment and contaminant dispersal?","According to the scientific literature, the collective wake effects of several offshore wind farms can indeed reduce residual currents. However, the specific reduction of 15% is not a widely cited or universally accepted figure.

Studies have shown that the collective wake effects of multiple wind farms can lead to a reduction in residual currents, which in turn can affect sediment and contaminant dispersal. For example, a study published in the Journal of Fluid Mechanics found that the wake effects of multiple wind farms can lead to a reduction in residual currents of up to 10-20% (e.g., [1]).

Another study published in the journal Renewable Energy found that the collective wake effects of multiple wind farms can lead to a reduction in residual currents, which can in turn affect sediment transport and contaminant dispersal (e.g., [2]).

However, it's worth noting that the exact magnitude of the reduction in residual currents due to the collective wake effects of multiple wind farms can vary depending on several factors, including the layout and spacing of the wind farms, the water depth, and the wind and current conditions.

References:

[1] Barthelmie, R. J., et al. (2010). Quantifying the impact of wind farm wakes on wind turbine performance. Journal of Fluid Mechanics, 666, 65-94.

[2] Neill, S. P., et al. (2017). The impact of offshore wind farms on ocean currents and sediment transport. Renewable Energy, 114, 1231-1243.

Please note that the scientific literature is constantly evolving, and new studies may provide more accurate or up-to-date information on this topic."
56,8b,B1,False,True,,,,"According to the scientific literature: Residual currents can be reduced by as much as 15% through the collective wake effects of several farms, thereby hindering natural sediment and contaminant dispersal?","According to Document 3, the superposition of wake effects leads to reductions in mean surface velocity of 5 − 15% on average, corresponding to local changes of around 0.005− 0.010 m s−1."
56,8b,B2,False,True,,,,"According to the scientific literature: Residual currents can be reduced by as much as 15% through the collective wake effects of several farms, thereby hindering natural sediment and contaminant dispersal?","According to Document 5, yes, residual currents can be reduced by as much as 15% through the collective wake effects of several farms, thereby hindering natural sediment and contaminant dispersal. This is stated as: ""which can locally reach up to 0.0087 m s−1 at the OWFs at Dogger Bank and 0.0091 m s −1 in the seasonally stratiﬁed reach of the German Bight (Fig. 1b). In both of these areas this means a reduction of 15% of the prevailing residual current."""
56,8b,C,True,,,,abstention,"According to the scientific literature: Residual currents can be reduced by as much as 15% through the collective wake effects of several farms, thereby hindering natural sediment and contaminant dispersal?",There is no information in the provided documents about residual currents or their reduction through the collective wake effects of several farms.
56,8b,D,False,False,False,,ungrounded_hallucination,"According to the scientific literature: Residual currents can be reduced by as much as 15% through the collective wake effects of several farms, thereby hindering natural sediment and contaminant dispersal?","This answer cannot be provided based on the documents. The documents state that residual currents can be increased by as much as 15% through the collective wake effects of several farms, not reduced."
57,8b,A,False,True,,,,"According to the scientific literature: Sea - bed trawling disturbs sediment, thus increasing turbidity caused by OWF construction activities?","Yes, that's correct. According to scientific literature, sea-bed trawling can lead to increased sediment disturbance and turbidity, which can be exacerbated by offshore wind farm (OWF) construction activities. This is because both trawling and OWF construction can disrupt the seafloor, causing sediment to be resuspended and increasing water turbidity."
57,8b,B1,False,True,,,,"According to the scientific literature: Sea - bed trawling disturbs sediment, thus increasing turbidity caused by OWF construction activities?","The documents do not mention sea-bed trawling as a disturbance that increases turbidity caused by OWF construction activities. However, Document 1 mentions that the development of scour pits at the base of OWF foundations, particularly in sandy sediments, provides further evidence that their presence affects sediment transport, and that transport of sediment away from the area has been shown to occur."
57,8b,B2,True,,,,abstention,"According to the scientific literature: Sea - bed trawling disturbs sediment, thus increasing turbidity caused by OWF construction activities?",The documents do not mention the disturbance of sediment by sea-bed trawling or the increase in turbidity caused by OWF construction activities.
57,8b,C,False,True,,,,"According to the scientific literature: Sea - bed trawling disturbs sediment, thus increasing turbidity caused by OWF construction activities?",There is no information in the provided documents about the effects of sea-bed trawling on sediment or turbidity caused by OWF construction activities.
57,8b,D,False,False,False,,ungrounded_hallucination,"According to the scientific literature: Sea - bed trawling disturbs sediment, thus increasing turbidity caused by OWF construction activities?","No, according to the document, sea-bed trawling has a stabilizing effect on sediment, thereby decreasing turbidity caused by OWF construction activities."
58,8b,A,False,True,,,,"According to the scientific literature: Climate change increases coastal erosion due to sea level rise and stronger storms, a risk that is amplified when sea level rise impairs OWF-induced wave atten - uation, thereby reducing sediment replenishment?","According to the scientific literature, climate change does indeed increase coastal erosion due to sea level rise and stronger storms. Additionally, research suggests that offshore wind farms (OWFs) can have a mitigating effect on coastal erosion through wave attenuation, which can lead to increased sediment replenishment.

However, studies have also shown that sea level rise can impair OWF-induced wave attenuation, thereby reducing sediment replenishment and potentially exacerbating coastal erosion. This is because as sea levels rise, the water depth increases, which can reduce the effectiveness of OWFs in attenuating waves.

A study published in the Journal of Coastal Research found that OWFs can reduce wave heights by up to 20%, but this effect is reduced as sea levels rise. Another study published in the journal Coastal Engineering found that sea level rise can lead to a decrease in wave attenuation by OWFs, resulting in increased coastal erosion.

Therefore, the statement is supported by the scientific literature, and it highlights the complex interactions between climate change, sea level rise, and OWF-induced wave attenuation."
58,8b,B1,False,False,False,True,ungrounded_hallucination,"According to the scientific literature: Climate change increases coastal erosion due to sea level rise and stronger storms, a risk that is amplified when sea level rise impairs OWF-induced wave atten - uation, thereby reducing sediment replenishment?","According to the documents, climate change increases coastal erosion due to sea level rise. However, the documents do not explicitly mention the impact of sea level rise on OWF-induced wave attenuation and sediment replenishment. 

Document 1 mentions that a considerable reduction of sea ice increases erosion rates at soft shores, and Document 2 states that mean sea-level rise will increase the amplitude of sea level peaks during storm events. Document 4 mentions that sea level rise may have consequences for the frequency of certain coastal effects as well as their intensity, but it does not specifically mention OWF-induced wave attenuation and sediment replenishment."
58,8b,B2,True,,,,abstention,"According to the scientific literature: Climate change increases coastal erosion due to sea level rise and stronger storms, a risk that is amplified when sea level rise impairs OWF-induced wave atten - uation, thereby reducing sediment replenishment?","The provided documents do not explicitly mention the relationship between climate change, sea level rise, stronger storms, and the impact of offshore wind farms (OWFs) on coastal erosion and sediment replenishment."
58,8b,C,True,,,,abstention,"According to the scientific literature: Climate change increases coastal erosion due to sea level rise and stronger storms, a risk that is amplified when sea level rise impairs OWF-induced wave atten - uation, thereby reducing sediment replenishment?","The provided documents do not contain information about climate change increasing coastal erosion due to sea level rise and stronger storms, nor do they discuss the impact of OWF-induced wave attenuation on sediment replenishment."
58,8b,D,False,False,False,,ungrounded_hallucination,"According to the scientific literature: Climate change increases coastal erosion due to sea level rise and stronger storms, a risk that is amplified when sea level rise impairs OWF-induced wave atten - uation, thereby reducing sediment replenishment?","No, the provided documents do not support this statement. In fact, the opposite is mentioned: climate change is expected to reduce coastal erosion risk due to decreased sea level rise and weaker storms."
59,8b,A,False,True,,,,"According to the scientific literature: Monopile turbines are included in 80% of the studies using numerical models or measured in rather short time frames, severely limiting the validation of long-term effects (Van Berkel et al., 2020)?","According to Van Berkel et al. (2020), monopile turbines are indeed included in approximately 80% of the studies using numerical models or measured in short time frames, which can limit the validation of long-term effects."
59,8b,B1,True,,,,abstention,"According to the scientific literature: Monopile turbines are included in 80% of the studies using numerical models or measured in rather short time frames, severely limiting the validation of long-term effects (Van Berkel et al., 2020)?","The answer cannot be determined based on the provided documents, as there is no mention of Van Berkel et al. (2020) or the specific statement regarding 80% of the studies using numerical models or measured in rather short time frames."
59,8b,B2,True,,,,abstention,"According to the scientific literature: Monopile turbines are included in 80% of the studies using numerical models or measured in rather short time frames, severely limiting the validation of long-term effects (Van Berkel et al., 2020)?","The answer cannot be determined based on the provided documents, as there is no mention of Van Berkel et al. (2020) or any information about the specific studies or their methodologies."
59,8b,C,True,,,,abstention,"According to the scientific literature: Monopile turbines are included in 80% of the studies using numerical models or measured in rather short time frames, severely limiting the validation of long-term effects (Van Berkel et al., 2020)?",The answer is not explicitly stated in the provided documents.
59,8b,D,True,,,,abstention,"According to the scientific literature: Monopile turbines are included in 80% of the studies using numerical models or measured in rather short time frames, severely limiting the validation of long-term effects (Van Berkel et al., 2020)?",This information is not present in the provided documents.
60,8b,A,False,True,,,,"According to the scientific literature: Ecologically, few studies trace hydrographic changes through food webs, and while stratification perturbations may alter zooplankton distributions, their links to fish stocks remain unexplored?","According to the scientific literature, you are correct that there is a knowledge gap in understanding the links between stratification perturbations, zooplankton distributions, and fish stocks in offshore wind farm environments."
60,8b,B1,False,True,,,,"According to the scientific literature: Ecologically, few studies trace hydrographic changes through food webs, and while stratification perturbations may alter zooplankton distributions, their links to fish stocks remain unexplored?","According to the documents, it is stated that:

* Changes in hydrodynamic regimes could affect the nutrient supply to the euphotic layer and change its spatial pattern, with important knock-on effects for primary and secondary production (Document 1).
* The focus on documenting distributional changes of few species does not necessarily scale to predictions about ecosystem-wide effects in shelf seas, an inherently complex system (Document 1).
* It is unclear how thermocline doming may affect vital rates of local larvae/fish (mortality, growth, cost of responding) (Document 3).
* The formation of more stable links between trophic interactions in the vicinity of OWFs with certainty requires biomass data on the various compartments that make up the OWF food web, which is sparse (Document 4).
* The links to fish stocks remain unexplored, as indicated by the fact that no significant changes in the abundance or distribution patterns of pelagic and demersal fish were found in acoustic surveys (Document 3).

Therefore, it can be concluded that ecologically, few studies trace hydrographic changes through food webs, and while stratification perturbations may alter zooplankton distributions, their links to fish stocks remain unexplored."
60,8b,B2,False,True,,,,"According to the scientific literature: Ecologically, few studies trace hydrographic changes through food webs, and while stratification perturbations may alter zooplankton distributions, their links to fish stocks remain unexplored?","According to the documents, the links to fish stocks remain unexplored."
60,8b,C,True,,,,abstention,"According to the scientific literature: Ecologically, few studies trace hydrographic changes through food webs, and while stratification perturbations may alter zooplankton distributions, their links to fish stocks remain unexplored?","The provided documents do not contain information about hydrographic changes through food webs, zooplankton distributions, or links to fish stocks."
60,8b,D,False,False,True,,grounded_but_wrong,"According to the scientific literature: Ecologically, few studies trace hydrographic changes through food webs, and while stratification perturbations may alter zooplankton distributions, their links to fish stocks remain unexplored?","This is not an accurate representation of the scientific literature according to the provided document. The document actually states that numerous studies thoroughly examine hydrographic changes through food webs, and the connections between stratification changes and fish populations are well-established and widely explored."
61,8b,A,False,True,,,,"According to the scientific literature: No impact on swim speed nor turning behaviour, but larvae appear to swim towards the source?","That statement appears to be referring to the effects of offshore wind farm noise on marine animals, specifically fish larvae. 

According to a study published in the journal 'Current Biology' in 2014, it was found that cod larvae did not exhibit any changes in swim speed or turning behavior in response to offshore wind farm noise. However, the larvae did appear to be attracted to the noise source."
61,8b,B1,False,True,,,,"According to the scientific literature: No impact on swim speed nor turning behaviour, but larvae appear to swim towards the source?","According to the documents, there is no impact on swim speed nor turning behavior of the larvae. However, the larvae appear to swim towards the sound source. 

Document 5 states: ""Thus, the orientation of cod larvae toward the sound source is likely a response to them detecting the low-frequency sound pressure and particle motion produced by the sound projector."" 

This suggests that the larvae are attracted to the sound source, but there is no mention of any impact on swim speed or turning behavior."
61,8b,B2,False,True,,,,"According to the scientific literature: No impact on swim speed nor turning behaviour, but larvae appear to swim towards the source?","According to the documents, there is no impact on swim speed nor turning behavior of the cod larvae. However, the larvae appear to swim towards the source of the sound. 

Document 1 states that the larvae displayed the same turning behavior and maximum speed between the Control and Exposed groups. 

Document 2 suggests that the orientation of cod larvae towards the sound source is likely a response to detecting the low-frequency sound pressure and particle motion produced by the sound projector. 

Document 4 also mentions that during the dispersal phase of their life history, some fish larvae are capable of using sound in the low-frequency domain for orientation towards suitable habitat and settlement areas. 

Document 3 provides further evidence that the Exposed larvae displayed a common orientation direction towards the direction of the sound projector."
61,8b,C,True,,,,abstention,"According to the scientific literature: No impact on swim speed nor turning behaviour, but larvae appear to swim towards the source?","I couldn't find any information in the provided documents that directly answers the question about the impact on swim speed, turning behavior, and larvae swimming towards the source. The documents discuss the potential effects of offshore wind farms on fish populations, including changes in abundance and distribution, but do not provide information on specific behavioral changes such as swim speed or turning behavior."
61,8b,D,False,True,,,,"According to the scientific literature: No impact on swim speed nor turning behaviour, but larvae appear to swim towards the source?","According to the documents, the statement is partially correct. 

The documents state that there was no significant difference in swim speed between the Control and Exposed groups (maximum speed of 8.25 (9.10) cm/s). However, the turning behavior did differ between the groups, with the frequency distribution of the average turning angles differing significantly between the Control and Exposed groups.

Regarding the orientation, the documents state that in the Control group, larvae oriented away from the source, while in the Exposed group, larvae oriented towards the southeast."
62,8b,A,False,True,,,,"According to the scientific literature: Among the most common pressures, fishing and OWF effects have been investigated, especially the redistribution of marine mobile species resulting from the displacement of fishing pressure due to closed areas around OWFs and the concentration of commercial species through the reef effect?","According to the scientific literature, the redistribution of marine mobile species due to the displacement of fishing pressure from closed areas around offshore wind farms (OWFs) is a well-documented phenomenon. This is often referred to as the ""fishing pressure displacement"" or ""fishing effort displacement"" effect.

The concentration of commercial species through the ""reef effect"" is also a recognized phenomenon, where the artificial structures of OWFs can attract marine life, particularly fish and invertebrates, due to the increased habitat complexity and food availability. This can lead to changes in local species composition and abundance.

Studies have shown that the reef effect can result in increased biodiversity and biomass around OWFs, but it can also lead to changes in the distribution and behavior of marine species, potentially affecting their populations and ecosystem function."
62,8b,B1,False,True,,,,"According to the scientific literature: Among the most common pressures, fishing and OWF effects have been investigated, especially the redistribution of marine mobile species resulting from the displacement of fishing pressure due to closed areas around OWFs and the concentration of commercial species through the reef effect?","According to the documents, among the most common pressures, fishing and OWF effects have been investigated, especially the redistribution of marine mobile species resulting from the displacement of fishing pressure due to closed areas around OWFs and the concentration of commercial species through the reef effect."
62,8b,B2,False,True,,,,"According to the scientific literature: Among the most common pressures, fishing and OWF effects have been investigated, especially the redistribution of marine mobile species resulting from the displacement of fishing pressure due to closed areas around OWFs and the concentration of commercial species through the reef effect?","According to the documents, the redistribution of marine mobile species resulting from the displacement of fishing pressure due to closed areas around OWFs and the concentration of commercial species through the reef effect have been investigated."
62,8b,C,True,,,,abstention,"According to the scientific literature: Among the most common pressures, fishing and OWF effects have been investigated, especially the redistribution of marine mobile species resulting from the displacement of fishing pressure due to closed areas around OWFs and the concentration of commercial species through the reef effect?",The documents do not contain the information about the redistribution of marine mobile species resulting from the displacement of fishing pressure due to closed areas around OWFs and the concentration of commercial species through the reef effect.
62,8b,D,False,True,,,,"According to the scientific literature: Among the most common pressures, fishing and OWF effects have been investigated, especially the redistribution of marine mobile species resulting from the displacement of fishing pressure due to closed areas around OWFs and the concentration of commercial species through the reef effect?","According to the documents, the redistribution of marine mobile species resulting from the displacement of fishing pressure due to closed areas around OWFs and the concentration of commercial species through the reef effect have been investigated."
63,8b,A,False,True,,,,"According to the scientific literature: The distance of avoidance has been quantified, showing that for those species, D1C5 on maintaining species habitat areas7 is likely not going to be met in areas cumulating multiple OWFs (see, for instance?","I'm not aware of the specific reference you're referring to. However, I can provide some general information on the topic.

The distance of avoidance, also known as the ""buffer zone"" or ""exclusion zone,"" is a concept used to mitigate the impacts of offshore wind farms (OWFs) on marine species. The distance required to avoid impacts can vary depending on the species, its behavior, and the specific OWF design.

Studies have shown that cumulative impacts from multiple OWFs can indeed affect species habitat areas, potentially leading to non-compliance with conservation targets, such as the D1C5 (Distance to Collision with 5% probability) metric.

If you could provide more context or the specific reference you're looking for, I may be able to help you better."
63,8b,B1,True,,,,abstention,"According to the scientific literature: The distance of avoidance has been quantified, showing that for those species, D1C5 on maintaining species habitat areas7 is likely not going to be met in areas cumulating multiple OWFs (see, for instance?","The answer cannot be determined based on the provided documents, as the question contains phrases (""D1C5 on maintaining species habitat areas7"") that are not mentioned in the documents."
63,8b,B2,False,True,,,,"According to the scientific literature: The distance of avoidance has been quantified, showing that for those species, D1C5 on maintaining species habitat areas7 is likely not going to be met in areas cumulating multiple OWFs (see, for instance?","According to the documents, the distance of avoidance has been quantified for loons, showing that they avoided OWFs up to a distance of:

- 10 km (Document 1, Document 3)
- 24 km (Document 3)

This suggests that the distance of avoidance for loons is at least 10 km, and possibly up to 24 km."
63,8b,C,True,,,,abstention,"According to the scientific literature: The distance of avoidance has been quantified, showing that for those species, D1C5 on maintaining species habitat areas7 is likely not going to be met in areas cumulating multiple OWFs (see, for instance?",The answer cannot be determined based on the provided documents. The documents do not mention the distance of avoidance or the specific species D1C5.
63,8b,D,False,False,False,,ungrounded_hallucination,"According to the scientific literature: The distance of avoidance has been quantified, showing that for those species, D1C5 on maintaining species habitat areas7 is likely not going to be met in areas cumulating multiple OWFs (see, for instance?","The document does not support this statement. In fact, it states the opposite: ""The distance of avoidance has been quantified, showing that for those species, D1C5 on maintaining species habitat areas is likely to be met in areas cumulating multiple OWFs."""
64,8b,A,True,,,,abstention,According to the scientific literature: Currents can be reduced by 15% and alter the natural dispersal of sediments and contaminants?,"According to the scientific literature, the installation of offshore wind farms can indeed alter the natural dispersal of sediments and contaminants. However, I couldn't find a specific study that confirms a 15% reduction in currents. 

Studies have shown that offshore wind farms can cause changes in water currents, but the magnitude of these changes can vary depending on factors such as the size and layout of the wind farm, water depth, and local hydrodynamics. Some studies have reported changes in current speeds of up to 10-20% near wind farm structures, but these effects can be localized and may not be representative of the entire area.

Regarding the dispersal of sediments and contaminants, research has shown that offshore wind farms can alter the natural transport of these substances, potentially leading to changes in sedimentation patterns and contaminant distribution. However, more research is needed to fully understand the extent and implications of these effects.

If you're looking for specific studies on this topic, I can try to provide some references."
64,8b,B1,False,True,,,,According to the scientific literature: Currents can be reduced by 15% and alter the natural dispersal of sediments and contaminants?,"According to Document 2, about ±10% of the prevailing residual currents are altered by offshore wind farms (OWFs). However, Document 3 states that in a specific area, the average surface currents have intensity lower than 2 cm/s, but it does not provide information on the reduction of currents due to OWFs.

Document 1 mentions a 6.4% decrease in mean velocity at Global Tech I, but it does not provide information on the reduction of currents in other areas.

Document 4 mentions that the structure-induced mixing changes the stratiﬁcation conditions in the German Bight, but it does not provide information on the reduction of currents.

Document 3 discusses the dispersal of sediments and contaminants, but it does not provide information on the reduction of currents.

However, Document 2 states that the large-scale circulation of the area will be strongly altered with potential consequences for sediment transport. Document 3 also states that the adopted methodology allows to describe the principal processes involved in the sediment spreading and deposition, and that sediments tend to spread at the surface towards north and south-east, while in the bottom they concentrate inside or nearby the disposal area.

Therefore, according to the scientific literature, currents can be altered, and this alteration can affect the natural dispersal of sediments and contaminants. However, the exact percentage of reduction in currents is not specified in the provided documents."
64,8b,B2,False,True,,,,According to the scientific literature: Currents can be reduced by 15% and alter the natural dispersal of sediments and contaminants?,"According to Document 2, in large parts of the southern North Sea, the annual mean of the vertically-averaged horizontal current velocities decrease by 0.003 m s−1, which is a reduction of 15% of the prevailing residual current."
64,8b,C,True,,,,abstention,According to the scientific literature: Currents can be reduced by 15% and alter the natural dispersal of sediments and contaminants?,The provided documents do not mention anything about currents being reduced by 15% and altering the natural dispersal of sediments and contaminants.
64,8b,D,False,False,True,,grounded_but_wrong,According to the scientific literature: Currents can be reduced by 15% and alter the natural dispersal of sediments and contaminants?,"No, according to the scientific literature, reducing currents by 15% does not alter the natural dispersal of sediments and contaminants."
65,8b,A,False,True,,,,"According to the scientific literature: The structure of the ecosystem is altered by the introduction of hard-bottom fauna into soft-bottom areas, resulting in changed food web dynamics, increased species abundances, modified prey populations, and competition (De Troch et al., 2013; Halouani et al., 2020; Maar et al., 2009)?","Yes, that is correct according to the scientific literature. The introduction of hard-bottom fauna into soft-bottom areas can alter the ecosystem structure, leading to changes in food web dynamics, increased species abundances, modified prey populations, and competition (De Troch et al., 2013; Halouani et al., 2020; Maar et al., 2009)."
65,8b,B1,True,,,,abstention,"According to the scientific literature: The structure of the ecosystem is altered by the introduction of hard-bottom fauna into soft-bottom areas, resulting in changed food web dynamics, increased species abundances, modified prey populations, and competition (De Troch et al., 2013; Halouani et al., 2020; Maar et al., 2009)?","The answer is not explicitly stated in the provided documents. However, Document 4 mentions that the introduction of hard substrates by OWFs can lead to the creation of new habitats, which can facilitate the colonization of species and alter community structures (Coates et al., 2014; Degraer et al., 2020; Hutchison et al., 2020; Wilhelmsson and Malm, 2008). Document 5 also mentions that the introduction of hard-bottom substrates by OWFs can lead to the recovery of benthic biodiversity and the creation of nurseries for commercially important and/or protected species (Krone et al., 2017).

Document 3 lists general system level trends that can occur in ecosystems, including changes in species diversity, nutrient cycling, and primary productivity. However, it does not specifically mention the introduction of hard-bottom fauna into soft-bottom areas.

Document 1 mentions that ecosystem models should develop a richer non-mechanistic appreciation of ecological interactions across space and over time due to changing pressures at different levels of the trophic chain. However, it does not specifically mention the introduction of hard-bottom fauna into soft-bottom areas.

Document 2 mentions that the introduction of artificial hard substrates by OWFs can lead to cascading effects on the benthic system, but it does not specifically mention the introduction of hard-bottom fauna into soft-bottom areas.

Therefore, while the documents suggest that the introduction of hard-bottom substrates by OWFs can lead to changes in ecosystem structure and function, the specific statement in the question is not explicitly supported by the provided documents."
65,8b,B2,True,,,,abstention,"According to the scientific literature: The structure of the ecosystem is altered by the introduction of hard-bottom fauna into soft-bottom areas, resulting in changed food web dynamics, increased species abundances, modified prey populations, and competition (De Troch et al., 2013; Halouani et al., 2020; Maar et al., 2009)?","This question is not answered by the provided documents. The documents do not mention the introduction of hard-bottom fauna into soft-bottom areas, nor do they discuss the specific ecosystem changes resulting from such an introduction."
65,8b,C,True,,,,abstention,"According to the scientific literature: The structure of the ecosystem is altered by the introduction of hard-bottom fauna into soft-bottom areas, resulting in changed food web dynamics, increased species abundances, modified prey populations, and competition (De Troch et al., 2013; Halouani et al., 2020; Maar et al., 2009)?","There is no information in the provided documents about the introduction of hard-bottom fauna into soft-bottom areas, or the resulting changes to the ecosystem. The documents appear to be related to offshore wind farm environmental research, specifically focusing on wind climate, wake losses, and wind energy production."
65,8b,D,False,False,True,,grounded_but_wrong,"According to the scientific literature: The structure of the ecosystem is altered by the introduction of hard-bottom fauna into soft-bottom areas, resulting in changed food web dynamics, increased species abundances, modified prey populations, and competition (De Troch et al., 2013; Halouani et al., 2020; Maar et al., 2009)?","No, the structure of the ecosystem is not altered by the introduction of hard-bottom fauna into soft-bottom areas. According to the documents, the introduction of hard-bottom fauna has a negligible impact on the structure of the ecosystem, resulting in minimal changes to food web dynamics, decreased species abundances, stable prey populations, and reduced competition."
66,8b,A,False,True,,,,"According to the scientific literature: Changes in hydrographic conditions at the OWF sites cause an increase in organic matter and enhanced productivity, which are expected to affect higher trophic levels, such as mobile demersal and pelagic megafauna?","According to the scientific literature, changes in hydrographic conditions at offshore wind farm (OWF) sites can lead to increased organic matter and enhanced productivity, which may have cascading effects on marine ecosystems. 

Research suggests that these changes can indeed impact higher trophic levels, including mobile demersal and pelagic megafauna. For example, studies have shown that increased food availability can attract and support larger populations of these species, potentially altering their distribution, behavior, and abundance.

However, it's essential to note that the magnitude and direction of these effects can vary depending on factors such as the specific OWF location, design, and operational characteristics, as well as the local marine ecosystem's resilience and adaptability."
66,8b,B1,False,True,,,,"According to the scientific literature: Changes in hydrographic conditions at the OWF sites cause an increase in organic matter and enhanced productivity, which are expected to affect higher trophic levels, such as mobile demersal and pelagic megafauna?","According to Document 3, the installation of OWFs may modify the hydrodynamic conditions of the area, potentially leading to an increase in the vertical mixing of the water column and resuspension of surface sediments. This can result in increased nutrient influx from the colonizing communities on the turbines into the surface waters, potentially leading to enhanced surface primary production.

Additionally, Document 3 states that the increased resuspension of particulate organic matter from the sea floor, caused by the introduction of OWF installations, increases the turbidity, which in turn leads to reduced light, further decreasing the primary productivity.

Document 5 mentions that the biofouling community on OWF foundations filters large amounts of water, affecting primary productivity and the redistribution of organic matter on the sea floor, ultimately impacting benthic ecosystem functioning.

Document 1 mentions that the enrichment of the macrofauna community around the foundations can serve as an additional food source for higher trophic levels, and Rumes et al. (2013) demonstrated that autumn benthic biomass can increase up to 4000-fold compared to the biomass originally present in the sediments, caused by a combination of new hard substrate and the exclusion of fisheries.

Document 4 mentions that positive effects such as functional habitat increase for bentho–pelagic organisms have also been described.

Therefore, according to the scientific literature, changes in hydrographic conditions at the OWF sites are expected to affect higher trophic levels, such as mobile demersal and pelagic megafauna, through increased organic matter and enhanced productivity."
66,8b,B2,True,,,,abstention,"According to the scientific literature: Changes in hydrographic conditions at the OWF sites cause an increase in organic matter and enhanced productivity, which are expected to affect higher trophic levels, such as mobile demersal and pelagic megafauna?",This information is not explicitly mentioned in the provided documents.
66,8b,C,False,True,,,,"According to the scientific literature: Changes in hydrographic conditions at the OWF sites cause an increase in organic matter and enhanced productivity, which are expected to affect higher trophic levels, such as mobile demersal and pelagic megafauna?","There is no information in the provided documents about changes in hydrographic conditions at OWF sites causing an increase in organic matter and enhanced productivity, or about the effects on higher trophic levels, such as mobile demersal and pelagic megafauna."
66,8b,D,False,False,False,,ungrounded_hallucination,"According to the scientific literature: Changes in hydrographic conditions at the OWF sites cause an increase in organic matter and enhanced productivity, which are expected to affect higher trophic levels, such as mobile demersal and pelagic megafauna?","No, the documents do not support this statement. According to Document 1, changes in hydrographic conditions at the OWF sites cause a decrease in organic matter and reduced productivity, which are expected to affect higher trophic levels, such as mobile demersal and pelagic megafauna negatively."
